# Blender 5.0.1
# www.blender.org
o tripo_node_afd36268-4fc1-4313-b8c0-d8a6defb5ca0
v 0.000115 -0.274445 0.365356 0.0980 0.1020 0.1098
v 0.000143 0.408966 -0.081566 0.0824 0.1255 0.1882
v 0.000212 -0.339783 0.424011 0.0824 0.0980 0.1373
v 0.000283 -0.242783 0.333832 0.0235 0.0353 0.0549
v 0.000350 -0.239990 -0.087303 0.1412 0.0863 0.0392
v 0.000363 -0.134766 0.233582 0.0353 0.0471 0.0667
v 0.000371 0.121841 0.237854 0.0510 0.0824 0.1569
v 0.000380 0.210388 -0.249298 0.0824 0.0980 0.1451
v 0.000528 0.384460 0.137421 0.0157 0.1294 0.2706
v 0.000528 -0.169388 0.225479 0.0471 0.0588 0.0706
v 0.000657 -0.237289 -0.346100 0.0275 0.0314 0.0510
v 0.000664 -0.309753 0.179504 0.1922 0.1216 0.0706
v 0.000762 -0.208328 -0.098770 0.1804 0.1059 0.0510
v 0.000800 -0.167526 0.129898 0.3608 0.2157 0.1294
v 0.000835 -0.319305 0.200211 0.0667 0.0510 0.0392
v 0.000927 0.099487 0.223663 0.0706 0.0745 0.1412
v 0.000983 0.421234 -0.036629 0.0549 0.1020 0.1569
v 0.000988 -0.285095 0.370605 0.0863 0.0941 0.0941
v 0.001210 -0.221252 0.337067 0.0235 0.0353 0.0706
v 0.001287 0.426575 -0.002703 0.0510 0.1059 0.1725
v 0.001343 0.387024 -0.127670 0.1490 0.2118 0.3137
v 0.001538 -0.222183 -0.209061 0.0392 0.0431 0.0627
v 0.001971 0.180237 0.256927 0.0549 0.0667 0.1333
v 0.002134 0.308929 0.225082 0.1059 0.1412 0.2078
v 0.002177 -0.018559 0.197830 0.6315 0.3686 0.2784
v 0.002223 -0.202591 0.338135 0.0235 0.0392 0.0745
v 0.002350 -0.250061 0.269653 0.0667 0.0706 0.0863
v 0.002402 0.159241 -0.244095 0.0863 0.1020 0.1490
v 0.002446 -0.431000 0.358459 0.0784 0.0824 0.0980
v 0.002469 -0.241104 0.107559 0.3843 0.2078 0.1059
v 0.002504 0.223053 0.260651 0.0784 0.0941 0.1490
v 0.002527 -0.244522 0.300934 0.0627 0.0667 0.0824
v 0.002581 -0.188858 -0.205612 0.0196 0.0471 0.0863
v 0.002718 -0.302979 0.359406 0.0235 0.0275 0.0353
v 0.002801 -0.252747 -0.310730 0.0627 0.0627 0.0706
v 0.002816 -0.252197 0.208008 0.0706 0.0627 0.0667
v 0.002974 0.331635 0.207001 0.0824 0.1059 0.1686
v 0.002982 -0.109886 0.142761 0.4510 0.2745 0.1765
v 0.003007 -0.188553 -0.105278 0.1686 0.0980 0.0471
v 0.003013 -0.124466 0.236160 0.0392 0.0510 0.0667
v 0.003036 0.010825 0.197205 0.7686 0.5843 0.4823
v 0.003234 -0.215790 -0.163742 0.0275 0.0392 0.0667
v 0.003424 0.232132 -0.246704 0.0941 0.1059 0.1647
v 0.003425 0.419250 -0.046513 0.0588 0.1059 0.1530
v 0.003436 -0.235962 -0.363617 0.0314 0.0510 0.0980
v 0.003542 0.270874 0.245682 0.1255 0.1490 0.2078
v 0.003638 -0.092300 0.146362 0.4980 0.3176 0.2235
v 0.003650 -0.431000 -0.250854 0.0784 0.0863 0.0902
v 0.003678 -0.267212 -0.157532 0.0392 0.0471 0.0588
v 0.003740 -0.246231 0.287476 0.0784 0.0824 0.0980
v 0.003895 0.034145 -0.179993 0.4745 0.3882 0.3568
v 0.003971 0.004838 -0.174896 0.5686 0.4863 0.4745
v 0.004008 0.405670 -0.090424 0.1137 0.1569 0.2314
v 0.004166 0.355408 0.181030 0.0549 0.0902 0.1530
v 0.004245 0.312073 -0.208038 0.1922 0.2823 0.3921
v 0.004290 0.054039 0.199097 0.7764 0.6039 0.5137
v 0.004314 -0.267059 0.349976 0.0941 0.0980 0.1137
v 0.004348 0.426788 0.051033 0.1098 0.3019 0.5019
v 0.004357 -0.017136 0.181244 0.5294 0.2941 0.2235
v 0.004364 -0.008726 -0.168549 0.4980 0.3921 0.3529
v 0.004485 -0.336090 0.415161 0.0824 0.0980 0.1412
v 0.004617 -0.163757 0.239853 0.0745 0.0784 0.0941
v 0.004817 -0.428040 -0.499268 0.0667 0.0784 0.1098
v 0.004950 0.370819 0.160858 0.0431 0.0902 0.1530
v 0.004952 0.251190 0.253998 0.0941 0.1059 0.1647
v 0.004991 0.206131 -0.245560 0.0941 0.1098 0.1569
v 0.004992 -0.278778 0.098930 0.3019 0.1647 0.0784
v 0.004999 -0.192978 0.344086 0.0275 0.0392 0.0863
v 0.005043 -0.358704 0.438385 0.0824 0.0980 0.1333
v 0.005063 -0.146988 0.134003 0.4118 0.2392 0.1490
v 0.005099 0.178009 -0.247528 0.0941 0.1098 0.1569
v 0.005154 0.114716 0.234894 0.0431 0.0745 0.1490
v 0.005184 0.162384 0.253540 0.0471 0.0667 0.1412
v 0.005219 0.337677 -0.186584 0.1961 0.2863 0.4118
v 0.005238 -0.200012 -0.168060 0.0314 0.0392 0.0824
v 0.005313 -0.205490 0.235626 0.0471 0.0510 0.0667
v 0.005441 -0.259491 0.330261 0.0196 0.0314 0.0431
v 0.005487 -0.111786 -0.184814 0.0353 0.0471 0.0824
v 0.005621 0.135773 -0.236359 0.0863 0.1020 0.1490
v 0.005706 0.051102 -0.187180 0.3176 0.2235 0.2157
v 0.005853 -0.199112 0.215744 0.0627 0.0667 0.0745
v 0.005875 0.248154 -0.242691 0.0980 0.1137 0.1686
v 0.005910 -0.238358 0.241333 0.0471 0.0510 0.0667
v 0.006074 0.369202 -0.155746 0.1647 0.2314 0.3490
v 0.006104 0.074287 0.210159 0.5804 0.2941 0.1961
v 0.006145 -0.230545 -0.260620 0.0627 0.0745 0.0941
v 0.006155 0.389038 0.125229 0.0706 0.2667 0.4589
v 0.006222 -0.276184 -0.155334 0.0706 0.0706 0.0706
v 0.006455 -0.427795 0.491180 0.0784 0.0902 0.1176
v 0.006553 -0.266541 -0.076691 0.1059 0.0706 0.0392
v 0.006649 -0.009007 0.198349 0.6510 0.4157 0.3255
v 0.006725 0.018324 -0.174957 0.4706 0.3804 0.3647
v 0.006754 0.381226 -0.140381 0.1373 0.2000 0.3019
v 0.006831 -0.101234 -0.137939 0.3255 0.2157 0.1686
v 0.006846 -0.311462 0.166183 0.1882 0.1137 0.0667
v 0.006850 -0.192810 0.228333 0.0510 0.0627 0.0667
v 0.007085 0.279358 -0.225723 0.1020 0.1530 0.2196
v 0.007101 -0.139175 -0.124115 0.2157 0.1294 0.0745
v 0.007161 -0.262085 -0.073639 0.1098 0.0745 0.0392
v 0.007252 -0.249924 -0.158508 0.0314 0.0431 0.0627
v 0.007290 -0.125153 -0.182999 0.0314 0.0431 0.0667
v 0.007346 0.300049 -0.215729 0.1647 0.2314 0.3216
v 0.007360 -0.269653 -0.079834 0.1020 0.0745 0.0431
v 0.007611 -0.127594 0.243912 0.0667 0.0824 0.0863
v 0.007615 -0.225433 0.108223 0.3490 0.1922 0.0941
v 0.007659 -0.111694 -0.193756 0.0667 0.0784 0.1059
v 0.007661 0.174271 0.257660 0.0471 0.0667 0.1412
v 0.007665 0.213882 0.255737 0.0667 0.0784 0.1373
v 0.007716 -0.257812 0.256165 0.0549 0.0588 0.0667
v 0.007725 0.263489 -0.235275 0.1098 0.1373 0.2078
v 0.007850 -0.248322 0.309631 0.0196 0.0235 0.0392
v 0.007880 -0.431030 -0.498352 0.0627 0.0784 0.0980
v 0.007946 -0.325684 0.192215 0.0784 0.0431 0.0471
v 0.007970 0.289154 0.231125 0.1137 0.1451 0.2118
v 0.008221 0.425537 0.036236 0.0549 0.1922 0.3333
v 0.008257 0.424591 0.003434 0.0431 0.1098 0.1804
v 0.008417 0.260925 0.246658 0.0980 0.1098 0.1765
v 0.008444 0.016998 0.192535 0.7529 0.5647 0.4392
v 0.008519 -0.241165 -0.343414 0.0275 0.0353 0.0510
v 0.008533 0.314423 0.215546 0.0745 0.1059 0.1686
v 0.008533 0.395050 0.108154 0.0039 0.1647 0.3216
v 0.008580 0.164444 -0.242661 0.0863 0.1020 0.1490
v 0.008614 -0.108086 -0.190811 0.0392 0.0510 0.0824
v 0.008624 -0.380127 -0.482758 0.0471 0.0627 0.1059
v 0.008650 -0.310150 0.364990 0.0863 0.0902 0.1059
v 0.008707 0.339935 0.194565 0.0627 0.0824 0.1530
v 0.008784 0.228424 -0.241959 0.0902 0.1020 0.1608
v 0.008841 -0.253815 -0.347260 0.0235 0.0353 0.0627
v 0.008930 -0.144699 0.242920 0.0784 0.0941 0.0902
v 0.008940 -0.382507 0.455627 0.0824 0.0941 0.1216
v 0.008941 -0.223495 -0.247360 0.0588 0.0706 0.1020
v 0.009073 0.044811 -0.195770 0.1373 0.0824 0.1176
v 0.009131 0.412048 0.085213 0.2196 0.4667 0.6706
v 0.009259 -0.273926 -0.110077 0.0941 0.0745 0.0588
v 0.009297 0.054710 -0.200912 0.1255 0.0824 0.1137
v 0.009307 0.246979 0.250732 0.0863 0.0980 0.1490
v 0.009566 -0.230362 -0.080658 0.1569 0.0941 0.0353
v 0.009603 -0.225800 -0.351868 0.0078 0.0196 0.0549
v 0.009626 0.123070 -0.233124 0.0824 0.0980 0.1412
v 0.009793 -0.201065 0.349060 0.0980 0.1137 0.1412
v 0.009821 0.368683 0.161011 0.0392 0.0863 0.1451
v 0.009887 -0.257782 0.340729 0.0980 0.1020 0.1176
v 0.009905 0.112968 -0.225952 0.0824 0.0941 0.1412
v 0.009918 0.418671 0.071884 0.3098 0.5255 0.7451
v 0.009993 -0.259277 -0.322144 0.0275 0.0314 0.0392
v 0.010049 -0.017897 0.172333 0.6079 0.4039 0.3216
v 0.010410 -0.354492 -0.467926 0.0431 0.0667 0.1098
v 0.010458 -0.265411 -0.334808 0.0235 0.0353 0.0471
v 0.010460 0.199265 -0.247391 0.0941 0.1098 0.1569
v 0.010537 -0.431000 -0.093369 0.0863 0.0863 0.0980
v 0.010613 -0.128448 0.137573 0.4353 0.2549 0.1412
v 0.010700 -0.006801 -0.166855 0.4980 0.4235 0.4000
v 0.010879 -0.229599 -0.365356 0.0392 0.0627 0.1176
v 0.010922 -0.295624 0.365479 0.0784 0.0784 0.0784
v 0.010962 -0.302612 -0.423889 0.0431 0.0627 0.0980
v 0.011022 -0.170792 -0.176498 0.0314 0.0471 0.0863
v 0.011265 -0.252380 -0.067772 0.1216 0.0784 0.0353
v 0.011270 -0.216888 0.237442 0.0510 0.0549 0.0706
v 0.011368 0.380890 0.141525 0.0196 0.0980 0.1961
v 0.011387 -0.145462 -0.197937 0.0549 0.0706 0.1020
v 0.011660 0.141678 0.248718 0.0392 0.0706 0.1451
v 0.011786 0.402374 -0.106476 0.1098 0.1686 0.2627
v 0.011886 0.245758 -0.237823 0.0902 0.1059 0.1608
v 0.011976 0.416199 -0.064262 0.0706 0.1098 0.1569
v 0.012100 0.009571 -0.172073 0.4745 0.3961 0.3882
v 0.012242 -0.219513 0.210846 0.0588 0.0667 0.0784
v 0.012279 0.105064 0.227234 0.0549 0.0784 0.1412
v 0.012340 -0.170456 -0.108795 0.1804 0.1098 0.0549
v 0.012435 0.424042 0.053337 0.0980 0.3137 0.5098
v 0.012440 -0.242615 -0.286133 0.0627 0.0784 0.1059
v 0.012488 0.290131 0.232758 0.0941 0.1216 0.1922
v 0.012699 0.411713 -0.082130 0.1059 0.1490 0.2118
v 0.012742 0.081436 -0.207001 0.1059 0.0863 0.1098
v 0.012958 0.194550 0.259308 0.0510 0.0627 0.1216
v 0.013013 0.163437 0.251953 0.0549 0.0745 0.1490
v 0.013097 -0.227081 -0.251770 0.0588 0.0706 0.1020
v 0.013246 0.132172 0.246597 0.0471 0.0784 0.1530
v 0.013319 0.001524 0.187378 0.7020 0.5059 0.3921
v 0.013333 0.220749 -0.242508 0.0980 0.1059 0.1569
v 0.013364 0.391235 -0.125977 0.1686 0.2235 0.3176
v 0.013436 -0.281738 -0.135574 0.0784 0.0745 0.0549
v 0.013620 -0.299713 0.118271 0.2353 0.1333 0.0627
v 0.013639 -0.312317 -0.435364 0.0392 0.0667 0.1059
v 0.013722 -0.265717 0.085434 0.3019 0.1608 0.0784
v 0.013734 -0.205185 -0.090546 0.1765 0.1020 0.0471
v 0.014012 -0.258942 0.324646 0.0196 0.0235 0.0392
v 0.014124 -0.329651 0.179977 0.0510 0.0471 0.0353
v 0.014140 -0.284210 0.079651 0.2471 0.1333 0.0627
v 0.014182 0.274445 0.241867 0.1059 0.1333 0.1961
v 0.014256 0.400604 -0.108894 0.1294 0.1765 0.2706
v 0.014327 0.096390 -0.214584 0.0941 0.0863 0.1373
v 0.014627 -0.310638 0.344543 0.0196 0.0196 0.0275
v 0.014661 -0.285217 0.364441 0.0902 0.0902 0.0980
v 0.014688 -0.322296 0.193039 0.0863 0.0706 0.0588
v 0.014723 -0.249039 -0.334381 0.0275 0.0314 0.0392
v 0.014724 -0.239548 0.331116 0.0235 0.0353 0.0627
v 0.014861 0.305908 -0.209839 0.1530 0.2235 0.3451
v 0.014891 -0.292450 -0.406281 0.0431 0.0588 0.1020
v 0.014950 -0.277130 -0.060669 0.1059 0.0706 0.0353
v 0.015066 -0.159683 -0.178833 0.0314 0.0431 0.0745
v 0.015124 -0.267761 0.245682 0.0549 0.0588 0.0745
v 0.015125 -0.278442 -0.372955 0.0510 0.0627 0.0980
v 0.015364 -0.413391 -0.495270 0.0431 0.0627 0.1059
v 0.015374 0.022547 0.190125 0.7372 0.5569 0.4314
v 0.015517 -0.012315 0.176239 0.6236 0.3961 0.3176
v 0.015656 -0.209930 -0.164062 0.0314 0.0431 0.0745
v 0.016239 -0.125748 0.242294 0.0353 0.0471 0.0667
v 0.016277 0.202530 -0.240875 0.0745 0.0902 0.1373
v 0.016283 0.372375 -0.148956 0.1294 0.1922 0.2902
v 0.016285 0.022961 -0.177795 0.2471 0.1804 0.1961
v 0.016378 -0.204102 0.110054 0.3529 0.2078 0.1059
v 0.016453 -0.326874 0.383911 0.0902 0.0980 0.1176
v 0.016460 0.216751 0.258911 0.0745 0.0863 0.1451
v 0.016499 0.336884 0.195389 0.0667 0.0902 0.1451
v 0.016802 0.259705 -0.230927 0.1020 0.1216 0.1961
v 0.016918 0.291107 0.231781 0.1216 0.1490 0.2118
v 0.017239 0.247696 0.251923 0.0941 0.1059 0.1608
v 0.017332 -0.236267 0.207825 0.0667 0.0667 0.0667
v 0.017336 -0.266785 -0.327728 0.0157 0.0235 0.0471
v 0.017376 -0.251648 0.085907 0.2902 0.1451 0.0667
v 0.017412 0.065208 0.199982 0.6079 0.3137 0.2196
v 0.017479 -0.127106 -0.128494 0.2314 0.1490 0.0863
v 0.017481 0.281311 -0.223892 0.1569 0.2039 0.2902
v 0.017569 -0.256012 -0.055389 0.1216 0.0745 0.0353
v 0.017618 0.040375 0.193161 0.7451 0.5764 0.4510
v 0.017691 0.354767 -0.162018 0.1490 0.2157 0.3176
v 0.017708 0.421631 -0.016411 0.0510 0.1020 0.1569
v 0.017817 -0.264984 0.338074 0.0941 0.0980 0.1137
v 0.017981 -0.231171 -0.157104 0.0275 0.0392 0.0745
v 0.017994 -0.269470 0.247284 0.0549 0.0588 0.0745
v 0.018072 -0.270142 0.202194 0.0745 0.0745 0.0706
v 0.018465 0.076065 0.213989 0.1333 0.0588 0.0980
v 0.018473 -0.142776 0.234558 0.0392 0.0549 0.0706
v 0.018797 -0.232635 -0.070335 0.1451 0.0902 0.0392
v 0.018826 0.308716 0.218628 0.0980 0.1255 0.1882
v 0.018862 0.360138 0.170944 0.0392 0.0745 0.1216
v 0.019005 -0.127914 0.244324 0.0392 0.0471 0.0745
v 0.019075 -0.200378 -0.204239 0.0235 0.0431 0.0824
v 0.019165 -0.250610 0.290894 0.0784 0.0824 0.0980
v 0.019341 -0.130203 0.239304 0.0353 0.0471 0.0667
v 0.019457 0.294220 -0.219696 0.1490 0.2078 0.3019
v 0.019535 -0.305542 0.355682 0.0118 0.0118 0.0196
v 0.019583 -0.270386 -0.045185 0.1020 0.0706 0.0275
v 0.019766 -0.282928 -0.074852 0.0863 0.0745 0.0510
v 0.019871 -0.220398 0.349579 0.0980 0.1098 0.1294
v 0.019960 0.144714 -0.242188 0.0902 0.1059 0.1530
v 0.019972 0.038887 -0.195297 0.1412 0.0902 0.1255
v 0.019983 0.383362 -0.130554 0.1569 0.2157 0.2980
v 0.020113 0.180069 0.251068 0.0471 0.0706 0.1333
v 0.020147 -0.258698 -0.325592 0.0275 0.0314 0.0471
v 0.020277 -0.431030 0.445587 0.0784 0.0824 0.0980
v 0.020546 0.021112 -0.186813 0.1804 0.1137 0.1451
v 0.020554 -0.179337 0.117188 0.3529 0.2078 0.1216
v 0.020569 0.231094 -0.235931 0.0863 0.1020 0.1530
v 0.020613 -0.224030 -0.361572 0.0314 0.0471 0.0863
v 0.020630 -0.283081 -0.044540 0.0941 0.0667 0.0392
v 0.020643 -0.273712 -0.356995 0.0510 0.0627 0.0941
v 0.020706 -0.284607 -0.111961 0.0824 0.0706 0.0588
v 0.020729 -0.160492 0.240829 0.0784 0.0784 0.0863
v 0.020767 -0.327179 0.152100 0.0588 0.0471 0.0275
v 0.020855 -0.240601 -0.270111 0.0588 0.0706 0.1020
v 0.020998 -0.001559 0.180801 0.6980 0.4902 0.3725
v 0.021015 -0.236786 0.347961 0.1020 0.1059 0.1216
v 0.021082 -0.207748 0.336456 0.0118 0.0353 0.0706
v 0.021219 0.125534 0.242142 0.0431 0.0745 0.1490
v 0.021225 0.279297 0.236374 0.0902 0.1176 0.1843
v 0.021395 -0.275330 -0.039059 0.1020 0.0667 0.0314
v 0.021427 0.391907 0.111885 0.0510 0.2353 0.3882
v 0.021605 -0.227676 -0.217010 0.0314 0.0392 0.0588
v 0.021690 -0.195496 -0.091415 0.1843 0.1059 0.0510
v 0.021738 0.214615 0.252655 0.0667 0.0784 0.1373
v 0.021862 -0.331085 -0.450317 0.0431 0.0588 0.1020
v 0.022020 0.243179 0.250824 0.0902 0.1020 0.1569
v 0.022095 0.328461 -0.191696 0.1765 0.2706 0.3804
v 0.022097 0.209366 -0.240067 0.0941 0.1098 0.1569
v 0.022114 -0.431030 -0.009789 0.0824 0.0863 0.0941
v 0.022381 -0.259644 0.261810 0.0627 0.0667 0.0745
v 0.022383 -0.362732 0.430664 0.0824 0.0941 0.1176
v 0.022398 -0.247543 -0.291931 0.0667 0.0784 0.0980
v 0.022411 -0.266022 -0.323792 0.0353 0.0353 0.0431
v 0.022444 -0.114693 -0.186813 0.0235 0.0392 0.0667
v 0.022633 -0.114349 0.140320 0.4471 0.2667 0.1686
v 0.022654 0.126144 -0.235168 0.0745 0.0980 0.1451
v 0.022657 -0.276428 0.061504 0.1843 0.1137 0.0588
v 0.022902 0.164398 -0.240753 0.0863 0.1020 0.1490
v 0.022903 -0.216324 0.236115 0.0471 0.0510 0.0706
v 0.022951 -0.094276 0.147141 0.4980 0.3176 0.2196
v 0.023026 -0.428162 -0.500427 0.0588 0.0824 0.1098
v 0.023111 -0.226471 -0.227142 0.0667 0.0706 0.0980
v 0.023142 -0.119255 -0.182724 0.0235 0.0392 0.0706
v 0.023239 -0.391296 -0.487091 0.0353 0.0588 0.1059
v 0.023270 0.170547 0.254822 0.0627 0.0863 0.1490
v 0.023289 -0.414093 0.472565 0.0784 0.0902 0.1098
v 0.023302 0.404724 -0.088249 0.0863 0.1294 0.1922
v 0.023317 -0.330170 0.160843 0.0431 0.0392 0.0275
v 0.023335 0.416046 -0.054394 0.0627 0.0980 0.1490
v 0.023407 0.424164 0.013905 0.0471 0.1098 0.2039
v 0.023479 0.191086 -0.240936 0.0863 0.1020 0.1490
v 0.023878 0.156021 0.249161 0.0471 0.0667 0.1412
v 0.023937 0.253326 -0.229233 0.0824 0.1020 0.1608
v 0.023951 -0.286957 -0.031845 0.0902 0.0667 0.0392
v 0.023985 0.412384 -0.067345 0.0824 0.1137 0.1647
v 0.023993 0.071144 -0.203094 0.0980 0.0824 0.1059
v 0.024040 0.330597 0.197128 0.0706 0.0824 0.1333
v 0.024221 -0.428070 0.482758 0.0784 0.0902 0.1098
v 0.024256 0.199341 0.250153 0.0667 0.0784 0.1373
v 0.024317 -0.022604 0.173233 0.6197 0.4510 0.3568
v 0.024384 -0.262329 -0.038445 0.1098 0.0706 0.0314
v 0.024435 -0.235916 -0.206528 0.0353 0.0471 0.0706
v 0.024572 -0.261200 -0.317871 0.0510 0.0549 0.0588
v 0.024611 0.069649 0.209518 0.1294 0.0588 0.0941
v 0.024630 0.300232 0.221268 0.1020 0.1216 0.1843
v 0.024632 0.141281 -0.239044 0.0824 0.1059 0.1530
v 0.024681 -0.289734 0.045483 0.1373 0.0784 0.0353
v 0.024685 0.238541 -0.233185 0.0980 0.1137 0.1608
v 0.024900 0.004592 0.182861 0.6589 0.4628 0.3529
v 0.024944 -0.231812 -0.259186 0.0627 0.0745 0.1020
v 0.025101 -0.284912 0.355530 0.0941 0.0941 0.1020
v 0.025206 -0.120430 -0.191360 0.0549 0.0667 0.1020
v 0.025230 -0.229736 0.090836 0.3098 0.1686 0.0824
v 0.025337 0.370972 -0.151093 0.1804 0.2471 0.3529
v 0.025379 -0.241882 -0.056393 0.1294 0.0824 0.0353
v 0.025461 0.059769 0.205002 0.2314 0.1216 0.1059
v 0.025667 -0.046432 -0.162094 0.5216 0.4784 0.4667
v 0.025738 -0.226013 -0.355316 0.0235 0.0353 0.0667
v 0.025742 -0.385254 -0.484070 0.0353 0.0588 0.1059
v 0.025789 0.280182 -0.220398 0.0863 0.1216 0.1882
v 0.025841 -0.283325 -0.015091 0.0980 0.0627 0.0314
v 0.025858 0.344513 -0.177689 0.1294 0.2118 0.3255
v 0.026007 -0.252808 0.203247 0.0667 0.0706 0.0745
v 0.026028 -0.130920 0.241028 0.0353 0.0471 0.0667
v 0.026037 -0.175339 0.225433 0.0627 0.0667 0.0745
v 0.026079 0.373047 0.153427 0.0431 0.0745 0.1530
v 0.026096 -0.290558 -0.397491 0.0471 0.0627 0.1059
v 0.026192 -0.198639 0.226746 0.0510 0.0588 0.0549
v 0.026388 0.310059 -0.206818 0.1882 0.2706 0.3882
v 0.026428 0.361603 0.170303 0.0431 0.0627 0.1333
v 0.026463 -0.325256 0.128860 0.0471 0.0392 0.0314
v 0.026474 -0.154526 -0.114311 0.2039 0.1216 0.0667
v 0.026621 0.218109 -0.235184 0.1020 0.1137 0.1725
v 0.026670 -0.230286 -0.246567 0.0667 0.0784 0.1137
v 0.026674 -0.179947 -0.175278 0.0314 0.0431 0.0667
v 0.026756 -0.291077 -0.004676 0.0902 0.0706 0.0431
v 0.026873 -0.390656 0.452423 0.0824 0.0941 0.1137
v 0.026897 -0.266541 0.251068 0.0588 0.0627 0.0784
v 0.027105 -0.293488 0.043808 0.1333 0.0863 0.0392
v 0.027138 0.424896 0.036243 0.0824 0.2667 0.4392
v 0.027157 0.027891 0.191162 0.6432 0.4353 0.3098
v 0.027260 0.348633 0.187103 0.0588 0.0824 0.1373
v 0.027304 -0.056355 0.163025 0.6079 0.4314 0.3451
v 0.027353 0.261688 0.243988 0.0824 0.1059 0.1686
v 0.027355 -0.298645 0.065811 0.1725 0.1098 0.0588
v 0.027447 0.387451 -0.128464 0.1451 0.2000 0.3019
v 0.027731 0.150192 0.254730 0.0549 0.0784 0.1530
v 0.027737 -0.250183 0.323425 0.0235 0.0275 0.0431
v 0.027838 -0.318909 0.331207 0.0118 0.0118 0.0157
v 0.027878 -0.229706 -0.363739 0.0392 0.0549 0.0980
v 0.027988 -0.285919 0.014068 0.1059 0.0667 0.0275
v 0.028101 -0.149796 0.127167 0.4157 0.2314 0.1294
v 0.028101 -0.283203 -0.153809 0.0667 0.0667 0.0745
v 0.028151 0.403778 -0.098465 0.1412 0.1961 0.2745
v 0.028219 0.420135 -0.035049 0.0510 0.0941 0.1490
v 0.028446 -0.245468 -0.282501 0.0667 0.0745 0.0941
v 0.028454 0.111008 -0.228073 0.0784 0.0941 0.1412
v 0.028543 -0.129837 0.134705 0.4392 0.2588 0.1647
v 0.028633 0.042515 -0.194016 0.1294 0.0784 0.1137
v 0.028667 -0.321747 0.183945 0.0824 0.0784 0.0745
v 0.028692 0.396301 0.101891 0.0118 0.1412 0.2784
v 0.028719 0.416840 -0.060841 0.0627 0.0941 0.1451
v 0.028826 -0.326385 0.173508 0.0549 0.0549 0.0510
v 0.028954 -0.326538 0.359650 0.0784 0.0824 0.0980
v 0.028955 0.000824 -0.174484 0.3686 0.2941 0.3019
v 0.029011 0.219376 0.250916 0.0863 0.0980 0.1569
v 0.029202 0.339081 -0.184052 0.1686 0.2510 0.3725
v 0.029209 0.243591 -0.227997 0.0902 0.1098 0.1569
v 0.029211 -0.280304 0.036362 0.1216 0.0745 0.0235
v 0.029268 -0.247055 0.343048 0.0980 0.1020 0.1216
v 0.029312 -0.288818 -0.149246 0.0706 0.0706 0.0706
v 0.029345 -0.261932 0.061535 0.0902 0.0235 0.0078
v 0.029432 0.311584 0.212234 0.0784 0.0902 0.1569
v 0.029438 -0.231598 0.240845 0.0471 0.0510 0.0667
v 0.029459 -0.152100 -0.194672 0.0510 0.0667 0.1020
v 0.029478 -0.258453 0.271332 0.0667 0.0706 0.0824
v 0.029499 -0.275330 -0.007407 0.1059 0.0667 0.0275
v 0.029554 0.328857 0.197708 0.0667 0.0784 0.1373
v 0.029627 0.081848 -0.207001 0.0902 0.0863 0.1098
v 0.029676 -0.278442 -0.362976 0.0549 0.0667 0.1020
v 0.029810 0.108742 0.229919 0.0549 0.0667 0.1412
v 0.029821 0.408936 0.086624 0.0353 0.2471 0.4314
v 0.029861 -0.264618 0.333435 0.0980 0.1020 0.1137
v 0.030079 -0.186584 0.230347 0.0627 0.0667 0.0706
v 0.030134 -0.037678 0.169250 0.6236 0.4589 0.3725
v 0.030138 0.409576 -0.087952 0.1137 0.1569 0.2275
v 0.030212 -0.332764 0.373627 0.0863 0.0902 0.1059
v 0.030249 -0.232330 -0.348297 0.0157 0.0275 0.0510
v 0.030251 0.120644 -0.234482 0.0745 0.0980 0.1451
v 0.030268 -0.367218 -0.474121 0.0471 0.0667 0.1137
v 0.030313 -0.252899 -0.038845 0.1255 0.0784 0.0314
v 0.030317 -0.205994 -0.202286 0.0235 0.0431 0.0824
v 0.030394 -0.183380 -0.095734 0.1922 0.1176 0.0627
v 0.030409 -0.207870 0.099480 0.3059 0.1686 0.0863
v 0.030472 0.066368 -0.199158 0.1059 0.0784 0.1059
v 0.030512 0.400879 -0.109123 0.0941 0.1530 0.2392
v 0.030771 -0.248001 0.302826 0.0118 0.0157 0.0314
v 0.030779 0.197922 0.258545 0.0588 0.0706 0.1373
v 0.030800 -0.319061 0.097992 0.0471 0.0392 0.0275
v 0.030827 -0.293274 -0.138672 0.0627 0.0549 0.0588
v 0.030910 -0.299591 0.356415 0.0863 0.0863 0.0863
v 0.030970 -0.314270 0.339417 0.0196 0.0196 0.0196
v 0.031071 0.094681 0.220032 0.0588 0.0667 0.1059
v 0.031233 0.270111 -0.217361 0.0941 0.1216 0.1922
v 0.031242 -0.323608 0.344727 0.0784 0.0824 0.0902
v 0.031349 -0.133438 -0.126068 0.2392 0.1412 0.0784
v 0.031471 0.106110 -0.220734 0.0784 0.0902 0.1373
v 0.031605 -0.220428 -0.069122 0.1530 0.0941 0.0353
v 0.031746 -0.256012 0.284851 0.0745 0.0784 0.0941
v 0.031952 -0.417023 -0.495728 0.0431 0.0588 0.1059
v 0.032085 -0.121628 -0.132767 0.2745 0.1725 0.1137
v 0.032143 0.361450 -0.158905 0.1608 0.2235 0.3255
v 0.032169 -0.246033 0.246017 0.0471 0.0510 0.0667
v 0.032207 -0.213303 0.211258 0.0706 0.0745 0.0824
v 0.032276 0.038139 0.202133 0.1569 0.0784 0.1333
v 0.032284 0.381683 0.135056 0.0353 0.1373 0.2549
v 0.032543 -0.297577 -0.119591 0.0549 0.0549 0.0549
v 0.032654 -0.299896 -0.411285 0.0510 0.0627 0.1020
v 0.032661 0.291779 -0.211395 0.1098 0.1608 0.2471
v 0.032688 0.274597 0.234634 0.1020 0.1294 0.1922
v 0.032822 -0.281647 0.193649 0.0745 0.0745 0.0745
v 0.032833 0.381592 -0.139023 0.1176 0.1765 0.2745
v 0.032948 -0.297516 -0.113091 0.0549 0.0549 0.0549
v 0.033104 -0.223526 0.330353 0.0235 0.0353 0.0667
v 0.033154 -0.134735 0.246887 0.0784 0.0824 0.0980
v 0.033157 0.185898 0.255066 0.0510 0.0706 0.1333
v 0.033157 0.279602 0.232300 0.0902 0.1176 0.1804
v 0.033215 0.425018 0.022457 0.0275 0.1451 0.2706
v 0.033432 0.198975 -0.241837 0.0863 0.1020 0.1490
v 0.033516 -0.318756 -0.437225 0.0471 0.0667 0.1059
v 0.033566 0.139984 -0.238937 0.0824 0.1059 0.1530
v 0.033588 0.307861 -0.205536 0.1373 0.2078 0.3098
v 0.033733 -0.155975 0.232071 0.0471 0.0627 0.0745
v 0.034004 -0.209259 -0.076172 0.1647 0.0941 0.0471
v 0.034065 -0.273834 0.018736 0.1294 0.0745 0.0235
v 0.034096 -0.313049 0.072525 0.0588 0.0471 0.0314
v 0.034195 0.244690 0.247498 0.0863 0.1020 0.1530
v 0.034760 0.021151 -0.190231 0.1412 0.0784 0.1176
v 0.034805 -0.266998 0.042805 0.1490 0.0784 0.0314
v 0.034863 0.006412 0.185440 0.5725 0.3765 0.3059
v 0.034958 -0.238708 0.075058 0.2745 0.1333 0.0706
v 0.035038 -0.350189 0.401428 0.0824 0.0980 0.1098
v 0.035053 -0.300232 -0.069336 0.0471 0.0471 0.0392
v 0.035141 -0.256561 -0.351074 0.0118 0.0275 0.0431
v 0.035244 0.037144 -0.198547 0.1216 0.0784 0.1098
v 0.035366 -0.212082 0.344543 0.0863 0.1020 0.1373
v 0.035378 -0.309692 0.057766 0.0588 0.0471 0.0275
v 0.035450 0.175140 -0.244461 0.0980 0.1137 0.1608
v 0.035503 -0.431000 -0.356354 0.0863 0.0863 0.0941
v 0.035542 0.305756 0.213074 0.0941 0.1059 0.1647
v 0.035572 0.289124 0.228180 0.1020 0.1255 0.1843
v 0.036137 0.217499 0.258820 0.0627 0.0745 0.1333
v 0.036240 0.410339 -0.079155 0.0588 0.1059 0.1686
v 0.036297 -0.353760 -0.463043 0.0471 0.0627 0.1098
v 0.036453 0.328674 -0.190109 0.1569 0.2392 0.3529
v 0.036556 -0.431000 0.473877 0.0745 0.0863 0.1059
v 0.036568 -0.309113 0.346344 0.0392 0.0392 0.0392
v 0.036598 -0.360718 0.416046 0.0784 0.0941 0.1020
v 0.036621 0.123543 0.240341 0.0431 0.0706 0.1412
v 0.036701 0.329071 0.201508 0.0627 0.0745 0.1333
v 0.036804 -0.179932 -0.196228 0.0353 0.0510 0.0941
v 0.036884 0.194260 -0.244247 0.0863 0.1020 0.1490
v 0.036892 -0.302948 -0.046631 0.0431 0.0431 0.0353
v 0.036964 -0.211487 0.337494 0.0196 0.0353 0.0902
v 0.037014 0.056347 0.205658 0.1216 0.0745 0.1059
v 0.037041 0.173203 0.260742 0.0510 0.0745 0.1412
v 0.037067 0.396881 -0.110153 0.1333 0.1804 0.2627
v 0.037148 -0.282135 0.336975 0.0863 0.0863 0.0941
v 0.037186 0.064552 -0.205276 0.0941 0.0784 0.1059
v 0.037319 -0.305298 -0.018723 0.0431 0.0392 0.0314
v 0.037346 -0.257416 -0.020319 0.1255 0.0784 0.0314
v 0.037380 -0.244064 -0.204132 0.0314 0.0392 0.0549
v 0.037437 -0.268524 0.005884 0.1255 0.0706 0.0235
v 0.037525 -0.275208 -0.321716 0.0157 0.0196 0.0275
v 0.037594 0.319977 -0.196671 0.2275 0.3098 0.4196
v 0.037685 -0.250610 0.061150 0.2157 0.1098 0.0549
v 0.037777 -0.307587 0.034431 0.0431 0.0392 0.0314
v 0.037807 -0.274414 0.330688 0.0902 0.0941 0.1020
v 0.037811 -0.262390 0.198029 0.0706 0.0706 0.0627
v 0.038033 0.026068 0.198578 0.1647 0.0863 0.1137
v 0.038136 0.272156 0.239655 0.1176 0.1451 0.2078
v 0.038155 0.423431 0.022463 0.0196 0.1412 0.2784
v 0.038185 -0.224350 -0.155457 0.0314 0.0431 0.0667
v 0.038223 0.424591 -0.000735 0.0431 0.1020 0.1765
v 0.038303 0.195038 0.258118 0.0667 0.0784 0.1451
v 0.038334 0.164734 -0.240555 0.0824 0.0980 0.1451
v 0.038342 -0.307831 0.024055 0.0392 0.0392 0.0353
v 0.038464 -0.239670 -0.258240 0.0667 0.0784 0.1059
v 0.038506 0.253143 0.246826 0.0824 0.0980 0.1569
v 0.038818 -0.256012 0.249252 0.0510 0.0549 0.0667
v 0.038864 0.135727 0.249771 0.0431 0.0745 0.1412
v 0.038948 -0.266479 0.029669 0.1412 0.0863 0.0353
v 0.039089 -0.260284 -0.324951 0.0353 0.0392 0.0471
v 0.039238 -0.306427 -0.024525 0.0353 0.0353 0.0353
v 0.039249 -0.190811 -0.172760 0.0275 0.0431 0.0784
v 0.039375 -0.308655 -0.003682 0.0353 0.0353 0.0353
v 0.039455 -0.250793 0.316071 0.0196 0.0235 0.0392
v 0.039593 -0.173416 0.113037 0.3568 0.1961 0.1098
v 0.039616 -0.280640 -0.147186 0.0549 0.0588 0.0667
v 0.039646 -0.013417 -0.172287 0.4392 0.3765 0.3647
v 0.039700 -0.070518 -0.158646 0.4941 0.4392 0.4353
v 0.039730 0.089714 0.213531 0.0627 0.0627 0.1098
v 0.039867 -0.233612 -0.152863 0.0314 0.0431 0.0627
v 0.040066 -0.333313 -0.447052 0.0510 0.0667 0.1098
v 0.040089 0.235672 -0.234619 0.0863 0.1020 0.1490
v 0.040127 0.287659 -0.219330 0.1255 0.1608 0.2353
v 0.040230 0.232742 0.251678 0.0824 0.0902 0.1490
v 0.040291 -0.327606 0.315491 0.0314 0.0314 0.0314
v 0.040466 0.351166 0.177597 0.0471 0.0706 0.1255
v 0.040539 0.001789 -0.183502 0.1608 0.0980 0.1333
v 0.040703 0.177719 -0.243317 0.0980 0.1137 0.1608
v 0.040791 -0.229843 0.237900 0.0392 0.0431 0.0627
v 0.041172 0.189346 -0.241623 0.0941 0.1098 0.1569
v 0.041180 -0.295746 0.349945 0.0824 0.0824 0.0824
v 0.041248 -0.230194 -0.054298 0.1333 0.0863 0.0314
v 0.041290 0.102036 0.229111 0.0431 0.0667 0.1255
v 0.041302 -0.250122 -0.357666 0.0235 0.0353 0.0627
v 0.041355 -0.124634 -0.186691 0.0431 0.0549 0.0863
v 0.041435 -0.110382 0.142502 0.4706 0.2902 0.1882
v 0.041481 0.187119 0.261475 0.0588 0.0706 0.1373
v 0.041492 0.415070 -0.062874 0.0627 0.0863 0.1412
v 0.041504 0.113831 0.237946 0.0510 0.0745 0.1373
v 0.041519 0.220062 0.255524 0.0667 0.0784 0.1373
v 0.041618 -0.244507 -0.337219 0.0157 0.0196 0.0353
v 0.042198 -0.192856 0.101570 0.3294 0.1804 0.0863
v 0.042202 -0.191513 0.219833 0.0667 0.0706 0.0784
v 0.042255 0.362335 0.163147 0.0353 0.0706 0.1216
v 0.042313 -0.243835 -0.037090 0.1294 0.0824 0.0275
v 0.042408 0.286072 0.230347 0.1176 0.1412 0.1961
v 0.042515 -0.241196 -0.209656 0.0157 0.0275 0.0471
v 0.042736 0.041607 0.203781 0.1333 0.0824 0.0863
v 0.042755 0.423553 -0.014680 0.0392 0.0941 0.1608
v 0.042942 0.093842 -0.215820 0.0706 0.0784 0.1255
v 0.042973 0.418884 0.066772 0.0941 0.3255 0.5412
v 0.043282 -0.312683 0.154755 0.0588 0.0549 0.0471
v 0.043320 -0.268005 0.256561 0.0588 0.0627 0.0706
v 0.043354 -0.142532 0.237793 0.0392 0.0510 0.0706
v 0.043461 0.159378 -0.243942 0.0941 0.1098 0.1569
v 0.043594 -0.242966 -0.360474 0.0431 0.0588 0.1020
v 0.043690 0.253662 0.247498 0.1020 0.1137 0.1725
v 0.043785 -0.071983 0.160812 0.5725 0.3921 0.2980
v 0.043900 -0.258484 0.038647 0.1569 0.0784 0.0235
v 0.044022 0.256592 -0.229141 0.0863 0.1137 0.1725
v 0.044086 -0.431030 0.386902 0.0784 0.0824 0.0980
v 0.044327 -0.264008 -0.320679 0.0314 0.0353 0.0431
v 0.044395 -0.293732 -0.391876 0.0471 0.0627 0.1020
v 0.044407 0.015300 -0.194595 0.1373 0.0863 0.1216
v 0.044479 -0.333344 0.343750 0.0706 0.0745 0.0824
v 0.044540 -0.205200 0.224792 0.0588 0.0627 0.0627
v 0.044552 -0.428619 0.469940 0.0784 0.0902 0.1098
v 0.044621 0.157700 0.257385 0.0471 0.0667 0.1451
v 0.044743 -0.136429 0.243851 0.1098 0.1137 0.1294
v 0.044750 -0.091805 -0.151062 0.4275 0.3490 0.3216
v 0.044815 -0.271912 0.327362 0.1020 0.1059 0.1137
v 0.044849 0.055233 -0.200211 0.1020 0.0745 0.1059
v 0.044857 0.170059 0.256989 0.0471 0.0667 0.1412
v 0.044968 0.112610 -0.221466 0.0784 0.0941 0.1412
v 0.045158 0.352661 -0.162567 0.1294 0.1765 0.2627
v 0.045197 0.220291 -0.243271 0.0824 0.0980 0.1451
v 0.045353 0.393219 -0.116943 0.1176 0.1608 0.2392
v 0.045372 0.407104 -0.086823 0.0980 0.1333 0.2000
v 0.045406 -0.281677 -0.347961 0.0706 0.0745 0.0941
v 0.045444 -0.213226 0.086929 0.2902 0.1451 0.0706
v 0.045528 0.057579 0.209854 0.1294 0.0706 0.1216
v 0.045593 -0.300385 0.056374 0.0314 0.0392 0.0275
v 0.045761 0.135513 -0.241455 0.0902 0.1059 0.1530
v 0.045773 -0.257660 0.274170 0.0667 0.0706 0.0863
v 0.045982 -0.307587 0.130386 0.0549 0.0510 0.0431
v 0.046066 -0.291412 -0.058483 0.0471 0.0471 0.0471
v 0.046116 0.347534 -0.170883 0.1451 0.2039 0.2902
v 0.046413 -0.257660 -0.002928 0.1333 0.0784 0.0314
v 0.046455 -0.008276 -0.178848 0.1843 0.1176 0.1333
v 0.046482 -0.297455 0.179535 0.0941 0.0784 0.0667
v 0.046520 0.101402 0.224716 0.0471 0.0667 0.1216
v 0.046524 0.206131 0.260162 0.0510 0.0627 0.1216
v 0.046570 -0.303619 0.084511 0.0471 0.0431 0.0353
v 0.046654 0.422485 0.049007 0.1176 0.3333 0.5451
v 0.046707 -0.405640 0.450439 0.0824 0.0980 0.1098
v 0.046768 -0.292419 0.342957 0.0824 0.0824 0.0824
v 0.046829 0.374390 -0.146973 0.1569 0.2314 0.3372
v 0.046871 0.237213 0.254944 0.0706 0.0863 0.1412
v 0.046944 0.176575 -0.243073 0.0902 0.1059 0.1530
v 0.047073 -0.179535 -0.094337 0.1922 0.1059 0.0510
v 0.047165 -0.143280 0.127029 0.4196 0.2392 0.1451
v 0.047211 -0.022030 -0.171478 0.4863 0.4275 0.4157
v 0.047211 -0.161285 -0.107948 0.2000 0.1176 0.0627
v 0.047253 0.420502 0.022982 0.0431 0.1804 0.3412
v 0.047283 -0.229538 0.343994 0.0941 0.1059 0.1255
v 0.047394 0.317505 -0.199127 0.2039 0.2784 0.3882
v 0.047413 -0.210266 -0.069328 0.1686 0.0980 0.0431
v 0.047428 -0.126999 0.134918 0.4432 0.2706 0.1725
v 0.047455 0.350616 0.175476 0.0392 0.0627 0.1176
v 0.047508 -0.259583 0.291412 0.0392 0.0431 0.0549
v 0.047520 0.322845 0.208267 0.0902 0.1020 0.1569
v 0.047798 -0.244843 0.245667 0.0510 0.0549 0.0627
v 0.047852 0.129181 0.246338 0.0431 0.0667 0.1373
v 0.047935 -0.299164 -0.002501 0.0314 0.0353 0.0431
v 0.048012 -0.174576 0.225418 0.0627 0.0706 0.0784
v 0.048122 0.213547 -0.241257 0.0941 0.1098 0.1569
v 0.048141 0.190384 -0.244766 0.0863 0.1020 0.1490
v 0.048141 -0.431030 0.058174 0.0863 0.0863 0.0863
v 0.048210 -0.264832 -0.317535 0.0471 0.0510 0.0588
v 0.048244 -0.199097 -0.078079 0.1843 0.1098 0.0510
v 0.048252 0.080399 0.213882 0.0863 0.0627 0.1059
v 0.048298 -0.054466 -0.164948 0.5333 0.4863 0.4863
v 0.048412 -0.138565 -0.174988 0.0353 0.0431 0.0706
v 0.048428 -0.279694 0.187531 0.0824 0.0784 0.0627
v 0.048439 0.406799 0.087692 0.0039 0.2000 0.3686
v 0.048515 -0.306915 0.171326 0.0706 0.0706 0.0588
v 0.048626 -0.239105 -0.225769 0.0667 0.0784 0.1059
v 0.049030 -0.375824 -0.473541 0.0510 0.0667 0.1137
v 0.049042 -0.145355 0.245804 0.0863 0.0902 0.0980
v 0.049084 0.076706 -0.205078 0.0784 0.0706 0.1098
v 0.049191 -0.245361 0.201218 0.0745 0.0745 0.0706
v 0.049194 0.149216 0.257507 0.0471 0.0667 0.1412
v 0.049381 -0.255066 -0.298035 0.0588 0.0667 0.0863
v 0.049538 0.392853 0.100449 0.0078 0.1412 0.2706
v 0.049587 0.011551 0.193237 0.2823 0.1412 0.1686
v 0.049702 -0.131302 -0.176498 0.0235 0.0392 0.0745
v 0.049816 0.303253 0.222427 0.0941 0.1059 0.1647
v 0.049992 0.342194 -0.175461 0.1216 0.1843 0.2745
v 0.050014 -0.323120 0.324738 0.0118 0.0118 0.0118
v 0.050045 -0.127609 -0.179993 0.0235 0.0353 0.0627
v 0.050129 -0.303436 0.108185 0.0549 0.0510 0.0431
v 0.050152 -0.314575 -0.423004 0.0510 0.0667 0.1098
v 0.050182 -0.142548 -0.121597 0.2353 0.1451 0.0824
v 0.050312 -0.265961 0.253418 0.0627 0.0667 0.0745
v 0.050354 0.368927 0.149933 0.0353 0.0824 0.1373
v 0.050404 -0.260010 0.335663 0.1020 0.1059 0.1216
v 0.050457 -0.209488 -0.196396 0.0275 0.0431 0.0863
v 0.050632 0.094376 -0.213898 0.0706 0.0784 0.1255
v 0.050678 0.249084 -0.236954 0.1020 0.1255 0.2078
v 0.050690 0.411163 -0.065483 0.0667 0.0902 0.1451
v 0.050697 0.017267 -0.191833 0.1333 0.0824 0.1176
v 0.050709 -0.009615 0.181656 0.5176 0.3412 0.2902
v 0.050724 -0.295685 0.041080 0.0392 0.0392 0.0392
v 0.050877 -0.431000 -0.447754 0.0784 0.0824 0.0902
v 0.051125 -0.292419 0.013577 0.0392 0.0392 0.0392
v 0.051163 -0.024391 0.175735 0.6236 0.4589 0.3647
v 0.051331 -0.226013 0.227585 0.0196 0.0235 0.0314
v 0.051376 0.198395 0.258667 0.0471 0.0588 0.1216
v 0.051380 -0.387451 0.431824 0.0824 0.0941 0.1098
v 0.051418 -0.289093 0.319183 0.0863 0.0863 0.0941
v 0.051434 -0.237854 -0.358246 0.0314 0.0510 0.0902
v 0.051506 -0.257660 -0.149582 0.0431 0.0510 0.0667
v 0.051579 0.420319 0.027672 0.0667 0.2275 0.3961
v 0.051582 0.132629 -0.232834 0.0784 0.1020 0.1490
v 0.051598 -0.231979 -0.045460 0.1373 0.0902 0.0353
v 0.051655 -0.257019 0.016930 0.1569 0.0941 0.0353
v 0.051758 0.415405 -0.008616 0.0392 0.0784 0.1451
v 0.051762 0.089951 0.217896 0.0627 0.0667 0.1137
v 0.051865 0.206421 -0.242889 0.0902 0.1059 0.1530
v 0.051929 0.226959 -0.238480 0.0863 0.1059 0.1530
v 0.051949 -0.334869 0.298035 0.0235 0.0235 0.0235
v 0.052052 -0.292999 0.334320 0.0824 0.0824 0.0902
v 0.052090 0.052624 -0.203888 0.0980 0.0706 0.1020
v 0.052090 0.302826 -0.209656 0.1569 0.2118 0.3216
v 0.052124 -0.242203 -0.248596 0.0549 0.0706 0.1059
v 0.052216 0.217438 0.257385 0.0627 0.0745 0.1373
v 0.052292 0.362244 -0.157333 0.1725 0.2275 0.3294
v 0.052425 -0.280731 -0.092781 0.0431 0.0510 0.0471
v 0.052525 -0.293427 -0.024218 0.0353 0.0353 0.0353
v 0.052536 -0.113838 -0.140839 0.3059 0.2157 0.1686
v 0.052586 -0.401764 -0.485077 0.0431 0.0588 0.1020
v 0.052589 -0.240189 -0.340240 0.0275 0.0353 0.0549
v 0.052731 -0.252502 0.034874 0.1961 0.1098 0.0549
v 0.052734 -0.342865 0.353149 0.0784 0.0824 0.0902
v 0.052784 -0.133469 -0.184525 0.0627 0.0745 0.0941
v 0.052788 -0.337708 0.329712 0.0745 0.0745 0.0824
v 0.052803 -0.231155 -0.197693 0.0353 0.0471 0.0824
v 0.052811 -0.228806 0.069458 0.2432 0.1137 0.0392
v 0.052818 0.416901 0.006214 0.0353 0.1059 0.2000
v 0.053028 0.401581 -0.091553 0.0784 0.1137 0.1804
v 0.053062 0.253296 0.246475 0.0824 0.1020 0.1490
v 0.053150 0.319611 0.203781 0.0667 0.0784 0.1333
v 0.053169 -0.284058 -0.313599 0.0196 0.0235 0.0314
v 0.053207 -0.276276 -0.111397 0.0471 0.0549 0.0510
v 0.053822 -0.243530 -0.215576 0.0392 0.0510 0.0784
v 0.053959 -0.286041 -0.041630 0.0392 0.0392 0.0392
v 0.053989 -0.243225 0.051071 0.2235 0.1098 0.0471
v 0.053997 -0.297577 0.076523 0.0471 0.0471 0.0392
v 0.054024 -0.253082 0.309662 0.0275 0.0314 0.0471
v 0.054035 0.319153 -0.196915 0.2157 0.2823 0.3961
v 0.054070 -0.303986 -0.402008 0.0471 0.0627 0.1059
v 0.054104 -0.356445 0.383850 0.0784 0.0902 0.1176
v 0.054321 -0.431000 0.284241 0.0902 0.0902 0.0902
v 0.054585 -0.214813 0.209503 0.0706 0.0745 0.0824
v 0.054592 -0.290070 -0.364868 0.0588 0.0706 0.0980
v 0.054790 0.376068 0.137085 0.0314 0.0824 0.1725
v 0.054813 -0.238678 0.319305 0.0196 0.0314 0.0549
v 0.054970 0.385986 -0.124283 0.0980 0.1451 0.2314
v 0.055058 0.126129 -0.229797 0.0745 0.0980 0.1451
v 0.055119 0.414032 0.068779 0.1647 0.3882 0.5725
v 0.055214 0.004570 -0.189377 0.1373 0.0941 0.1255
v 0.055229 0.029915 0.203125 0.2471 0.1255 0.1569
v 0.055233 -0.222763 0.332092 0.0157 0.0314 0.0667
v 0.055237 0.414185 -0.050770 0.0588 0.0824 0.1294
v 0.055286 0.067390 -0.205719 0.0863 0.0706 0.1020
v 0.055462 0.165726 0.262329 0.0510 0.0706 0.1333
v 0.055500 -0.162750 0.115204 0.3882 0.2118 0.1216
v 0.055504 -0.285431 0.316803 0.0902 0.0941 0.1098
v 0.055576 -0.337341 0.289886 0.0275 0.0196 0.0118
v 0.055603 -0.239456 -0.032101 0.1216 0.0863 0.0275
v 0.055607 -0.370300 0.404572 0.0824 0.0863 0.1059
v 0.055676 0.374695 -0.143600 0.1530 0.2118 0.3098
v 0.055725 -0.271729 0.255005 0.0667 0.0706 0.0784
v 0.055840 0.219055 0.258484 0.0588 0.0706 0.1333
v 0.055878 0.266937 -0.232300 0.0941 0.1294 0.2078
v 0.055912 -0.229019 0.325409 0.0157 0.0275 0.0627
v 0.055946 0.027254 -0.198807 0.1216 0.0824 0.1137
v 0.056038 0.155060 -0.243866 0.1020 0.1176 0.1647
v 0.056046 -0.303345 0.165436 0.0706 0.0667 0.0510
v 0.056179 0.288177 -0.219742 0.1176 0.1608 0.2392
v 0.056183 0.175751 -0.242935 0.1020 0.1176 0.1647
v 0.056328 0.101387 -0.217560 0.0706 0.0784 0.1294
v 0.056366 -0.296387 0.126083 0.0667 0.0627 0.0510
v 0.056538 -0.287231 -0.343475 0.0745 0.0784 0.0941
v 0.056545 -0.236542 -0.346222 0.0431 0.0549 0.0824
v 0.056618 0.120132 0.235748 0.0471 0.0706 0.1333
v 0.056725 0.099335 0.222458 0.0510 0.0627 0.1216
v 0.056908 0.280701 0.236282 0.1098 0.1216 0.1804
v 0.057003 -0.219818 -0.056248 0.1569 0.0902 0.0353
v 0.057228 -0.251373 -0.268066 0.0588 0.0784 0.0980
v 0.057236 -0.188721 0.218658 0.0667 0.0706 0.0784
v 0.057281 -0.238464 0.234467 0.0627 0.0667 0.0745
v 0.057297 -0.181381 0.103592 0.3372 0.1882 0.0980
v 0.057320 0.411377 -0.035446 0.0431 0.0784 0.1333
v 0.057358 0.052177 0.204453 0.1294 0.0824 0.1098
v 0.057491 -0.428406 -0.496857 0.0549 0.0627 0.1059
v 0.057510 0.142426 0.248322 0.0431 0.0627 0.1373
v 0.057522 -0.207458 -0.166534 0.0275 0.0392 0.0667
v 0.057571 -0.431000 -0.495300 0.0627 0.0706 0.0980
v 0.057755 0.292419 -0.217072 0.1176 0.1608 0.2471
v 0.057804 0.310486 -0.205399 0.1647 0.2235 0.3372
v 0.057892 -0.408783 -0.487488 0.0549 0.0706 0.1176
v 0.057987 -0.384125 0.420868 0.0824 0.0863 0.1059
v 0.058052 0.418030 0.057365 0.0902 0.3059 0.4980
v 0.058235 -0.147476 0.236771 0.0431 0.0510 0.0667
v 0.058353 0.347290 0.173370 0.0510 0.0745 0.1216
v 0.058357 -0.172394 0.237152 0.0784 0.0824 0.0824
v 0.058430 0.364258 0.157944 0.0353 0.0627 0.1255
v 0.058449 -0.265015 -0.130157 0.0471 0.0510 0.0588
v 0.058613 -0.266479 -0.339478 0.0157 0.0196 0.0392
v 0.058998 0.192139 -0.243149 0.0980 0.1137 0.1608
v 0.059086 -0.260406 -0.198074 0.0431 0.0471 0.0627
v 0.059132 -0.244904 -0.017487 0.1294 0.0824 0.0275
v 0.059223 0.391357 0.099876 0.0078 0.1255 0.2314
v 0.059250 0.260834 -0.227112 0.0784 0.1020 0.1725
v 0.059280 0.078934 -0.210281 0.0824 0.0706 0.1098
v 0.059338 -0.206543 0.084869 0.2863 0.1412 0.0706
v 0.059357 -0.257996 -0.143646 0.0471 0.0510 0.0588
v 0.059402 0.387390 0.110802 0.0196 0.1294 0.2432
v 0.059479 -0.166443 -0.171478 0.0314 0.0431 0.0667
v 0.059574 0.128036 0.243256 0.0510 0.0706 0.1451
v 0.059605 0.084595 0.215057 0.0745 0.0627 0.1098
v 0.059692 0.174652 0.260406 0.0510 0.0627 0.1294
v 0.059811 0.266754 0.242828 0.1098 0.1216 0.1804
v 0.059956 -0.300385 0.144989 0.0706 0.0667 0.0588
v 0.060081 -0.190338 -0.170319 0.0275 0.0471 0.0706
v 0.060375 0.330017 0.192078 0.0863 0.0980 0.1490
v 0.060642 -0.221848 0.223129 0.0353 0.0392 0.0471
v 0.060703 -0.228058 0.335297 0.0667 0.0784 0.1059
v 0.060860 0.335449 -0.185043 0.1373 0.2000 0.3176
v 0.060871 -0.006907 -0.185196 0.1569 0.1059 0.1412
v 0.060905 0.222351 0.257202 0.0588 0.0706 0.1333
v 0.060955 0.041939 -0.200256 0.1059 0.0784 0.1059
v 0.061165 -0.263031 0.245789 0.0667 0.0706 0.0784
v 0.061443 -0.239212 -0.353333 0.0392 0.0549 0.0902
v 0.061462 0.170288 -0.245865 0.0980 0.1137 0.1608
v 0.061569 -0.296631 0.102493 0.0627 0.0588 0.0510
v 0.061783 -0.088371 0.156296 0.5451 0.3529 0.2549
v 0.061909 0.196808 -0.242447 0.0941 0.1098 0.1569
v 0.061913 0.248550 0.250458 0.0863 0.0980 0.1490
v 0.062115 -0.431030 0.451904 0.0745 0.0902 0.1020
v 0.062256 -0.145081 -0.171967 0.0314 0.0431 0.0627
v 0.062279 0.154037 -0.238144 0.0980 0.1137 0.1608
v 0.062653 -0.290009 -0.302032 0.0157 0.0196 0.0275
v 0.062660 -0.214142 0.223801 0.0784 0.0824 0.0902
v 0.062759 -0.262390 0.279846 0.0627 0.0667 0.0824
v 0.062767 -0.406525 0.437195 0.0824 0.0863 0.1059
v 0.062851 -0.266479 -0.112724 0.0471 0.0510 0.0588
v 0.062927 -0.069778 0.164383 0.5921 0.4118 0.3216
v 0.062996 -0.255829 0.336182 0.1098 0.1137 0.1255
v 0.063026 -0.278076 -0.066299 0.0431 0.0431 0.0431
v 0.063049 -0.282410 0.024895 0.0471 0.0471 0.0471
v 0.063072 -0.430969 0.325470 0.0863 0.0863 0.0941
v 0.063202 0.196594 0.258698 0.0588 0.0706 0.1373
v 0.063225 -0.253632 -0.322815 0.0431 0.0471 0.0549
v 0.063240 -0.164200 -0.105820 0.2078 0.1255 0.0588
v 0.063370 -0.293060 0.172150 0.0941 0.0784 0.0667
v 0.063599 -0.318604 0.324066 0.0627 0.0627 0.0627
v 0.063744 0.295074 0.218811 0.0980 0.1137 0.1608
v 0.063782 0.057549 0.210464 0.1255 0.0824 0.1098
v 0.063805 0.315247 -0.199997 0.1843 0.2471 0.3490
v 0.063828 -0.249756 0.008102 0.1490 0.0980 0.0353
v 0.063881 0.290497 -0.218414 0.1686 0.2118 0.2902
v 0.063904 -0.285858 -0.012984 0.0392 0.0392 0.0392
v 0.064079 -0.299774 -0.378784 0.0510 0.0667 0.0980
v 0.064087 0.144409 0.243881 0.0431 0.0667 0.1294
v 0.064133 0.156494 0.244995 0.0431 0.0667 0.1294
v 0.064133 0.353149 0.169281 0.0431 0.0667 0.1137
v 0.064156 0.371124 -0.149796 0.1961 0.2549 0.3529
v 0.064468 -0.137787 -0.173004 0.0275 0.0392 0.0667
v 0.064514 0.014246 -0.192902 0.1255 0.0824 0.1176
v 0.064621 0.073997 -0.209473 0.0824 0.0745 0.0941
v 0.064629 0.409607 -0.058792 0.0431 0.0667 0.1137
v 0.064644 -0.388031 0.413208 0.0824 0.0863 0.0941
v 0.064735 -0.246002 -0.008168 0.1373 0.0902 0.0353
v 0.064789 -0.254303 0.196213 0.0863 0.0824 0.0745
v 0.064819 0.385254 -0.129608 0.1216 0.1647 0.2510
v 0.064934 0.377808 -0.142380 0.2000 0.2588 0.3529
v 0.065002 -0.375366 0.393646 0.0667 0.0863 0.0980
v 0.065018 0.330292 0.187485 0.0588 0.0745 0.1216
v 0.065102 0.237747 -0.233932 0.0941 0.0941 0.1333
v 0.065247 -0.360901 -0.457306 0.0471 0.0627 0.1059
v 0.065315 -0.146164 0.124474 0.4196 0.2471 0.1490
v 0.065430 -0.344543 0.272217 0.0157 0.0118 0.0118
v 0.065651 -0.256439 -0.350952 0.0314 0.0471 0.0824
v 0.065712 -0.240860 0.042149 0.2314 0.1176 0.0471
v 0.065796 -0.219391 0.207169 0.0706 0.0745 0.0824
v 0.065857 -0.261383 0.295074 0.0196 0.0235 0.0392
v 0.065903 -0.289093 0.062714 0.0392 0.0392 0.0392
v 0.066010 0.219727 0.254913 0.0627 0.0745 0.1333
v 0.066017 -0.229111 0.227768 0.0392 0.0431 0.0510
v 0.066124 -0.205643 -0.166061 0.0314 0.0431 0.0627
v 0.066162 -0.277374 -0.052208 0.0431 0.0431 0.0431
v 0.066177 0.407379 -0.074486 0.0314 0.0549 0.1098
v 0.066208 0.315277 0.200348 0.0824 0.0980 0.1451
v 0.066261 -0.207733 -0.190002 0.0314 0.0471 0.0824
v 0.066399 0.396393 -0.104790 0.0745 0.1098 0.1765
v 0.066742 -0.210403 -0.062721 0.1765 0.1098 0.0471
v 0.066757 -0.257629 0.303070 0.0314 0.0353 0.0510
v 0.066772 0.141479 -0.231735 0.0902 0.1059 0.1530
v 0.066788 -0.229645 -0.039993 0.1569 0.0941 0.0353
v 0.066963 0.005389 0.187958 0.4667 0.2706 0.2314
v 0.067024 -0.283783 -0.025938 0.0353 0.0431 0.0392
v 0.067047 0.125565 -0.221802 0.0824 0.0980 0.1451
v 0.067055 -0.218262 0.070625 0.2667 0.1373 0.0784
v 0.067078 -0.297638 0.305176 0.0745 0.0745 0.0745
v 0.067146 -0.422089 -0.491730 0.0549 0.0706 0.1176
v 0.067162 -0.341980 0.274994 0.0196 0.0196 0.0196
v 0.067368 -0.428467 0.448792 0.0745 0.0902 0.1020
v 0.067413 -0.157806 0.241577 0.0824 0.0824 0.0863
v 0.067482 0.104408 0.222824 0.0549 0.0667 0.1255
v 0.067551 0.044495 -0.202789 0.0941 0.0784 0.1059
v 0.067711 -0.022036 -0.174759 0.4667 0.4039 0.4039
v 0.067780 -0.402130 0.426331 0.0863 0.0824 0.1098
v 0.067787 -0.279510 0.010924 0.0510 0.0510 0.0510
v 0.067787 -0.282745 0.312378 0.0980 0.1020 0.1176
v 0.067833 -0.236267 0.232132 0.0549 0.0588 0.0667
v 0.067879 -0.224152 -0.190170 0.0275 0.0431 0.0863
v 0.067894 0.181396 0.250214 0.0549 0.0667 0.1294
v 0.067909 -0.314117 0.323486 0.0667 0.0667 0.0667
v 0.067993 -0.253296 0.230667 0.0510 0.0549 0.0627
v 0.068192 0.197784 0.250305 0.0667 0.0784 0.1451
v 0.068268 0.271820 -0.221710 0.0863 0.1137 0.1686
v 0.068466 0.288635 -0.212234 0.1216 0.1530 0.2275
v 0.068504 0.409241 -0.040119 0.0471 0.0667 0.1137
v 0.069046 -0.353058 -0.448029 0.0471 0.0627 0.1059
v 0.069206 -0.245285 0.022295 0.1843 0.1059 0.0510
v 0.069229 -0.259155 -0.296509 0.0588 0.0627 0.0784
v 0.069283 0.420471 0.029209 0.0392 0.1530 0.2902
v 0.069344 -0.245117 0.335022 0.1020 0.1059 0.1216
v 0.069427 0.202332 -0.244324 0.0941 0.1098 0.1569
v 0.069481 -0.237732 -0.149200 0.0392 0.0471 0.0627
v 0.069496 -0.263947 0.190857 0.0902 0.0784 0.0745
v 0.069557 -0.335358 0.296936 0.0078 0.0078 0.0078
v 0.069580 0.173203 -0.238525 0.0902 0.1059 0.1530
v 0.069588 0.025984 -0.191498 0.1098 0.0784 0.1176
v 0.069626 -0.333740 -0.433746 0.0549 0.0706 0.1059
v 0.069679 -0.226288 -0.153900 0.0353 0.0471 0.0667
v 0.069923 -0.239822 -0.191101 0.0314 0.0431 0.0706
v 0.070000 0.303894 -0.210007 0.1530 0.2078 0.2784
v 0.070007 -0.252533 -0.110321 0.0471 0.0510 0.0588
v 0.070053 0.409088 0.076340 0.1059 0.3019 0.4902
v 0.070068 0.240936 0.245651 0.0745 0.0863 0.1412
v 0.070068 -0.105553 -0.147095 0.3608 0.2667 0.2235
v 0.070107 0.120026 -0.220200 0.0784 0.0941 0.1412
v 0.070320 -0.294342 -0.294830 0.0157 0.0196 0.0275
v 0.070351 -0.265137 -0.315918 0.0510 0.0549 0.0627
v 0.070473 0.089058 0.217743 0.0667 0.0667 0.1176
v 0.070526 -0.331726 0.303223 0.0118 0.0118 0.0118
v 0.070656 0.181030 -0.239136 0.0941 0.1098 0.1569
v 0.070824 -0.354553 0.320435 0.0549 0.0510 0.0706
v 0.070877 0.370483 0.138550 0.0392 0.0706 0.1412
v 0.070892 -0.269043 -0.067574 0.0431 0.0510 0.0471
v 0.070908 0.352295 0.166183 0.0353 0.0588 0.1137
v 0.070992 -0.291260 0.122955 0.0863 0.0706 0.0588
v 0.071022 0.004001 -0.187119 0.1333 0.0941 0.1255
v 0.071075 -0.261627 0.331543 0.1059 0.1098 0.1255
v 0.071098 0.405090 -0.068214 0.0353 0.0588 0.1059
v 0.071098 -0.261932 -0.199249 0.0314 0.0353 0.0510
v 0.071281 -0.083420 -0.158112 0.5019 0.4510 0.4275
v 0.071289 -0.242294 -0.340912 0.0314 0.0431 0.0627
v 0.071342 -0.249634 -0.102737 0.0471 0.0510 0.0588
v 0.071381 0.267242 0.231934 0.1059 0.1176 0.1765
v 0.071739 -0.162689 -0.181046 0.0588 0.0745 0.0902
v 0.071808 -0.308105 0.318359 0.0667 0.0667 0.0667
v 0.071930 0.227768 -0.235565 0.0863 0.0941 0.1451
v 0.071930 -0.284363 0.050621 0.0431 0.0431 0.0431
v 0.071999 -0.295776 0.149216 0.0902 0.0745 0.0627
v 0.072060 -0.322815 -0.418549 0.0510 0.0667 0.1020
v 0.072113 0.264923 -0.222443 0.0745 0.0980 0.1608
v 0.072151 0.095993 -0.211823 0.0706 0.0745 0.1216
v 0.072220 -0.374054 0.381470 0.1412 0.1490 0.1725
v 0.072235 -0.272797 0.182480 0.0902 0.0863 0.0784
v 0.072243 0.131516 0.236145 0.0471 0.0706 0.1333
v 0.072258 0.372650 -0.139908 0.1412 0.1922 0.2784
v 0.072365 -0.290985 0.106285 0.0745 0.0706 0.0627
v 0.072395 0.255981 0.236954 0.1020 0.1098 0.1686
v 0.072403 0.215942 -0.240036 0.0902 0.1020 0.1530
v 0.072456 -0.188690 -0.083031 0.2000 0.1176 0.0549
v 0.072517 0.242722 -0.233002 0.0863 0.0902 0.1412
v 0.072563 0.124626 0.233734 0.0510 0.0745 0.1373
v 0.072594 -0.226334 0.058521 0.2510 0.1294 0.0745
v 0.072617 0.232819 0.242722 0.0706 0.0824 0.1412
v 0.072731 -0.167221 0.110275 0.3686 0.2078 0.1137
v 0.072868 -0.257446 -0.115257 0.0471 0.0510 0.0588
v 0.072960 -0.252991 -0.131119 0.0471 0.0510 0.0588
v 0.072968 -0.396149 0.403259 0.2078 0.2314 0.2863
v 0.072983 0.287811 0.218353 0.1137 0.1255 0.1843
v 0.073051 -0.249924 -0.326630 0.0353 0.0392 0.0549
v 0.073082 -0.182510 0.231491 0.0824 0.0824 0.0902
v 0.073090 0.321167 0.197510 0.0824 0.0980 0.1490
v 0.073105 0.375854 0.125580 0.0353 0.0824 0.1530
v 0.073174 0.407715 0.083305 0.0431 0.2353 0.4196
v 0.073448 0.171402 0.247986 0.0392 0.0627 0.1255
v 0.073479 -0.172012 0.223068 0.0549 0.0588 0.0667
v 0.073486 -0.392181 -0.472107 0.0431 0.0588 0.1020
v 0.073532 0.108208 -0.218185 0.0706 0.0824 0.1294
v 0.073669 -0.298859 -0.294617 0.0275 0.0314 0.0392
v 0.073700 -0.291809 0.161942 0.0980 0.0824 0.0706
v 0.073708 -0.430969 0.189346 0.0902 0.0902 0.0902
v 0.073830 0.046371 0.204025 0.1373 0.0784 0.1059
v 0.073868 0.077156 0.212692 0.0863 0.0667 0.1098
v 0.073997 -0.268585 0.235626 0.0510 0.0549 0.0627
v 0.074005 -0.001863 0.184921 0.4941 0.3059 0.2784
v 0.074005 -0.301086 -0.357758 0.0588 0.0706 0.0902
v 0.074036 0.042488 -0.196991 0.0980 0.0784 0.0980
v 0.074036 0.301239 -0.202194 0.0980 0.1451 0.2196
v 0.074097 -0.225693 0.202667 0.0824 0.0824 0.0902
v 0.074097 -0.288300 0.300140 0.0824 0.0863 0.0941
v 0.074211 -0.261566 -0.094826 0.0471 0.0510 0.0588
v 0.074272 0.390869 -0.105576 0.1059 0.1373 0.1882
v 0.074394 0.017105 0.193649 0.3412 0.1725 0.1765
v 0.074463 -0.227081 0.218140 0.0549 0.0549 0.0627
v 0.074463 -0.247421 0.195999 0.0902 0.0863 0.0784
v 0.074493 -0.140259 -0.177032 0.0510 0.0588 0.0784
v 0.074707 0.202377 0.247879 0.0549 0.0667 0.1333
v 0.074707 -0.153015 0.240051 0.0824 0.0824 0.0980
v 0.074776 0.138229 0.243179 0.0549 0.0784 0.1412
v 0.074829 -0.251282 -0.224213 0.0784 0.0902 0.1255
v 0.074852 -0.253601 -0.249435 0.0588 0.0706 0.0941
v 0.074860 0.116470 0.230255 0.0471 0.0706 0.1255
v 0.074936 -0.364288 0.347687 0.0627 0.0667 0.0824
v 0.075035 0.323395 -0.192261 0.1843 0.2432 0.3451
v 0.075081 -0.430969 0.437988 0.0824 0.0784 0.0941
v 0.075104 0.336792 -0.179153 0.1686 0.2314 0.3333
v 0.075104 -0.270355 0.266907 0.0588 0.0627 0.0706
v 0.075180 -0.356445 0.268555 0.2353 0.2353 0.2353
v 0.075356 -0.371552 0.371216 0.1020 0.0980 0.1255
v 0.075577 -0.298676 -0.334076 0.0667 0.0706 0.0863
v 0.075638 -0.287811 0.082451 0.0667 0.0627 0.0549
v 0.075737 -0.065254 -0.165253 0.5451 0.4980 0.4902
v 0.075943 0.382721 0.111877 0.0275 0.0863 0.1686
v 0.076050 0.160126 -0.234329 0.0941 0.1098 0.1569
v 0.076057 -0.027435 0.176651 0.5843 0.4628 0.4157
v 0.076569 -0.257294 -0.259277 0.0510 0.0627 0.0902
v 0.076591 -0.314575 -0.396149 0.0471 0.0627 0.0980
v 0.076630 0.151123 0.243149 0.0471 0.0706 0.1294
v 0.076653 -0.340912 0.283661 0.0039 0.0039 0.0039
v 0.076675 -0.187332 0.093941 0.3294 0.1804 0.0980
v 0.076736 0.258331 -0.226425 0.0667 0.0902 0.1451
v 0.076759 0.351105 0.165375 0.0353 0.0588 0.1137
v 0.076759 -0.393524 0.397003 0.2588 0.2823 0.3686
v 0.076767 -0.302765 0.288422 0.0706 0.0706 0.0784
v 0.076820 -0.137375 -0.128357 0.2627 0.1725 0.1176
v 0.076881 -0.266937 -0.063980 0.0431 0.0510 0.0471
v 0.076881 -0.270996 0.322693 0.1020 0.1059 0.1216
v 0.076889 -0.262329 -0.302338 0.0627 0.0667 0.0824
v 0.076912 -0.098145 0.152695 0.5333 0.3490 0.2392
v 0.076912 -0.285339 0.281647 0.0431 0.0471 0.0549
v 0.076935 -0.279602 0.063255 0.0392 0.0392 0.0392
v 0.077141 -0.276184 0.030769 0.0510 0.0510 0.0510
v 0.077202 0.329803 0.184387 0.0510 0.0667 0.1137
v 0.077240 0.230743 -0.230804 0.0863 0.0902 0.1451
v 0.077293 -0.240417 0.320190 0.0118 0.0196 0.0510
v 0.077347 -0.157516 0.230972 0.0431 0.0510 0.0667
v 0.077469 -0.359528 0.286652 0.1333 0.1294 0.1294
v 0.077522 -0.328125 0.304382 0.0510 0.0510 0.0510
v 0.077690 -0.198822 0.084244 0.3137 0.1608 0.0784
v 0.077736 -0.349182 0.252533 0.0196 0.0118 0.0196
v 0.077827 0.215729 -0.233017 0.0902 0.0980 0.1490
v 0.077888 0.135941 -0.230087 0.0824 0.0980 0.1451
v 0.077950 0.151367 -0.233551 0.0902 0.1059 0.1530
v 0.078018 0.169846 -0.233200 0.0980 0.1137 0.1608
v 0.078064 0.252350 0.231018 0.0941 0.1059 0.1608
v 0.078186 0.077927 -0.204681 0.0706 0.0706 0.1098
v 0.078239 0.406921 -0.055622 0.0431 0.0667 0.1137
v 0.078270 -0.248886 -0.189072 0.0392 0.0431 0.0627
v 0.078300 0.363739 -0.150040 0.1804 0.2235 0.3098
v 0.078331 0.415009 -0.007826 0.0392 0.0902 0.1608
v 0.078354 -0.428192 0.436371 0.0863 0.0824 0.1020
v 0.078491 0.026550 -0.193436 0.1020 0.0824 0.0980
v 0.078499 0.083633 0.213531 0.0667 0.0667 0.1137
v 0.078552 -0.311920 0.290497 0.0627 0.0627 0.0706
v 0.078590 -0.410553 0.415192 0.0784 0.0902 0.1176
v 0.078690 -0.231232 -0.182632 0.0314 0.0471 0.0824
v 0.078697 -0.234802 -0.023447 0.1490 0.0980 0.0353
v 0.078720 0.400787 -0.081566 0.0549 0.0784 0.1255
v 0.078819 -0.377869 -0.462463 0.0471 0.0627 0.1059
v 0.078888 -0.211975 0.218750 0.0745 0.0745 0.0824
v 0.078918 -0.293579 0.270874 0.0471 0.0510 0.0588
v 0.078926 -0.257111 -0.096230 0.0471 0.0510 0.0588
v 0.078949 -0.247025 -0.123100 0.0471 0.0510 0.0588
v 0.078957 -0.261658 -0.295563 0.0627 0.0667 0.0824
v 0.078972 0.278381 0.217545 0.1176 0.1294 0.1882
v 0.078972 0.311890 0.199890 0.0784 0.0902 0.1490
v 0.079132 -0.253906 -0.346191 0.0314 0.0510 0.0745
v 0.079155 0.408051 0.058929 0.0196 0.1490 0.2823
v 0.079193 -0.288269 0.290894 0.0353 0.0392 0.0431
v 0.079224 -0.246429 0.231735 0.0627 0.0667 0.0745
v 0.079254 0.169220 0.245239 0.0431 0.0667 0.1294
v 0.079262 0.286072 -0.211990 0.1137 0.1412 0.2118
v 0.079269 0.191711 -0.236618 0.0902 0.1059 0.1530
v 0.079315 0.349609 -0.160263 0.1373 0.1882 0.2588
v 0.079445 -0.241196 -0.144852 0.0431 0.0471 0.0627
v 0.079491 -0.274048 -0.191147 0.0314 0.0353 0.0431
v 0.079514 0.408386 -0.043072 0.0431 0.0667 0.1216
v 0.079666 0.316284 -0.191483 0.1373 0.1961 0.2863
v 0.079765 -0.260834 -0.087173 0.0471 0.0510 0.0588
v 0.079880 -0.019171 -0.176483 0.4628 0.4039 0.3961
v 0.079887 0.217911 0.242645 0.0627 0.0745 0.1412
v 0.079926 -0.302063 -0.333466 0.0667 0.0706 0.0863
v 0.079948 -0.259583 -0.318268 0.0314 0.0353 0.0431
v 0.080292 -0.211670 -0.184402 0.0353 0.0549 0.0824
v 0.080299 0.196411 0.244705 0.0549 0.0667 0.1333
v 0.080360 -0.365997 0.322937 0.0667 0.0667 0.0706
v 0.080627 -0.250153 0.309082 0.0196 0.0235 0.0431
v 0.080673 0.041904 0.206436 0.1530 0.0902 0.1294
v 0.080696 -0.431000 0.012110 0.0863 0.0863 0.0902
v 0.080704 -0.248077 0.325500 0.0627 0.0667 0.0824
v 0.080750 0.098801 -0.211639 0.0667 0.0745 0.1216
v 0.080780 0.418213 0.012990 0.0510 0.1294 0.2392
v 0.080803 -0.380890 0.365112 0.4392 0.4471 0.4745
v 0.081024 -0.163528 -0.165482 0.0314 0.0431 0.0627
v 0.081078 -0.431030 -0.057915 0.0824 0.0863 0.0824
v 0.081123 0.268494 -0.220795 0.0706 0.0941 0.1530
v 0.081154 0.376465 0.124611 0.0353 0.0745 0.1451
v 0.081154 -0.304657 -0.287445 0.0314 0.0353 0.0431
v 0.081253 0.018869 0.196289 0.2941 0.1490 0.1647
v 0.081490 -0.234695 -0.148071 0.0431 0.0471 0.0627
v 0.081528 0.390656 -0.105682 0.0667 0.0980 0.1451
v 0.081543 -0.198425 0.225143 0.0784 0.0784 0.0863
v 0.081703 -0.003551 -0.183228 0.1294 0.0941 0.1176
v 0.081711 0.109268 0.225204 0.0471 0.0745 0.1373
v 0.081970 -0.355621 0.241455 0.0431 0.0431 0.0431
v 0.082085 0.346283 0.164597 0.0549 0.0745 0.1216
v 0.082329 -0.261261 -0.203964 0.0353 0.0353 0.0627
v 0.082336 0.132965 -0.220474 0.0824 0.0980 0.1451
v 0.082352 -0.430695 -0.489716 0.0667 0.0745 0.1020
v 0.082527 -0.196869 -0.161407 0.0314 0.0431 0.0627
v 0.082535 0.357483 -0.154907 0.2000 0.2471 0.3333
v 0.082535 -0.362610 0.251526 0.0549 0.0549 0.0549
v 0.082726 -0.382965 0.380432 0.4589 0.4784 0.5216
v 0.082733 0.338318 -0.171097 0.1530 0.2118 0.2941
v 0.082771 -0.305939 -0.276520 0.0157 0.0196 0.0275
v 0.082794 -0.264679 0.297699 0.0314 0.0353 0.0510
v 0.082909 0.409271 0.045868 0.0353 0.0980 0.1765
v 0.083023 -0.240494 0.001056 0.1530 0.0980 0.0392
v 0.083458 0.254822 -0.220612 0.0667 0.0784 0.1373
v 0.083458 -0.267090 -0.337097 0.0353 0.0471 0.0588
v 0.083496 -0.351959 0.248077 0.0157 0.0196 0.0196
v 0.083687 -0.267944 0.289276 0.0196 0.0235 0.0392
v 0.083740 -0.255707 -0.234924 0.0667 0.0784 0.1059
v 0.083847 0.364746 0.138672 0.0275 0.0667 0.1137
v 0.083977 0.390167 -0.104668 0.0667 0.0941 0.1412
v 0.084000 -0.286530 -0.313416 0.0157 0.0196 0.0353
v 0.084023 -0.283325 0.071625 0.0549 0.0549 0.0510
v 0.084114 -0.280518 0.162216 0.1020 0.0863 0.0745
v 0.084175 -0.287933 0.149979 0.1020 0.0863 0.0745
v 0.084213 -0.294556 -0.298950 0.0157 0.0157 0.0235
v 0.084267 -0.250854 -0.340729 0.0353 0.0471 0.0667
v 0.084335 0.353241 0.155502 0.0353 0.0588 0.1176
v 0.084381 0.379089 -0.125854 0.1255 0.1686 0.2392
v 0.084473 -0.219650 0.213715 0.0784 0.0784 0.0863
v 0.084488 -0.318695 0.300385 0.0588 0.0588 0.0588
v 0.084885 -0.313843 -0.378876 0.0510 0.0706 0.0941
v 0.085052 -0.272034 -0.000645 0.0510 0.0510 0.0510
v 0.085060 0.085114 0.217850 0.0667 0.0667 0.1137
v 0.085129 -0.287170 0.247391 0.0549 0.0588 0.0667
v 0.085243 0.146988 0.243210 0.0588 0.0706 0.1294
v 0.085358 0.136948 0.235580 0.0627 0.0745 0.1373
v 0.085403 -0.364075 0.259430 0.0392 0.0431 0.0510
v 0.085480 0.414185 0.023594 0.0235 0.0902 0.1765
v 0.085526 0.039627 -0.199783 0.0863 0.0784 0.0824
v 0.085655 -0.247971 -0.111092 0.0510 0.0549 0.0627
v 0.085686 -0.390839 0.382050 0.1882 0.2157 0.3647
v 0.085739 -0.259125 -0.213287 0.0627 0.0706 0.0980
v 0.085815 -0.406250 0.400970 0.1961 0.2196 0.3843
v 0.085915 -0.275879 0.310913 0.0902 0.0941 0.1020
v 0.086090 -0.389679 0.396332 0.3765 0.4078 0.4667
v 0.086189 0.235504 -0.225510 0.0824 0.0902 0.1333
v 0.086227 0.330261 0.183502 0.0510 0.0667 0.1137
v 0.086258 0.171417 -0.236862 0.0863 0.1020 0.1490
v 0.086311 0.325897 -0.182663 0.1294 0.1882 0.2863
v 0.086365 -0.375305 0.281464 0.0667 0.0667 0.0667
v 0.086472 -0.361633 0.222351 0.0431 0.0431 0.0431
v 0.086525 0.285553 -0.212433 0.0863 0.1137 0.1804
v 0.086708 -0.149612 -0.166702 0.0275 0.0392 0.0667
v 0.086723 -0.283447 0.289917 0.0353 0.0392 0.0431
v 0.086746 0.220413 0.242416 0.0706 0.0824 0.1412
v 0.086754 -0.245834 0.231186 0.0510 0.0549 0.0627
v 0.086838 -0.147507 -0.172379 0.0431 0.0549 0.0706
v 0.086899 0.245987 0.235733 0.0902 0.1020 0.1608
v 0.086929 -0.425690 0.420410 0.2039 0.2196 0.2823
v 0.086967 0.062988 -0.205154 0.0863 0.0627 0.1137
v 0.086998 -0.309906 -0.352600 0.0627 0.0784 0.0902
v 0.087006 -0.387604 0.340454 0.1804 0.1922 0.3019
v 0.087029 -0.264069 0.319611 0.0980 0.0980 0.1059
v 0.087036 0.011265 -0.188110 0.1059 0.0824 0.1020
v 0.087036 0.369202 -0.137268 0.1451 0.1765 0.2549
v 0.087135 0.302795 0.206955 0.0902 0.1059 0.1569
v 0.087135 -0.283234 0.105843 0.0784 0.0745 0.0667
v 0.087158 -0.235153 -0.143906 0.0431 0.0471 0.0627
v 0.087273 -0.368347 0.279755 0.0510 0.0588 0.0706
v 0.087296 -0.295380 0.259521 0.0431 0.0431 0.0510
v 0.087318 0.173141 0.247910 0.0510 0.0627 0.1294
v 0.087395 0.301849 -0.202255 0.1569 0.2000 0.2706
v 0.087593 0.202408 0.243286 0.0431 0.0549 0.1137
v 0.087608 -0.163315 0.231659 0.0667 0.0706 0.0784
v 0.087639 0.278839 -0.207214 0.0824 0.1059 0.1647
v 0.087639 0.377167 -0.125595 0.1216 0.1608 0.2314
v 0.087662 -0.259003 -0.086121 0.0471 0.0510 0.0588
v 0.087807 -0.204636 0.200226 0.0745 0.0784 0.0784
v 0.087898 -0.429596 0.423492 0.1373 0.1451 0.1804
v 0.087914 0.412689 0.032574 0.0235 0.0784 0.1530
v 0.087929 0.189728 -0.231613 0.0902 0.1020 0.1490
v 0.087944 -0.271057 -0.016266 0.0510 0.0510 0.0510
v 0.088142 -0.270477 0.011134 0.0549 0.0549 0.0510
v 0.088203 0.057117 0.207993 0.1020 0.0784 0.1059
v 0.088295 -0.353973 0.238312 0.0314 0.0392 0.0353
v 0.088417 -0.285645 0.127319 0.0902 0.0863 0.0784
v 0.088425 -0.063362 0.167938 0.6079 0.4432 0.3490
v 0.088432 -0.368073 0.222412 0.0588 0.0588 0.0588
v 0.088524 0.274658 0.223969 0.1176 0.1333 0.1922
v 0.088539 0.125900 0.226913 0.0627 0.0745 0.1333
v 0.088737 0.398041 -0.070702 0.0392 0.0549 0.1020
v 0.088783 0.407959 0.075989 0.1137 0.2980 0.4706
v 0.088806 -0.358002 0.260223 0.0353 0.0392 0.0431
v 0.088875 -0.217407 -0.153320 0.0314 0.0431 0.0627
v 0.088943 -0.270538 -0.038731 0.0510 0.0510 0.0510
v 0.089066 0.292419 -0.206421 0.0902 0.1255 0.1922
v 0.089111 0.032394 0.199738 0.1686 0.0941 0.1333
v 0.089149 -0.225357 0.049541 0.2432 0.1294 0.0902
v 0.089195 0.166077 0.246033 0.0588 0.0706 0.1373
v 0.089211 -0.411926 -0.479401 0.0588 0.0745 0.1176
v 0.089241 -0.313110 -0.261932 0.0235 0.0235 0.0314
v 0.089310 -0.393005 0.367615 0.1412 0.1922 0.4432
v 0.089478 0.415649 -0.004730 0.0353 0.0863 0.1530
v 0.089561 -0.378418 0.299805 0.0784 0.0706 0.0706
v 0.089714 -0.358582 0.216553 0.0431 0.0431 0.0431
v 0.089775 -0.319733 0.272095 0.0392 0.0392 0.0471
v 0.089783 0.189636 0.248093 0.0549 0.0667 0.1294
v 0.089783 -0.190414 0.205109 0.0627 0.0706 0.0745
v 0.089851 0.086212 -0.207535 0.0667 0.0667 0.1059
v 0.089897 -0.264832 -0.285065 0.0549 0.0588 0.0745
v 0.089928 -0.383698 0.312683 0.4980 0.4823 0.4784
v 0.090050 0.389191 0.092461 0.0039 0.0549 0.1333
v 0.090057 0.027540 -0.194855 0.0902 0.0824 0.1059
v 0.090073 0.013743 0.190720 0.2667 0.1373 0.1725
v 0.090195 0.348267 -0.156693 0.1216 0.1647 0.2432
v 0.090210 -0.422974 0.410614 0.1569 0.2000 0.4235
v 0.090385 -0.341064 0.278137 0.0196 0.0196 0.0196
v 0.090393 -0.308899 0.267914 0.0392 0.0392 0.0471
v 0.090454 -0.352722 0.252533 0.0196 0.0235 0.0235
v 0.090500 0.289185 -0.196030 0.0863 0.1098 0.1804
v 0.090523 -0.380402 0.297333 0.0667 0.0667 0.0588
v 0.090714 0.313080 -0.192825 0.1647 0.2078 0.2980
v 0.090744 -0.279633 0.085365 0.0627 0.0627 0.0588
v 0.090797 -0.348053 0.263153 0.0039 0.0039 0.0039
v 0.090874 -0.186020 -0.086281 0.2039 0.1216 0.0549
v 0.090912 -0.155090 0.118698 0.4000 0.2510 0.1490
v 0.090912 -0.210083 0.068733 0.2902 0.1569 0.0863
v 0.090965 -0.275696 0.258392 0.0549 0.0588 0.0667
v 0.091019 -0.339508 -0.423920 0.0588 0.0745 0.1098
v 0.091064 -0.165741 -0.162048 0.0314 0.0431 0.0627
v 0.091095 0.165939 -0.233322 0.0941 0.1098 0.1569
v 0.091118 -0.219696 -0.044979 0.1725 0.1059 0.0431
v 0.091141 0.105225 -0.211166 0.0667 0.0745 0.1216
v 0.091202 -0.431000 -0.147385 0.0863 0.0863 0.0863
v 0.091225 -0.202469 -0.066765 0.1882 0.1137 0.0471
v 0.091438 -0.040092 -0.173309 0.5804 0.5255 0.5216
v 0.091522 -0.317566 -0.249771 0.0235 0.0196 0.0275
v 0.091553 -0.374176 0.290405 0.0706 0.0667 0.0588
v 0.091614 -0.240646 -0.127884 0.0471 0.0510 0.0588
v 0.091644 -0.264618 -0.057457 0.0510 0.0510 0.0510
v 0.091766 0.149414 0.238983 0.0549 0.0667 0.1294
v 0.091827 -0.257996 -0.318451 0.0549 0.0588 0.0745
v 0.091835 0.379822 -0.108528 0.0471 0.0745 0.1294
v 0.091896 -0.397308 0.331146 0.0824 0.1020 0.2392
v 0.091965 -0.368988 0.270386 0.0510 0.0549 0.0745
v 0.092026 -0.376801 0.264282 0.0706 0.0745 0.0706
v 0.092102 -0.321289 0.283569 0.0549 0.0549 0.0588
v 0.092117 0.412659 -0.001500 0.0431 0.0941 0.1608
v 0.092178 -0.235352 -0.010394 0.1569 0.0941 0.0353
v 0.092178 -0.298920 0.276703 0.0431 0.0431 0.0510
v 0.092285 -0.266632 0.297455 0.0275 0.0314 0.0392
v 0.092430 0.297943 -0.182571 0.1333 0.1765 0.2392
v 0.092468 0.320129 0.186783 0.0588 0.0706 0.1216
v 0.092506 -0.412445 0.389252 0.1569 0.2275 0.4823
v 0.092552 0.141922 -0.228806 0.0863 0.1020 0.1490
v 0.092659 0.309998 -0.192841 0.1216 0.1686 0.2471
v 0.092667 -0.270721 -0.195206 0.0314 0.0353 0.0549
v 0.092674 0.236267 0.236633 0.0784 0.0902 0.1451
v 0.092720 -0.227417 -0.147293 0.0431 0.0471 0.0588
v 0.092957 -0.277008 0.230560 0.0510 0.0549 0.0627
v 0.093056 -0.312653 -0.300262 0.0510 0.0549 0.0627
v 0.093056 -0.385864 0.306458 0.1294 0.1176 0.1216
v 0.093086 0.359497 0.145782 0.0353 0.0588 0.1137
v 0.093117 0.116241 -0.218719 0.0706 0.0784 0.1294
v 0.093124 0.160843 0.246063 0.0627 0.0745 0.1294
v 0.093193 -0.124367 -0.137711 0.3333 0.2314 0.1804
v 0.093384 0.235565 -0.219513 0.0824 0.0902 0.1373
v 0.093384 -0.282257 -0.185638 0.0353 0.0392 0.0471
v 0.093468 -0.264587 0.004776 0.0588 0.0549 0.0510
v 0.093513 -0.175995 0.101418 0.3568 0.2078 0.1176
v 0.093521 -0.236069 0.015682 0.1843 0.1059 0.0510
v 0.093544 0.228958 0.237579 0.0745 0.0902 0.1451
v 0.093765 -0.267853 -0.331879 0.0431 0.0471 0.0627
v 0.093842 0.056553 -0.199158 0.0784 0.0667 0.0980
v 0.093956 0.291687 0.209213 0.0902 0.1059 0.1530
v 0.093979 -0.264099 0.307251 0.0392 0.0431 0.0471
v 0.094116 0.196487 -0.235855 0.0863 0.0941 0.1451
v 0.094215 -0.385010 0.316589 0.2432 0.2432 0.2823
v 0.094238 -0.430878 0.410645 0.1020 0.1255 0.1961
v 0.094261 -0.373413 0.193604 0.0392 0.0392 0.0392
v 0.094276 -0.290436 0.259369 0.0627 0.0667 0.0745
v 0.094345 0.404510 0.065971 0.0039 0.1333 0.2667
v 0.094704 -0.294983 0.245041 0.0745 0.0745 0.0824
v 0.094727 -0.379059 0.309875 0.1765 0.1686 0.1804
v 0.094765 0.325073 -0.180725 0.1569 0.2000 0.2745
v 0.094765 0.359314 -0.139862 0.1059 0.1412 0.2118
v 0.094795 0.097740 0.215164 0.0627 0.0745 0.1255
v 0.094887 -0.255859 -0.325684 0.0471 0.0510 0.0667
v 0.094887 -0.275238 0.273132 0.0588 0.0627 0.0784
v 0.094887 -0.431000 0.388824 0.0627 0.0784 0.1530
v 0.094978 -0.370209 0.188049 0.0510 0.0510 0.0510
v 0.095055 0.397949 -0.064857 0.0392 0.0627 0.1098
v 0.095062 -0.372009 0.286987 0.0667 0.0627 0.0627
v 0.095108 0.260437 0.226822 0.1020 0.1216 0.1843
v 0.095222 -0.170715 0.217926 0.0471 0.0510 0.0588
v 0.095284 -0.262756 -0.309357 0.0627 0.0667 0.0824
v 0.095360 0.402802 0.052044 0.0353 0.0980 0.1882
v 0.095543 -0.006545 -0.179398 0.3686 0.3216 0.3098
v 0.095558 -0.257172 -0.181122 0.0392 0.0431 0.0588
v 0.095596 -0.243530 0.226822 0.0706 0.0706 0.0784
v 0.095596 -0.379272 0.207962 0.0667 0.0667 0.0667
v 0.095657 0.214050 0.243393 0.0510 0.0627 0.1216
v 0.095688 0.229584 0.237762 0.0745 0.0902 0.1451
v 0.095703 -0.428436 0.401031 0.2000 0.2392 0.4275
v 0.095863 -0.336700 0.277802 0.0627 0.0627 0.0627
v 0.095886 -0.270233 0.227890 0.0549 0.0627 0.0627
v 0.095894 -0.372131 0.140823 0.0706 0.0745 0.0824
v 0.095955 0.028793 -0.191391 0.1020 0.0745 0.0980
v 0.095963 -0.372284 0.165649 0.0431 0.0431 0.0471
v 0.095993 -0.091782 0.156464 0.5686 0.3843 0.2745
v 0.096054 -0.186035 0.220779 0.0745 0.0745 0.0745
v 0.096054 -0.232391 0.027271 0.2157 0.1216 0.0627
v 0.096291 0.258057 -0.211777 0.0863 0.0941 0.1490
v 0.096428 0.315857 -0.182236 0.1098 0.1569 0.2235
v 0.096436 -0.386230 0.285126 0.0863 0.0745 0.1059
v 0.096649 -0.408356 0.333710 0.1059 0.1373 0.3059
v 0.096664 0.020805 0.198517 0.1647 0.0863 0.1294
v 0.096687 -0.271240 0.293732 0.0353 0.0353 0.0431
v 0.096733 -0.069221 -0.164612 0.5530 0.5059 0.5019
v 0.096756 -0.215927 -0.175751 0.0314 0.0471 0.0824
v 0.096786 -0.286224 0.273895 0.0392 0.0431 0.0471
v 0.096809 0.334167 -0.169235 0.1373 0.1804 0.2588
v 0.096809 -0.417786 0.371246 0.1294 0.1804 0.4550
v 0.096825 0.044090 0.207581 0.1137 0.0824 0.1137
v 0.096848 -0.376221 0.146225 0.0667 0.0706 0.0784
v 0.096870 -0.276489 0.290009 0.0353 0.0353 0.0392
v 0.097031 0.181168 -0.234528 0.0941 0.1020 0.1530
v 0.097038 -0.382751 0.236115 0.0706 0.0784 0.0745
v 0.097076 -0.241272 0.184494 0.0824 0.0824 0.0784
v 0.097145 0.121750 0.220261 0.0549 0.0745 0.1294
v 0.097145 -0.388153 0.310852 0.0980 0.0980 0.1294
v 0.097313 0.279449 -0.199310 0.0784 0.0980 0.1608
v 0.097427 -0.254120 0.171127 0.0902 0.0863 0.0784
v 0.097488 0.323883 0.180908 0.0471 0.0627 0.1098
v 0.097527 0.151367 -0.233734 0.0902 0.0980 0.1490
v 0.097549 0.165558 -0.233459 0.0863 0.1020 0.1490
v 0.097618 -0.430969 -0.247086 0.0863 0.0863 0.0863
v 0.097740 0.034283 0.205383 0.1216 0.0824 0.1137
v 0.097771 0.246109 0.231369 0.0902 0.1020 0.1608
v 0.097832 0.390503 0.088371 0.0157 0.0588 0.1412
v 0.097916 -0.383118 0.121185 0.0667 0.0706 0.0784
v 0.098007 -0.272430 0.043385 0.0510 0.0510 0.0510
v 0.098114 -0.009851 0.182037 0.5294 0.4039 0.3725
v 0.098114 -0.335175 -0.406738 0.0588 0.0706 0.1059
v 0.098160 -0.299225 0.265656 0.0392 0.0431 0.0549
v 0.098213 -0.371704 -0.445770 0.0314 0.0471 0.0824
v 0.098221 -0.431000 0.367188 0.0549 0.0824 0.1216
v 0.098328 0.223434 -0.227951 0.0863 0.0941 0.1490
v 0.098396 -0.357147 0.212311 0.0353 0.0353 0.0353
v 0.098442 -0.290283 0.252502 0.0784 0.0824 0.0902
v 0.098473 -0.318634 -0.284149 0.0510 0.0549 0.0706
v 0.098503 0.144775 0.230331 0.0588 0.0745 0.1216
v 0.098518 -0.428192 0.421173 0.2667 0.2902 0.3843
v 0.098587 -0.264160 -0.295502 0.0667 0.0706 0.0863
v 0.098671 0.410675 0.002767 0.0314 0.0667 0.1255
v 0.098701 -0.282410 0.253448 0.0745 0.0784 0.0863
v 0.098770 0.372437 0.127563 0.0392 0.0706 0.1294
v 0.098892 -0.322540 -0.233353 0.0314 0.0275 0.0353
v 0.099098 -0.279144 -0.320404 0.0235 0.0275 0.0431
v 0.099136 -0.404480 0.334259 0.0902 0.1176 0.2510
v 0.099167 -0.273499 0.063057 0.0431 0.0431 0.0431
v 0.099182 -0.363495 0.186066 0.0392 0.0392 0.0431
v 0.099190 -0.208969 0.209656 0.0824 0.0824 0.0902
v 0.099220 -0.420715 0.346588 0.1451 0.1843 0.4118
v 0.099251 -0.191238 0.086380 0.3255 0.1843 0.0980
v 0.099281 0.408325 0.027636 0.0353 0.0824 0.1451
v 0.099289 -0.384979 0.184967 0.0196 0.0196 0.0157
v 0.099365 -0.326080 -0.233917 0.0235 0.0235 0.0235
v 0.099396 -0.428680 0.371185 0.1725 0.2157 0.4510
v 0.099487 0.089455 -0.204483 0.0745 0.0627 0.1020
v 0.099617 0.143661 -0.218552 0.0824 0.0941 0.1412
v 0.099716 0.012199 -0.183716 0.2706 0.2039 0.1922
v 0.099785 -0.054230 -0.169693 0.5804 0.5255 0.5137
v 0.099838 -0.099922 -0.150742 0.4745 0.3961 0.3725
v 0.099968 0.188675 0.247787 0.0667 0.0784 0.1451
v 0.099983 -0.221115 0.190781 0.0784 0.0784 0.0784
v 0.100006 -0.382172 0.306854 0.0745 0.0706 0.0824
v 0.100258 -0.353180 0.244125 0.0275 0.0353 0.0314
v 0.100266 -0.263916 -0.326630 0.0353 0.0392 0.0549
v 0.100319 -0.329193 0.275421 0.0510 0.0510 0.0588
v 0.100418 0.396942 0.082809 0.0078 0.0745 0.1647
v 0.100533 0.008156 0.188065 0.2627 0.1333 0.1490
v 0.100624 -0.325470 -0.219376 0.0314 0.0353 0.0431
v 0.100815 -0.377502 0.105721 0.0549 0.0549 0.0627
v 0.100876 -0.366302 0.170853 0.0392 0.0392 0.0392
v 0.100906 0.078461 0.213150 0.0745 0.0706 0.1216
v 0.100929 -0.389282 0.323303 0.2392 0.2510 0.3176
v 0.100975 0.382690 0.095314 0.0118 0.0588 0.1255
v 0.101074 -0.266174 0.011508 0.0588 0.0549 0.0471
v 0.101158 -0.327820 -0.244629 0.0118 0.0039 0.0039
v 0.101189 -0.404907 0.326172 0.1608 0.1686 0.3333
v 0.101219 -0.327545 -0.264801 0.0314 0.0196 0.0235
v 0.101227 0.303375 0.197083 0.0627 0.0784 0.1255
v 0.101295 -0.330322 -0.211014 0.0314 0.0353 0.0431
v 0.101295 -0.393219 0.270081 0.0706 0.0745 0.0824
v 0.101440 -0.305786 -0.281677 0.0196 0.0196 0.0275
v 0.101494 -0.379333 0.101097 0.0471 0.0471 0.0549
v 0.101517 0.252411 -0.216965 0.0824 0.0902 0.1412
v 0.101532 -0.430695 0.416229 0.2353 0.2627 0.3843
v 0.101540 0.164185 0.243195 0.0510 0.0667 0.1137
v 0.101547 -0.281128 0.273163 0.0667 0.0745 0.0863
v 0.101555 0.336639 0.171066 0.0549 0.0706 0.1176
v 0.101631 -0.236084 -0.171356 0.0353 0.0471 0.0667
v 0.101662 -0.289429 0.196045 0.0471 0.0549 0.0510
v 0.101822 0.366425 -0.125504 0.0745 0.1098 0.1647
v 0.101830 0.056313 0.208588 0.0824 0.0667 0.1020
v 0.101852 -0.334930 -0.183304 0.0471 0.0471 0.0549
v 0.101852 -0.348053 0.256744 0.0431 0.0431 0.0431
v 0.101875 0.405273 -0.033455 0.0392 0.0588 0.1294
v 0.101974 -0.266632 -0.007623 0.0510 0.0549 0.0549
v 0.101982 -0.282715 -0.180176 0.0392 0.0431 0.0549
v 0.102020 -0.360626 -0.437103 0.0588 0.0706 0.1059
v 0.102043 0.274353 0.215927 0.1020 0.1255 0.1804
v 0.102242 0.307007 -0.183624 0.1098 0.1451 0.2039
v 0.102242 -0.279053 0.131821 0.0902 0.0824 0.0863
v 0.102287 -0.302917 0.245193 0.0549 0.0510 0.0627
v 0.102318 -0.355927 0.230728 0.0275 0.0275 0.0275
v 0.102333 -0.413452 0.329071 0.1490 0.1882 0.4235
v 0.102341 -0.428467 -0.480011 0.0588 0.0706 0.1020
v 0.102356 -0.258301 0.198547 0.0667 0.0667 0.0745
v 0.102432 0.070724 0.211349 0.0784 0.0706 0.1098
v 0.102432 -0.328430 -0.201324 0.0314 0.0353 0.0471
v 0.102562 -0.391235 -0.459229 0.0314 0.0471 0.0824
v 0.102608 -0.268066 -0.259430 0.0510 0.0549 0.0745
v 0.102608 -0.401215 0.194839 0.0745 0.0745 0.0745
v 0.102615 0.062313 -0.201157 0.0863 0.0784 0.0902
v 0.102676 0.251495 0.227585 0.0941 0.1176 0.1804
v 0.102699 -0.275787 0.203842 0.0471 0.0510 0.0588
v 0.102722 -0.396271 0.223801 0.0706 0.0784 0.0784
v 0.102737 -0.068970 0.166016 0.6157 0.4432 0.3372
v 0.102760 0.181717 0.243240 0.0588 0.0706 0.1294
v 0.102806 -0.339386 -0.169067 0.0510 0.0510 0.0549
v 0.102837 0.098579 0.214737 0.0667 0.0745 0.1216
v 0.102966 0.112587 0.217682 0.0588 0.0706 0.1294
v 0.102982 -0.389954 0.151382 0.0549 0.0549 0.0627
v 0.102989 -0.177979 0.217697 0.0588 0.0627 0.0706
v 0.102997 -0.156464 -0.165237 0.0314 0.0431 0.0627
v 0.103027 -0.222809 -0.035286 0.1686 0.1020 0.0392
v 0.103371 0.402252 0.033871 0.0392 0.0863 0.1412
v 0.103386 -0.431000 -0.316986 0.0863 0.0863 0.0863
v 0.103546 -0.323914 0.181702 0.0314 0.0353 0.0431
v 0.103630 0.378174 0.106125 0.0235 0.0706 0.1373
v 0.103638 0.224228 0.240097 0.0745 0.0863 0.1451
v 0.103653 -0.328918 -0.378143 0.0549 0.0667 0.0863
v 0.103676 -0.276276 0.182053 0.0549 0.0627 0.0627
v 0.103699 -0.308075 0.189529 0.0392 0.0431 0.0510
v 0.103821 -0.382294 0.085480 0.0627 0.0667 0.0745
v 0.103828 0.385193 -0.093369 0.0314 0.0549 0.1059
v 0.103851 0.406769 0.012221 0.0392 0.0706 0.1373
v 0.104012 0.028690 -0.185394 0.2549 0.1843 0.1725
v 0.104065 -0.330719 0.183319 0.0275 0.0431 0.0471
v 0.104080 -0.430939 0.087952 0.0863 0.0863 0.0863
v 0.104195 0.401794 -0.043079 0.0392 0.0627 0.1059
v 0.104195 -0.398560 0.326141 0.1804 0.1882 0.3647
v 0.104256 0.180939 -0.236481 0.0941 0.1020 0.1530
v 0.104324 -0.363373 0.168930 0.0431 0.0431 0.0471
v 0.104324 -0.407623 0.315582 0.1294 0.1647 0.3921
v 0.104370 -0.267334 -0.231247 0.0627 0.0627 0.0784
v 0.104370 -0.401978 0.118385 0.0275 0.0275 0.0353
v 0.104492 -0.405975 0.096138 0.0471 0.0510 0.0588
v 0.104538 -0.430969 0.040810 0.0824 0.0824 0.0902
v 0.104607 -0.394104 0.091431 0.0431 0.0471 0.0549
v 0.104637 -0.295746 0.186676 0.0706 0.0745 0.0824
v 0.104645 -0.313721 0.252136 0.0314 0.0314 0.0392
v 0.104652 -0.396057 0.138962 0.0431 0.0431 0.0510
v 0.104660 0.139618 0.224503 0.0588 0.0706 0.1294
v 0.104698 -0.408630 0.334778 0.1765 0.2039 0.4118
v 0.104843 -0.277954 0.070099 0.0510 0.0510 0.0510
v 0.104988 -0.193970 0.212524 0.0627 0.0627 0.0706
v 0.104996 -0.334900 -0.212952 0.0157 0.0196 0.0235
v 0.105011 -0.430908 0.103897 0.0627 0.0627 0.0667
v 0.105034 -0.243576 -0.171265 0.0431 0.0471 0.0627
v 0.105049 -0.408478 0.117287 0.0353 0.0353 0.0431
v 0.105110 -0.339874 0.252686 0.0588 0.0588 0.0588
v 0.105125 -0.333801 -0.167130 0.0353 0.0353 0.0431
v 0.105171 -0.352844 -0.142807 0.0706 0.0706 0.0784
v 0.105202 0.103401 -0.204453 0.0706 0.0784 0.1255
v 0.105209 -0.263641 0.230011 0.0549 0.0549 0.0549
v 0.105385 0.076172 -0.203476 0.0706 0.0667 0.0824
v 0.105453 0.320221 -0.174438 0.1098 0.1530 0.2078
v 0.105453 -0.331512 -0.279388 0.0549 0.0471 0.0510
v 0.105499 -0.170135 -0.105865 0.2235 0.1333 0.0667
v 0.105545 -0.341705 -0.202240 0.0275 0.0275 0.0353
v 0.105644 -0.430939 -0.193115 0.0863 0.0863 0.0863
v 0.105682 -0.325836 0.260193 0.0706 0.0706 0.0784
v 0.105698 0.158661 0.239304 0.0706 0.0824 0.1412
v 0.105713 -0.145844 -0.125168 0.2823 0.1725 0.1255
v 0.105896 -0.258209 0.153992 0.0863 0.0863 0.0863
v 0.105896 -0.269196 0.182709 0.0706 0.0745 0.0824
v 0.105911 -0.229782 -0.017006 0.1686 0.1020 0.0392
v 0.106018 0.209824 0.244278 0.0549 0.0706 0.1216
v 0.106064 0.035347 0.197723 0.1098 0.0745 0.1137
v 0.106094 -0.423462 0.340790 0.1608 0.2039 0.4510
v 0.106140 0.053524 -0.191208 0.0941 0.0549 0.0706
v 0.106232 -0.313232 0.188293 0.0471 0.0510 0.0588
v 0.106270 -0.217346 -0.144135 0.0392 0.0471 0.0667
v 0.106316 0.390137 -0.072006 0.0314 0.0549 0.1020
v 0.106361 -0.368286 -0.083878 0.0549 0.0588 0.0667
v 0.106377 -0.275360 0.134048 0.0784 0.0784 0.0784
v 0.106392 -0.403046 0.151016 0.0235 0.0235 0.0314
v 0.106392 -0.417389 -0.471680 0.0510 0.0667 0.1098
v 0.106506 -0.360260 -0.124207 0.0235 0.0235 0.0353
v 0.106628 0.136261 -0.216370 0.0824 0.0941 0.1412
v 0.106644 -0.430939 0.120193 0.0667 0.0667 0.0706
v 0.106651 -0.232544 -0.131729 0.0392 0.0431 0.0510
v 0.106667 0.123482 -0.219971 0.0745 0.0902 0.1373
v 0.106674 -0.255646 -0.077576 0.0471 0.0510 0.0588
v 0.106758 -0.348816 0.163712 0.0784 0.0784 0.0824
v 0.106819 -0.342377 -0.133850 0.0275 0.0392 0.0431
v 0.106827 -0.325043 -0.332001 0.0667 0.0824 0.0941
v 0.106834 0.066299 0.203842 0.0706 0.0667 0.0980
v 0.106888 -0.337372 0.167831 0.0667 0.0667 0.0745
v 0.106918 0.071808 0.204590 0.0745 0.0706 0.1059
v 0.106926 0.154968 -0.225922 0.0902 0.0980 0.1490
v 0.106941 0.217682 -0.226501 0.0902 0.0980 0.1490
v 0.106995 -0.430878 0.161682 0.1059 0.0902 0.1059
v 0.107010 -0.338715 -0.139999 0.0275 0.0353 0.0431
v 0.107048 -0.268768 -0.291382 0.0510 0.0549 0.0706
v 0.107056 -0.365814 -0.103699 0.0314 0.0353 0.0431
v 0.107071 -0.252319 0.202347 0.0549 0.0549 0.0627
v 0.107071 -0.431061 -0.475098 0.0549 0.0784 0.0902
v 0.107124 -0.331482 -0.181931 0.0314 0.0314 0.0392
v 0.107155 -0.294434 -0.175797 0.0314 0.0314 0.0392
v 0.107170 -0.266846 -0.306061 0.0314 0.0353 0.0510
v 0.107216 0.404022 -0.020752 0.0314 0.0667 0.1176
v 0.107216 -0.325195 -0.268768 0.2432 0.2275 0.2275
v 0.107224 0.318207 0.187881 0.0745 0.0902 0.1373
v 0.107269 -0.429138 0.080017 0.0667 0.0667 0.0667
v 0.107315 -0.428131 0.352631 0.1765 0.2118 0.4432
v 0.107330 -0.365143 0.139236 0.0784 0.0784 0.0863
v 0.107422 -0.430908 0.196381 0.0784 0.0784 0.0863
v 0.107460 -0.411255 0.307312 0.1451 0.1686 0.4078
v 0.107506 0.399872 -0.032738 0.0471 0.0627 0.1216
v 0.107506 -0.360291 0.181534 0.0706 0.0745 0.0706
v 0.107574 -0.359711 0.155624 0.0745 0.0745 0.0824
v 0.107681 0.399139 0.051174 0.0510 0.0824 0.1608
v 0.107689 -0.431030 -0.379730 0.0863 0.0863 0.0941
v 0.107704 -0.180557 0.209015 0.0471 0.0510 0.0627
v 0.107719 -0.430908 0.342468 0.0863 0.1216 0.2039
v 0.107750 0.158676 0.233429 0.0627 0.0706 0.1294
v 0.108040 -0.430206 0.102036 0.0549 0.0549 0.0627
v 0.108047 0.126236 0.219788 0.0549 0.0667 0.1255
v 0.108101 -0.333252 0.253540 0.0706 0.0706 0.0706
v 0.108116 -0.270538 -0.265930 0.0667 0.0706 0.0863
v 0.108124 -0.374207 0.082329 0.0471 0.0510 0.0549
v 0.108185 -0.372711 -0.061634 0.0510 0.0549 0.0627
v 0.108200 -0.318726 0.161591 0.0941 0.0980 0.1059
v 0.108208 -0.428650 0.173981 0.0667 0.0667 0.0784
v 0.108376 -0.346100 0.224686 0.0471 0.0471 0.0471
v 0.108391 -0.421692 0.160309 0.0549 0.0549 0.0588
v 0.108391 -0.429626 0.030455 0.0706 0.0667 0.0706
v 0.108414 -0.382263 -0.444489 0.0235 0.0392 0.0745
v 0.108437 -0.351227 0.241104 0.0549 0.0588 0.0588
v 0.108513 -0.429138 0.121872 0.0510 0.0549 0.0627
v 0.108536 -0.417175 0.213623 0.0745 0.0784 0.0863
v 0.108536 -0.431030 -0.011995 0.0784 0.0824 0.0863
v 0.108589 -0.043953 0.172745 0.6315 0.4863 0.4157
v 0.108612 -0.263489 -0.020189 0.0510 0.0549 0.0549
v 0.108612 -0.428558 0.190720 0.0745 0.0745 0.0824
v 0.108788 -0.307526 0.242584 0.0431 0.0392 0.0510
v 0.108856 -0.273926 -0.241486 0.0667 0.0706 0.0784
v 0.108864 -0.412933 0.095512 0.0471 0.0471 0.0549
v 0.108910 -0.189468 -0.150314 0.0392 0.0471 0.0667
v 0.108925 -0.293640 -0.153015 0.0627 0.0627 0.0745
v 0.108986 -0.270264 0.056999 0.0431 0.0471 0.0471
v 0.109047 -0.425751 0.066719 0.0471 0.0471 0.0510
v 0.109055 -0.426880 0.097618 0.0510 0.0510 0.0588
v 0.109085 -0.268097 0.026077 0.0471 0.0549 0.0471
v 0.109116 -0.260010 0.205887 0.0392 0.0392 0.0471
v 0.109154 0.081635 -0.197113 0.0588 0.0706 0.0902
v 0.109253 0.353149 -0.140533 0.0902 0.1373 0.2000
v 0.109360 -0.261475 -0.040108 0.0510 0.0588 0.0549
v 0.109489 -0.335144 -0.260834 0.0784 0.0706 0.0667
v 0.109550 -0.281982 -0.153946 0.0588 0.0588 0.0745
v 0.109558 -0.428986 0.150742 0.0549 0.0588 0.0667
v 0.109604 -0.278717 0.168030 0.0549 0.0588 0.0667
v 0.109657 -0.385101 -0.070480 0.0549 0.0588 0.0667
v 0.109718 -0.278778 -0.190567 0.0314 0.0314 0.0392
v 0.109726 0.281555 -0.199799 0.0784 0.0902 0.1490
v 0.109734 -0.367981 0.080086 0.0275 0.0314 0.0392
v 0.109749 -0.342224 0.223557 0.0471 0.0471 0.0471
v 0.109749 -0.416199 0.279846 0.0784 0.0824 0.0902
v 0.109779 0.173798 -0.231766 0.0941 0.1020 0.1530
v 0.109840 -0.207535 0.191940 0.0627 0.0667 0.0745
v 0.109848 -0.261597 -0.170578 0.0471 0.0471 0.0627
v 0.109909 -0.267365 0.070984 0.0510 0.0510 0.0510
v 0.109924 -0.394806 0.095901 0.0431 0.0471 0.0549
v 0.109962 -0.295593 -0.168198 0.0275 0.0314 0.0392
v 0.110016 -0.412109 0.077583 0.0471 0.0510 0.0588
v 0.110107 -0.426361 0.320557 0.1647 0.2000 0.4275
v 0.110191 -0.231705 -0.002913 0.1804 0.0980 0.0392
v 0.110268 -0.314209 0.246857 0.0275 0.0275 0.0314
v 0.110344 -0.334259 -0.288422 0.0824 0.0706 0.0706
v 0.110397 -0.426056 0.016193 0.0392 0.0431 0.0549
v 0.110405 0.335815 -0.157501 0.1059 0.1530 0.2157
v 0.110504 -0.430969 0.242493 0.0824 0.0863 0.0902
v 0.110519 -0.368164 0.108627 0.0549 0.0549 0.0627
v 0.110527 -0.301575 -0.146500 0.0549 0.0588 0.0745
v 0.110542 0.225266 0.241943 0.0863 0.0980 0.1569
v 0.110580 -0.329010 -0.303680 0.0667 0.0706 0.0784
v 0.110626 -0.328644 -0.258759 0.3412 0.3255 0.3216
v 0.110634 -0.165817 -0.156387 0.0275 0.0392 0.0588
v 0.110657 -0.162415 -0.113205 0.2471 0.1412 0.0863
v 0.110672 -0.344757 0.118134 0.0510 0.0510 0.0510
v 0.110733 0.275726 0.216782 0.1176 0.1412 0.2000
v 0.110756 0.344666 0.158096 0.0549 0.0706 0.1176
v 0.110771 -0.301666 0.175476 0.0980 0.1020 0.1098
v 0.110825 -0.313202 -0.267365 0.0196 0.0196 0.0275
v 0.110870 -0.321686 -0.156815 0.0275 0.0353 0.0353
v 0.110962 -0.270874 -0.223938 0.0353 0.0392 0.0471
v 0.110970 -0.430939 0.291351 0.0902 0.0980 0.1373
v 0.111008 -0.278168 -0.268616 0.0588 0.0627 0.0784
v 0.111038 -0.400269 0.168747 0.3216 0.2941 0.2941
v 0.111099 -0.336395 -0.276917 0.5373 0.5176 0.5098
v 0.111115 -0.429169 -0.012033 0.0549 0.0588 0.0667
v 0.111206 0.155853 0.232971 0.0549 0.0627 0.1255
v 0.111229 -0.001063 0.183441 0.5843 0.4275 0.3451
v 0.111320 -0.323090 -0.114288 0.0745 0.0784 0.0863
v 0.111343 -0.309967 -0.163574 0.0275 0.0275 0.0392
v 0.111359 -0.311676 -0.133804 0.0549 0.0588 0.0667
v 0.111412 0.369385 0.123657 0.0314 0.0706 0.1176
v 0.111427 -0.330780 -0.123444 0.0353 0.0510 0.0549
v 0.111435 -0.354248 0.173691 0.1412 0.1333 0.1333
v 0.111443 -0.338409 0.173096 0.0078 0.0118 0.0157
v 0.111458 -0.355774 0.070671 0.0196 0.0275 0.0275
v 0.111465 -0.407867 0.030859 0.0314 0.0353 0.0431
v 0.111496 -0.383331 0.167984 0.5176 0.4784 0.4745
v 0.111511 -0.428833 0.220795 0.0863 0.0902 0.0980
v 0.111557 -0.332794 -0.146896 0.0314 0.0353 0.0431
v 0.111565 -0.273315 -0.308777 0.0471 0.0510 0.0667
v 0.111649 -0.231659 0.205536 0.0745 0.0745 0.0824
v 0.111664 -0.395538 -0.077980 0.0392 0.0431 0.0510
v 0.111679 0.102707 0.210358 0.0667 0.0706 0.1176
v 0.111710 -0.273285 -0.208984 0.0510 0.0549 0.0706
v 0.111710 -0.306854 0.170364 0.0941 0.0980 0.1059
v 0.111748 -0.379059 -0.062263 0.0549 0.0588 0.0667
v 0.111763 -0.344940 -0.109459 0.0745 0.0745 0.0745
v 0.111877 0.296631 -0.190231 0.1216 0.1490 0.2118
v 0.111931 -0.323700 -0.154526 0.0275 0.0353 0.0314
v 0.111984 -0.429199 0.157776 0.1020 0.0980 0.0980
v 0.112007 0.124336 -0.211395 0.0745 0.0824 0.1333
v 0.112122 0.401703 0.070244 0.0275 0.1294 0.2392
v 0.112137 0.361603 0.135544 0.0431 0.0667 0.1216
v 0.112137 -0.431000 -0.058880 0.0784 0.0824 0.0902
v 0.112144 -0.327209 -0.127823 0.0275 0.0431 0.0471
v 0.112198 -0.295715 0.232590 0.0471 0.0431 0.0588
v 0.112251 0.245255 0.233948 0.1020 0.1255 0.1882
v 0.112259 -0.120918 0.141449 0.5373 0.3529 0.2432
v 0.112267 0.244751 -0.214417 0.0706 0.0784 0.1294
v 0.112282 0.369629 -0.119553 0.0902 0.1294 0.1843
v 0.112289 -0.343414 -0.395691 0.0549 0.0667 0.0941
v 0.112312 -0.358032 -0.056965 0.0431 0.0471 0.0549
v 0.112320 -0.352966 -0.412781 0.0588 0.0706 0.1059
v 0.112358 -0.430603 0.314758 0.1647 0.1922 0.3725
v 0.112411 -0.205963 -0.060108 0.1961 0.1098 0.0549
v 0.112434 -0.269684 0.083374 0.0667 0.0667 0.0667
v 0.112473 -0.338135 0.145462 0.0392 0.0392 0.0431
v 0.112518 -0.269470 -0.162186 0.0510 0.0471 0.0667
v 0.112541 0.183609 0.245178 0.0627 0.0745 0.1412
v 0.112564 -0.400330 0.077866 0.0431 0.0431 0.0510
v 0.112572 0.141525 0.225693 0.0549 0.0667 0.1294
v 0.112648 -0.337769 -0.107857 0.0745 0.0784 0.0824
v 0.112679 -0.265289 -0.139297 0.0471 0.0510 0.0627
v 0.112694 -0.282410 -0.145187 0.0588 0.0627 0.0784
v 0.112717 -0.380127 -0.094154 0.0471 0.0471 0.0549
v 0.112747 -0.365326 -0.047504 0.0392 0.0471 0.0510
v 0.112778 -0.425751 -0.020428 0.0196 0.0235 0.0314
v 0.112785 -0.212982 0.057243 0.2784 0.1686 0.0863
v 0.112831 -0.428375 0.289062 0.1020 0.1059 0.1608
v 0.112846 -0.349792 -0.090027 0.0667 0.0706 0.0863
v 0.113022 0.400482 -0.000355 0.0275 0.0706 0.1137
v 0.113029 -0.396423 -0.086685 0.0314 0.0314 0.0392
v 0.113098 -0.406403 -0.012189 0.0196 0.0235 0.0392
v 0.113121 -0.364655 0.177124 0.4039 0.3843 0.3725
v 0.113274 -0.272736 0.112984 0.0784 0.0784 0.0784
v 0.113281 0.061230 -0.184280 0.1451 0.0549 0.0471
v 0.113281 0.270386 -0.198334 0.0745 0.0863 0.1451
v 0.113304 -0.398773 0.054974 0.0353 0.0353 0.0431
v 0.113464 -0.322235 0.253845 0.0549 0.0549 0.0549
v 0.113480 -0.183258 -0.164062 0.0627 0.0706 0.0902
v 0.113510 0.305878 0.194397 0.0784 0.0941 0.1412
v 0.113548 0.201004 -0.233078 0.0902 0.0980 0.1490
v 0.113686 -0.180481 -0.095108 0.2157 0.1255 0.0627
v 0.113724 -0.262878 0.016567 0.0471 0.0549 0.0510
v 0.113724 -0.356598 -0.202820 0.0353 0.0353 0.0353
v 0.113815 0.222443 0.239426 0.0863 0.0980 0.1569
v 0.113953 0.098801 -0.202850 0.0667 0.0706 0.1059
v 0.113991 -0.316071 -0.111404 0.0745 0.0784 0.0863
v 0.113991 -0.359406 0.136414 0.0667 0.0667 0.0706
v 0.114151 -0.314697 0.144653 0.0902 0.0941 0.1020
v 0.114174 -0.248856 -0.092224 0.0431 0.0471 0.0549
v 0.114182 -0.412750 0.159882 0.2471 0.2392 0.2392
v 0.114197 -0.348785 0.129181 0.0549 0.0549 0.0549
v 0.114220 -0.396759 -0.453033 0.0275 0.0431 0.0784
v 0.114227 -0.214218 0.203979 0.0784 0.0784 0.0824
v 0.114258 -0.421326 0.166412 0.3451 0.3412 0.3333
v 0.114288 0.075890 -0.192398 0.0510 0.0627 0.0784
v 0.114349 -0.429321 -0.054222 0.0627 0.0667 0.0745
v 0.114433 -0.222260 0.039593 0.2588 0.1412 0.0784
v 0.114502 0.060947 0.204453 0.0706 0.0745 0.0980
v 0.114594 -0.296082 -0.293793 0.0196 0.0196 0.0275
v 0.114655 -0.390015 0.092201 0.0431 0.0471 0.0549
v 0.114655 -0.396271 -0.073029 0.0510 0.0549 0.0627
v 0.114784 -0.217102 0.183975 0.0627 0.0627 0.0667
v 0.114876 -0.290131 -0.179626 0.0275 0.0314 0.0392
v 0.114922 0.396942 -0.014689 0.0196 0.0549 0.1020
v 0.114998 0.148300 -0.214478 0.0824 0.0902 0.1412
v 0.115074 -0.356964 0.116310 0.0588 0.0588 0.0667
v 0.115082 0.155411 -0.221436 0.0824 0.0902 0.1412
v 0.115173 -0.268005 0.062450 0.0431 0.0510 0.0471
v 0.115204 -0.333130 -0.146713 0.0275 0.0314 0.0392
v 0.115303 -0.143280 0.127701 0.4902 0.3098 0.2157
v 0.115387 -0.428925 0.166611 0.3019 0.2941 0.2941
v 0.115402 -0.352600 0.137741 0.0627 0.0627 0.0627
v 0.115463 -0.362122 -0.163651 0.0431 0.0471 0.0549
v 0.115479 -0.051075 -0.168701 0.5921 0.5333 0.5216
v 0.115509 -0.246017 0.196426 0.0784 0.0784 0.0863
v 0.115524 -0.425568 -0.058769 0.0549 0.0588 0.0667
v 0.115540 -0.228729 0.173782 0.0627 0.0627 0.0627
v 0.115547 -0.270691 -0.133148 0.0510 0.0510 0.0588
v 0.115547 -0.337128 -0.364471 0.0588 0.0706 0.0902
v 0.115570 -0.400330 -0.063316 0.0471 0.0510 0.0588
v 0.115585 -0.417236 -0.072929 0.0431 0.0471 0.0549
v 0.115601 -0.386139 -0.042053 0.0235 0.0275 0.0431
v 0.115608 -0.332855 0.133011 0.0392 0.0392 0.0431
v 0.115654 0.012201 0.186172 0.6039 0.4275 0.3176
v 0.115692 -0.273590 0.202301 0.0431 0.0471 0.0549
v 0.115723 0.090843 0.209457 0.0627 0.0627 0.1098
v 0.115791 -0.268433 0.039017 0.0392 0.0471 0.0431
v 0.115799 -0.286957 0.226303 0.0471 0.0471 0.0549
v 0.115814 0.203903 0.242996 0.0784 0.0863 0.1451
v 0.115822 -0.262878 -0.135010 0.0471 0.0510 0.0627
v 0.115974 -0.362274 0.198318 0.0078 0.0078 0.0039
v 0.116089 -0.428650 0.327911 0.1843 0.2157 0.4314
v 0.116104 0.270264 0.217377 0.1020 0.1255 0.1882
v 0.116104 -0.279114 -0.196411 0.0196 0.0196 0.0275
v 0.116158 -0.384949 -0.010233 0.0235 0.0275 0.0392
v 0.116180 -0.340759 0.058945 0.0196 0.0196 0.0196
v 0.116219 -0.329041 -0.135666 0.0275 0.0314 0.0471
v 0.116249 -0.377991 -0.133972 0.0275 0.0275 0.0353
v 0.116302 -0.328094 0.247467 0.0471 0.0471 0.0471
v 0.116356 -0.248795 -0.165268 0.0549 0.0549 0.0706
v 0.116356 -0.340332 0.082809 0.0275 0.0314 0.0392
v 0.116440 -0.355927 0.099655 0.0471 0.0510 0.0588
v 0.116478 -0.369598 0.170425 0.5843 0.5490 0.5412
v 0.116493 -0.333740 -0.164551 0.0275 0.0314 0.0392
v 0.116531 -0.309204 0.129990 0.0745 0.0745 0.0824
v 0.116554 -0.431000 -0.085129 0.0627 0.0667 0.0706
v 0.116707 0.121033 0.217026 0.0549 0.0667 0.1255
v 0.116707 -0.357544 0.219498 0.0314 0.0314 0.0314
v 0.116791 -0.253082 0.222382 0.0588 0.0588 0.0588
v 0.116837 -0.290833 0.159668 0.0706 0.0706 0.0784
v 0.116859 -0.325745 -0.139130 0.0275 0.0314 0.0471
v 0.116959 -0.340851 0.101532 0.0392 0.0431 0.0510
v 0.116959 -0.430939 -0.121521 0.0706 0.0627 0.0706
v 0.116974 0.165894 -0.224731 0.0941 0.1020 0.1530
v 0.117043 -0.373474 -0.029882 0.0196 0.0235 0.0392
v 0.117081 -0.192307 0.205505 0.0667 0.0667 0.0667
v 0.117149 -0.331909 -0.291199 0.0588 0.0627 0.0784
v 0.117203 0.076462 0.207138 0.0706 0.0588 0.1020
v 0.117256 0.006064 -0.180725 0.5059 0.4510 0.4157
v 0.117340 0.134171 -0.217606 0.0784 0.0902 0.1412
v 0.117363 -0.274750 0.157654 0.0471 0.0510 0.0588
v 0.117386 0.107498 0.211197 0.0588 0.0667 0.1137
v 0.117424 0.315308 -0.168457 0.0980 0.1333 0.2000
v 0.117561 -0.393524 0.171478 0.4589 0.4235 0.4196
v 0.117592 0.146362 0.218048 0.0588 0.0667 0.1294
v 0.117615 -0.348999 -0.075821 0.0549 0.0588 0.0745
v 0.117622 -0.284943 -0.298553 0.0471 0.0510 0.0667
v 0.117668 0.377075 -0.104279 0.0431 0.0667 0.1216
v 0.117683 -0.430634 0.318909 0.2000 0.2196 0.4118
v 0.117744 -0.417175 0.161285 0.2667 0.2627 0.2549
v 0.117844 0.283905 -0.187820 0.0784 0.0980 0.1569
v 0.117867 0.393463 -0.049290 0.0353 0.0627 0.1098
v 0.117874 -0.020037 -0.177048 0.5686 0.5176 0.5019
v 0.117882 0.394958 0.032578 0.0431 0.0745 0.1294
v 0.117882 -0.380402 -0.142365 0.0471 0.0471 0.0549
v 0.117897 0.188995 0.236923 0.0941 0.1020 0.1608
v 0.117950 0.170609 -0.232956 0.0941 0.1020 0.1530
v 0.117958 0.186203 -0.229584 0.0902 0.0980 0.1490
v 0.117966 -0.428101 -0.082024 0.0627 0.0627 0.0667
v 0.118240 -0.376099 0.002253 0.0235 0.0275 0.0392
v 0.118370 -0.360992 0.182892 0.0824 0.0627 0.0588
v 0.118416 0.387939 -0.071671 0.0431 0.0667 0.1137
v 0.118462 0.038448 0.194931 0.1098 0.0667 0.0980
v 0.118507 -0.390869 -0.110435 0.0353 0.0353 0.0431
v 0.118523 -0.427917 -0.121750 0.0353 0.0353 0.0431
v 0.118538 0.023489 0.187927 0.5764 0.4039 0.3216
v 0.118553 -0.225861 -0.131149 0.0392 0.0431 0.0588
v 0.118645 -0.334839 -0.284515 0.2000 0.1882 0.2000
v 0.118668 -0.363617 -0.189194 0.0549 0.0549 0.0627
v 0.118675 -0.260010 -0.153641 0.0510 0.0471 0.0667
v 0.118713 -0.195953 0.195496 0.0471 0.0510 0.0588
v 0.118721 -0.336639 -0.335541 0.0706 0.0745 0.0902
v 0.118759 -0.383881 0.074715 0.0353 0.0353 0.0431
v 0.118782 -0.333435 -0.048264 0.0353 0.0392 0.0431
v 0.118828 -0.302002 0.147659 0.0863 0.0824 0.0902
v 0.119003 -0.374115 -0.431488 0.0627 0.0745 0.1098
v 0.119034 0.163895 0.227982 0.0667 0.0706 0.1412
v 0.119102 -0.311371 0.187073 0.0471 0.0471 0.0549
v 0.119110 0.245712 0.227142 0.1451 0.1725 0.2471
v 0.119141 0.380005 0.084663 0.0157 0.0431 0.1059
v 0.119194 -0.256531 0.185165 0.0824 0.0824 0.0902
v 0.119240 0.397278 0.054520 0.0039 0.0627 0.1451
v 0.119293 -0.099480 -0.149719 0.5137 0.4353 0.4039
v 0.119339 0.327118 0.173950 0.0510 0.0667 0.1137
v 0.119370 -0.294952 -0.136505 0.0627 0.0667 0.0824
v 0.119377 -0.404236 -0.099998 0.0314 0.0314 0.0392
v 0.119400 -0.357971 0.174316 0.4000 0.3843 0.3804
v 0.119545 -0.369843 -0.167664 0.0667 0.0667 0.0667
v 0.119568 -0.403778 -0.133804 0.0627 0.0627 0.0667
v 0.119698 -0.351715 -0.241684 0.0588 0.0588 0.0667
v 0.119728 -0.375061 -0.066978 0.0510 0.0549 0.0627
v 0.119743 -0.346375 -0.044117 0.0392 0.0392 0.0471
v 0.119942 -0.355743 -0.049614 0.0471 0.0510 0.0588
v 0.119965 0.215179 0.235184 0.0941 0.1020 0.1608
v 0.120010 -0.318268 0.231934 0.0314 0.0314 0.0353
v 0.120056 -0.352814 0.219391 0.0588 0.0588 0.0588
v 0.120079 -0.341980 0.069756 0.0196 0.0196 0.0196
v 0.120094 -0.246582 0.210159 0.0627 0.0706 0.0667
v 0.120186 0.061188 0.198318 0.0863 0.0706 0.0902
v 0.120186 0.355835 -0.132935 0.1255 0.1765 0.2432
v 0.120316 -0.390839 -0.128143 0.0510 0.0471 0.0510
v 0.120369 -0.373688 0.172714 0.5882 0.5530 0.5451
v 0.120422 -0.360077 0.088463 0.0353 0.0392 0.0471
v 0.120567 -0.085411 0.157898 0.6039 0.4196 0.3098
v 0.120567 -0.428589 -0.467834 0.0549 0.0667 0.1020
v 0.120575 -0.169098 -0.157623 0.0353 0.0471 0.0667
v 0.120575 -0.227676 0.019966 0.2275 0.1216 0.0588
v 0.120590 -0.331207 0.109604 0.0314 0.0353 0.0431
v 0.120689 -0.340332 -0.313263 0.1294 0.1333 0.1373
v 0.120697 0.399048 0.006787 0.0275 0.0667 0.1137
v 0.120705 -0.188721 0.085808 0.3529 0.2118 0.1255
v 0.120705 -0.334473 0.178970 0.0510 0.0510 0.0510
v 0.120712 0.070976 0.201904 0.0745 0.0627 0.0902
v 0.120743 -0.429016 -0.107826 0.0510 0.0510 0.0588
v 0.120796 -0.065575 0.165726 0.6315 0.4589 0.3529
v 0.120880 0.319702 -0.162048 0.1098 0.1412 0.2078
v 0.120895 -0.282806 -0.277710 0.0667 0.0706 0.0863
v 0.120979 -0.281769 -0.211288 0.0627 0.0627 0.0706
v 0.121063 -0.257019 0.122398 0.0667 0.0745 0.0706
v 0.121101 0.395996 0.018097 0.0353 0.0706 0.1216
v 0.121147 0.393707 -0.039623 0.0353 0.0627 0.1020
v 0.121178 -0.324097 0.116249 0.0314 0.0353 0.0431
v 0.121208 -0.240723 0.149429 0.0588 0.0667 0.0627
v 0.121231 -0.338043 0.222229 0.0627 0.0627 0.0627
v 0.121239 -0.229858 -0.162277 0.0431 0.0549 0.0706
v 0.121246 -0.368988 0.029171 0.0157 0.0196 0.0275
v 0.121307 -0.429443 0.158035 0.5451 0.5412 0.5294
v 0.121361 -0.405792 -0.112579 0.0392 0.0392 0.0431
v 0.121391 -0.308472 0.228287 0.0627 0.0627 0.0706
v 0.121422 0.230698 -0.220932 0.0784 0.0863 0.1333
v 0.121483 -0.400513 -0.124611 0.0353 0.0353 0.0392
v 0.121506 -0.398254 -0.128723 0.0824 0.0745 0.0745
v 0.121513 -0.293365 0.226440 0.0588 0.0588 0.0706
v 0.121529 -0.284668 -0.220490 0.0314 0.0353 0.0471
v 0.121567 -0.405426 -0.119637 0.0314 0.0314 0.0314
v 0.121582 -0.249771 0.202682 0.0392 0.0392 0.0471
v 0.121590 -0.199295 0.072968 0.3255 0.1882 0.1020
v 0.121605 -0.361420 -0.061844 0.0510 0.0549 0.0627
v 0.121613 0.260590 0.216156 0.1176 0.1490 0.2235
v 0.121620 -0.422943 -0.135391 0.0471 0.0471 0.0549
v 0.121635 -0.182831 -0.146729 0.0314 0.0431 0.0667
v 0.121651 -0.322876 0.211868 0.0784 0.0745 0.0824
v 0.121674 -0.329010 0.055363 0.0157 0.0157 0.0157
v 0.121704 -0.286133 0.196259 0.0471 0.0471 0.0549
v 0.121788 -0.344482 -0.300537 0.3921 0.3843 0.5059
v 0.121811 -0.277802 -0.252075 0.0549 0.0588 0.0745
v 0.121941 -0.291779 0.149658 0.0745 0.0745 0.0824
v 0.121971 0.373474 0.095474 0.0196 0.0510 0.1137
v 0.122009 0.367981 -0.117752 0.0784 0.1137 0.1765
v 0.122208 -0.331512 0.229187 0.0471 0.0471 0.0471
v 0.122231 -0.031258 0.173782 0.6471 0.4863 0.4078
v 0.122314 -0.395264 -0.123711 0.0549 0.0471 0.0510
v 0.122322 0.083916 -0.183929 0.1294 0.0627 0.0275
v 0.122337 -0.369812 -0.061932 0.0431 0.0471 0.0588
v 0.122467 -0.334564 -0.181137 0.0275 0.0314 0.0392
v 0.122559 -0.360260 -0.222519 0.0588 0.0588 0.0588
v 0.122574 -0.363403 -0.127991 0.2823 0.2353 0.2118
v 0.122650 -0.422028 -0.129913 0.1608 0.1490 0.1530
v 0.122696 -0.309113 -0.271881 0.0196 0.0196 0.0275
v 0.122742 0.025400 -0.182968 0.5137 0.4314 0.3843
v 0.122742 0.127792 -0.205032 0.0745 0.0745 0.1333
v 0.122772 0.331909 -0.153488 0.1020 0.1451 0.2235
v 0.122780 0.255737 -0.206985 0.0706 0.0784 0.1294
v 0.122780 -0.155289 0.118042 0.4589 0.2823 0.1922
v 0.122849 -0.322235 0.073486 0.0275 0.0353 0.0314
v 0.122871 0.114433 0.208405 0.0627 0.0667 0.1137
v 0.122902 0.096107 0.205048 0.0667 0.0627 0.1098
v 0.122932 -0.361084 -0.131592 0.3019 0.2471 0.2235
v 0.122940 -0.347626 0.205368 0.0627 0.0627 0.0667
v 0.122948 -0.128693 -0.135223 0.4000 0.2784 0.2039
v 0.122955 0.377991 -0.099754 0.0392 0.0627 0.1216
v 0.123047 0.292297 0.197418 0.0941 0.1137 0.1725
v 0.123169 -0.239777 0.202774 0.0431 0.0431 0.0510
v 0.123199 -0.223770 0.198410 0.0706 0.0706 0.0706
v 0.123253 -0.328796 -0.094688 0.0627 0.0667 0.0745
v 0.123390 0.182526 0.236160 0.0784 0.0863 0.1451
v 0.123444 0.393890 0.037121 0.0471 0.0824 0.1373
v 0.123512 0.337402 0.159424 0.0667 0.0824 0.1294
v 0.123520 0.217209 -0.221008 0.0902 0.0980 0.1451
v 0.123573 -0.219879 0.172928 0.0510 0.0549 0.0588
v 0.123611 -0.264313 0.026333 0.0392 0.0471 0.0431
v 0.123627 -0.333008 -0.197906 0.0235 0.0275 0.0353
v 0.123650 -0.359497 -0.008640 0.0235 0.0275 0.0392
v 0.123741 -0.387177 -0.156570 0.0784 0.0824 0.0863
v 0.123749 -0.262024 0.205200 0.0392 0.0431 0.0510
v 0.123787 -0.262238 0.080147 0.0471 0.0510 0.0510
v 0.123940 -0.359985 0.197723 0.0353 0.0353 0.0353
v 0.124001 -0.171707 0.102760 0.3921 0.2471 0.1530
v 0.124016 -0.202545 -0.138672 0.0314 0.0431 0.0627
v 0.124069 -0.286774 -0.282166 0.0392 0.0431 0.0588
v 0.124115 -0.252869 -0.156906 0.0549 0.0510 0.0706
v 0.124207 0.230957 0.224075 0.1098 0.1294 0.2000
v 0.124268 0.109886 -0.203140 0.0627 0.0745 0.1020
v 0.124313 -0.262238 0.005683 0.0392 0.0471 0.0471
v 0.124359 -0.366516 0.100143 0.0588 0.0627 0.0706
v 0.124382 -0.358429 0.180130 0.4432 0.4196 0.4118
v 0.124466 -0.430939 -0.144363 0.0863 0.0824 0.0902
v 0.124481 -0.382080 -0.132050 0.5255 0.5137 0.4980
v 0.124603 -0.262787 0.103180 0.0667 0.0667 0.0667
v 0.124634 -0.299896 -0.117943 0.0706 0.0706 0.0784
v 0.124741 -0.406067 -0.150070 0.0824 0.0863 0.1020
v 0.124817 -0.428650 -0.144638 0.0706 0.0745 0.0824
v 0.124825 -0.414642 -0.130035 0.3804 0.3686 0.3686
v 0.124847 -0.332794 -0.073647 0.0431 0.0471 0.0549
v 0.124954 -0.319672 0.095345 0.0510 0.0549 0.0627
v 0.125214 -0.215347 -0.132828 0.0314 0.0431 0.0627
v 0.125290 -0.233002 0.192459 0.0784 0.0784 0.0863
v 0.125290 -0.340729 0.211548 0.0510 0.0510 0.0549
v 0.125351 -0.257660 0.170654 0.0667 0.0667 0.0745
v 0.125412 0.060329 0.197525 0.0902 0.0588 0.0941
v 0.125519 -0.430969 -0.170914 0.0863 0.0863 0.0941
v 0.125580 -0.309967 -0.073738 0.0275 0.0314 0.0392
v 0.125580 -0.405518 -0.447174 0.0314 0.0431 0.0784
v 0.125595 -0.416687 -0.122337 0.0980 0.0863 0.0824
v 0.125671 -0.283661 -0.237213 0.0510 0.0549 0.0627
v 0.125687 0.383179 0.080276 0.0157 0.0431 0.1059
v 0.125717 -0.206451 0.185165 0.0510 0.0549 0.0627
v 0.125839 0.144012 0.215485 0.0510 0.0588 0.1137
v 0.126022 -0.314758 -0.153061 0.0275 0.0314 0.0392
v 0.126160 -0.336670 -0.131744 0.0510 0.0471 0.0431
v 0.126160 -0.430847 -0.118835 0.0941 0.0863 0.0863
v 0.126236 -0.297729 0.192673 0.0392 0.0392 0.0471
v 0.126236 -0.332275 0.214859 0.0431 0.0431 0.0549
v 0.126251 -0.000798 0.181168 0.6471 0.4667 0.3686
v 0.126282 -0.356812 -0.039463 0.0275 0.0314 0.0471
v 0.126312 -0.381378 -0.197144 0.0549 0.0549 0.0627
v 0.126373 -0.360626 -0.397797 0.0549 0.0667 0.0863
v 0.126465 -0.365387 -0.133636 0.5725 0.5176 0.4902
v 0.126572 0.183365 0.231339 0.0784 0.0863 0.1451
v 0.126587 -0.314392 -0.065315 0.0275 0.0392 0.0471
v 0.126587 -0.350464 -0.315552 0.3059 0.2941 0.3412
v 0.126633 -0.268188 0.227676 0.0784 0.0784 0.0784
v 0.126740 -0.176758 -0.098999 0.2432 0.1412 0.0824
v 0.126785 -0.249161 0.205811 0.0039 0.0039 0.0118
v 0.126938 -0.218872 -0.034363 0.1882 0.1059 0.0471
v 0.127060 0.174133 -0.221939 0.0902 0.0980 0.1451
v 0.127060 -0.275543 0.228455 0.0627 0.0627 0.0627
v 0.127075 -0.315491 0.060005 0.0157 0.0157 0.0157
v 0.127121 0.106636 -0.196259 0.0667 0.0627 0.0863
v 0.127136 -0.294556 0.104469 0.0627 0.0588 0.0627
v 0.127182 0.376953 -0.092606 0.0549 0.0784 0.1333
v 0.127213 -0.348785 -0.326202 0.1333 0.1373 0.1294
v 0.127243 -0.290436 0.223862 0.0745 0.0745 0.0824
v 0.127258 -0.258789 -0.129883 0.0431 0.0471 0.0627
v 0.127258 -0.373810 -0.124443 0.4314 0.3765 0.3608
v 0.127335 -0.302979 -0.273499 0.0275 0.0275 0.0431
v 0.127350 0.293030 -0.180450 0.0902 0.1176 0.1804
v 0.127594 -0.338531 -0.135330 0.1216 0.1020 0.0980
v 0.127640 0.181900 -0.227463 0.1020 0.1098 0.1608
v 0.127655 -0.321136 -0.082451 0.0471 0.0510 0.0588
v 0.127686 -0.308746 -0.096535 0.0510 0.0510 0.0588
v 0.127762 -0.234573 0.149857 0.0471 0.0549 0.0510
v 0.127792 0.279968 -0.190094 0.0824 0.0941 0.1530
v 0.127808 -0.282318 -0.122612 0.0510 0.0549 0.0627
v 0.127838 -0.261780 -0.010025 0.0392 0.0471 0.0431
v 0.127930 -0.353302 -0.374817 0.0706 0.0863 0.0980
v 0.127945 0.266296 0.212006 0.1294 0.1530 0.2275
v 0.127975 -0.348877 0.085426 0.0235 0.0235 0.0314
v 0.127975 -0.358307 0.101151 0.0510 0.0549 0.0627
v 0.127991 -0.325745 -0.055523 0.0392 0.0431 0.0510
v 0.128021 -0.389221 -0.129868 0.5451 0.5294 0.5176
v 0.128067 -0.423004 -0.129593 0.3843 0.3725 0.3725
v 0.128082 -0.341095 -0.308258 0.5294 0.5216 0.5098
v 0.128098 -0.344788 -0.127655 0.2314 0.2078 0.1922
v 0.128143 -0.304443 0.219482 0.0941 0.0941 0.1020
v 0.128281 0.213623 0.227905 0.0980 0.1059 0.1686
v 0.128311 0.079872 0.204376 0.0824 0.0510 0.1020
v 0.128311 -0.418762 -0.123795 0.4432 0.4314 0.4275
v 0.128372 -0.426575 -0.172455 0.0588 0.0627 0.0784
v 0.128525 -0.204086 0.193176 0.0588 0.0627 0.0706
v 0.128540 -0.297607 0.075874 0.0353 0.0392 0.0471
v 0.128555 -0.313293 0.043743 0.0118 0.0118 0.0118
v 0.128555 -0.415497 -0.127182 0.6197 0.6039 0.6000
v 0.128586 -0.340485 0.198288 0.0353 0.0353 0.0392
v 0.128632 0.208252 -0.223831 0.0941 0.1020 0.1490
v 0.128647 0.384369 -0.033913 0.0392 0.0627 0.1098
v 0.128799 -0.273132 0.080620 0.0510 0.0549 0.0510
v 0.128815 0.370026 -0.114922 0.0902 0.1216 0.1922
v 0.128845 0.166580 0.224899 0.0667 0.0745 0.1333
v 0.128845 -0.266937 0.062798 0.0275 0.0353 0.0314
v 0.128860 -0.255615 -0.142807 0.0471 0.0510 0.0667
v 0.128906 -0.235474 -0.112740 0.0353 0.0392 0.0471
v 0.128952 -0.306824 -0.087898 0.0510 0.0549 0.0627
v 0.129059 -0.302063 0.092140 0.0549 0.0588 0.0667
v 0.129105 -0.372101 -0.226791 0.0588 0.0588 0.0588
v 0.129120 -0.211533 -0.049351 0.1961 0.1137 0.0392
v 0.129440 -0.350067 0.020134 0.0078 0.0078 0.0196
v 0.129517 -0.354034 0.190140 0.0431 0.0353 0.0431
v 0.129532 0.098976 -0.189896 0.0627 0.0549 0.0784
v 0.129547 -0.293213 -0.182556 0.0314 0.0314 0.0392
v 0.129562 0.151398 -0.211212 0.0824 0.0902 0.1373
v 0.129669 -0.400330 -0.182220 0.0510 0.0510 0.0706
v 0.129700 -0.353271 -0.065521 0.0471 0.0510 0.0588
v 0.129761 -0.293243 -0.206100 0.0667 0.0667 0.0745
v 0.129822 -0.261353 0.218735 0.0667 0.0667 0.0667
v 0.129837 0.392761 0.066605 0.0235 0.0745 0.1490
v 0.129837 -0.384735 -0.424957 0.0588 0.0667 0.1137
v 0.129868 0.046825 0.185974 0.5530 0.3843 0.2980
v 0.129883 0.390961 -0.003718 0.0353 0.0706 0.1176
v 0.129913 -0.334717 0.183151 0.0706 0.0706 0.0706
v 0.130051 -0.176025 -0.148392 0.0275 0.0392 0.0588
v 0.130127 -0.330811 -0.216003 0.0235 0.0275 0.0353
v 0.130157 -0.257202 0.099205 0.0471 0.0471 0.0549
v 0.130173 0.243149 0.219803 0.1412 0.1686 0.2432
v 0.130188 0.365234 -0.121559 0.0902 0.1294 0.2000
v 0.130264 0.309814 0.182907 0.0902 0.1059 0.1530
v 0.130295 -0.305817 -0.162582 0.0275 0.0314 0.0392
v 0.130310 -0.365051 -0.127975 0.5176 0.4745 0.4510
v 0.130402 0.369812 0.105095 0.0314 0.0588 0.1176
v 0.130585 -0.339661 -0.139206 0.0941 0.0824 0.0824
v 0.130615 -0.264648 0.017685 0.0314 0.0392 0.0353
v 0.130646 -0.355133 0.058830 0.0039 0.0039 0.0118
v 0.130722 -0.156128 -0.116562 0.3255 0.2039 0.1333
v 0.130814 -0.264648 -0.116859 0.0549 0.0588 0.0745
v 0.130829 -0.258270 0.209366 0.0157 0.0157 0.0157
v 0.130844 0.165115 0.216629 0.0706 0.0784 0.1373
v 0.130859 0.182449 0.228577 0.0745 0.0824 0.1373
v 0.130875 0.236008 -0.212006 0.0784 0.0863 0.1333
v 0.130905 -0.348633 0.192856 0.0157 0.0157 0.0196
v 0.131195 -0.347900 -0.133820 0.3765 0.3372 0.3137
v 0.131226 -0.264679 0.077446 0.0353 0.0431 0.0392
v 0.131302 -0.329559 -0.128860 0.0353 0.0353 0.0431
v 0.131302 -0.343170 -0.069740 0.0510 0.0549 0.0627
v 0.131332 0.090981 0.198639 0.0745 0.0627 0.1020
v 0.131348 -0.280426 0.091866 0.0588 0.0549 0.0431
v 0.131470 0.384613 -0.020699 0.0353 0.0588 0.1059
v 0.131531 -0.362946 0.092964 0.0353 0.0353 0.0431
v 0.131577 -0.388184 -0.207382 0.0745 0.0745 0.0706
v 0.131607 -0.429474 -0.125916 0.3725 0.3647 0.3608
v 0.131714 -0.296631 0.197159 0.0706 0.0706 0.0784
v 0.131729 -0.217651 0.172058 0.0431 0.0471 0.0549
v 0.131821 -0.427246 -0.457611 0.0471 0.0627 0.1059
v 0.131927 -0.286835 0.124191 0.0667 0.0667 0.0745
v 0.131958 0.388397 0.040409 0.0510 0.0902 0.1490
v 0.132004 -0.360870 -0.296173 0.1686 0.2235 0.4863
v 0.132019 -0.315369 0.203125 0.0667 0.0667 0.0745
v 0.132080 0.384033 -0.071335 0.0431 0.0667 0.1137
v 0.132156 -0.365265 -0.278778 0.1608 0.1882 0.4196
v 0.132233 -0.292786 -0.077774 0.0314 0.0353 0.0431
v 0.132248 -0.268219 0.048290 0.0196 0.0275 0.0235
v 0.132278 -0.328369 -0.059818 0.0431 0.0471 0.0549
v 0.132324 -0.399536 -0.433929 0.0235 0.0353 0.0706
v 0.132416 -0.299103 -0.066513 0.0235 0.0275 0.0314
v 0.132446 -0.350220 -0.324677 0.5216 0.5098 0.5019
v 0.132492 -0.322937 0.065399 0.0118 0.0118 0.0118
v 0.132507 -0.324463 0.191025 0.0745 0.0745 0.0824
v 0.132614 0.389679 0.005120 0.0314 0.0667 0.1137
v 0.132614 -0.238968 0.138382 0.0431 0.0471 0.0510
v 0.132645 -0.322418 0.197098 0.0745 0.0745 0.0824
v 0.132675 -0.430939 -0.455170 0.0588 0.0627 0.0902
v 0.132690 -0.274109 0.222153 0.0549 0.0549 0.0549
v 0.132690 -0.319733 -0.136597 0.0235 0.0275 0.0392
v 0.132736 -0.127121 0.136322 0.5490 0.3647 0.2471
v 0.132782 -0.291504 -0.089836 0.0510 0.0549 0.0627
v 0.132980 -0.430878 -0.180359 0.0784 0.0824 0.0902
v 0.133057 -0.404266 -0.193939 0.0706 0.0706 0.0784
v 0.133118 0.073036 0.195724 0.0980 0.0510 0.0824
v 0.133148 -0.292206 -0.191650 0.0745 0.0745 0.0824
v 0.133179 -0.249481 0.115479 0.0392 0.0471 0.0471
v 0.133194 -0.262756 0.090233 0.0353 0.0353 0.0353
v 0.133194 -0.345856 0.188171 0.0314 0.0275 0.0275
v 0.133408 0.201202 -0.221893 0.1059 0.1059 0.1530
v 0.133423 0.342987 -0.145065 0.1333 0.1765 0.2510
v 0.133469 -0.301666 -0.260803 0.0157 0.0118 0.0314
v 0.133484 -0.295105 0.212540 0.0745 0.0745 0.0824
v 0.133484 -0.342529 -0.130615 0.2353 0.2157 0.2039
v 0.133530 -0.340576 -0.013874 0.0157 0.0196 0.0275
v 0.133621 -0.218246 0.181946 0.0588 0.0588 0.0588
v 0.133636 -0.428284 -0.177979 0.0667 0.0706 0.0784
v 0.133667 0.142776 -0.207993 0.0745 0.0824 0.1216
v 0.133698 0.101891 0.207092 0.0627 0.0549 0.0980
v 0.133743 0.134064 -0.202408 0.0784 0.0745 0.1020
v 0.133743 0.198502 0.227768 0.0941 0.1020 0.1608
v 0.133774 -0.293488 -0.248474 0.0745 0.0706 0.0941
v 0.133820 -0.374664 -0.252686 0.0824 0.0824 0.1020
v 0.133835 -0.255096 -0.021524 0.0353 0.0392 0.0353
v 0.134003 -0.361389 -0.347717 0.0980 0.0980 0.0980
v 0.134033 -0.062366 0.163834 0.6471 0.4667 0.3647
v 0.134125 0.077591 -0.181396 0.6824 0.4628 0.3059
v 0.134186 -0.108406 0.146271 0.5843 0.3961 0.2863
v 0.134262 -0.089340 -0.151657 0.5530 0.4823 0.4550
v 0.134323 0.138657 0.212982 0.0392 0.0471 0.0980
v 0.134354 -0.382751 -0.412933 0.0588 0.0706 0.0980
v 0.134399 -0.304260 0.036579 0.0118 0.0118 0.0118
v 0.134415 -0.215424 0.178436 0.0510 0.0549 0.0588
v 0.134415 -0.226242 0.003959 0.2039 0.1098 0.0431
v 0.134460 -0.227676 0.157654 0.0471 0.0471 0.0549
v 0.134476 -0.265686 0.137283 0.0431 0.0471 0.0588
v 0.134506 0.257874 0.211563 0.0980 0.1333 0.2000
v 0.134567 0.126633 0.205688 0.0627 0.0667 0.1137
v 0.134613 0.221786 0.223969 0.1216 0.1294 0.2000
v 0.134689 -0.343323 0.100273 0.0275 0.0275 0.0353
v 0.134689 -0.424438 -0.190369 0.0667 0.0706 0.0863
v 0.134811 0.383545 -0.061489 0.0471 0.0667 0.1137
v 0.134857 -0.016201 -0.175339 0.6079 0.5412 0.5098
v 0.134857 -0.348541 0.106537 0.0392 0.0392 0.0471
v 0.134872 -0.320984 -0.243942 0.0353 0.0314 0.0510
v 0.134903 0.328644 -0.156647 0.1255 0.1569 0.2275
v 0.134918 -0.274811 0.214355 0.0824 0.0824 0.0824
v 0.134979 -0.326965 -0.230316 0.0078 0.0118 0.0196
v 0.135086 -0.333740 0.081085 0.0118 0.0118 0.0118
v 0.135117 0.267670 0.207764 0.1255 0.1490 0.2118
v 0.135284 0.070076 0.189072 0.2667 0.1608 0.1530
v 0.135284 0.106903 -0.181076 0.1059 0.0549 0.0627
v 0.135345 -0.298950 -0.229065 0.0745 0.0784 0.0980
v 0.135437 -0.268921 0.078293 0.0431 0.0471 0.0510
v 0.135437 -0.346710 0.055161 0.0078 0.0078 0.0157
v 0.135468 0.363525 -0.113235 0.1020 0.1333 0.2000
v 0.135559 -0.272552 0.131607 0.0510 0.0471 0.0549
v 0.135574 -0.262390 -0.111191 0.0549 0.0588 0.0784
v 0.135620 -0.292725 -0.053200 0.0235 0.0275 0.0353
v 0.135666 -0.360382 -0.337372 0.5412 0.5412 0.5608
v 0.135773 -0.196594 -0.151901 0.0588 0.0667 0.0902
v 0.135803 0.139450 -0.204803 0.0667 0.0745 0.1137
v 0.135925 -0.336731 -0.135834 0.1294 0.1176 0.1059
v 0.135941 0.167099 -0.210678 0.0824 0.0902 0.1373
v 0.136017 -0.428864 -0.185822 0.0745 0.0784 0.0863
v 0.136261 -0.275574 -0.105682 0.0588 0.0627 0.0706
v 0.136307 -0.296021 -0.214111 0.0706 0.0745 0.0902
v 0.136322 0.342529 0.144028 0.0588 0.0745 0.1216
v 0.136353 0.385559 0.023819 0.0353 0.0745 0.1216
v 0.136414 0.216736 -0.215820 0.0941 0.0941 0.1412
v 0.136536 -0.276215 0.114044 0.0549 0.0471 0.0510
v 0.136795 -0.296631 0.061558 0.0235 0.0275 0.0275
v 0.136795 -0.309479 -0.158875 0.0275 0.0314 0.0392
v 0.136810 0.301208 -0.175812 0.0941 0.1216 0.1843
v 0.136871 0.363586 0.095406 0.0314 0.0588 0.1216
v 0.136978 -0.250732 0.154266 0.0471 0.0471 0.0549
v 0.137054 -0.220245 -0.026699 0.1882 0.1020 0.0471
v 0.137207 -0.300812 0.052261 0.0157 0.0157 0.0157
v 0.137283 0.193344 0.220383 0.1020 0.1098 0.1686
v 0.137421 -0.352814 0.104797 0.0471 0.0510 0.0588
v 0.137436 -0.234726 -0.150848 0.0588 0.0627 0.0784
v 0.137436 -0.293732 0.032043 0.0118 0.0118 0.0118
v 0.137451 -0.207870 0.057777 0.2980 0.1765 0.1059
v 0.137512 0.388916 0.045708 0.0353 0.0706 0.1294
v 0.137573 -0.226578 -0.118752 0.0353 0.0392 0.0549
v 0.137589 -0.127151 -0.134171 0.4353 0.3059 0.2353
v 0.137741 0.204437 0.220032 0.0941 0.1020 0.1608
v 0.137772 0.112892 0.196976 0.0627 0.0627 0.1020
v 0.138031 0.380920 0.071709 0.0157 0.0510 0.1176
v 0.138031 -0.383087 -0.273682 0.1608 0.1961 0.4471
v 0.138168 0.357422 0.121628 0.0353 0.0588 0.1137
v 0.138199 0.277771 -0.189102 0.0706 0.0863 0.1333
v 0.138214 0.195007 -0.222763 0.1176 0.1137 0.1647
v 0.138245 0.081230 0.188324 0.2039 0.0941 0.0941
v 0.138245 0.242020 0.214508 0.1412 0.1725 0.2588
v 0.138260 -0.369659 -0.314636 0.1686 0.2275 0.4745
v 0.138351 0.248566 -0.203369 0.0706 0.0745 0.1255
v 0.138412 -0.174759 -0.099174 0.2392 0.1333 0.0706
v 0.138596 -0.430939 -0.217590 0.0784 0.0824 0.0941
v 0.138626 -0.184647 -0.148621 0.0588 0.0627 0.0824
v 0.138702 -0.305725 -0.192337 0.0824 0.0824 0.0902
v 0.138763 -0.428894 -0.206757 0.0745 0.0784 0.0863
v 0.138870 -0.390564 -0.242615 0.0784 0.0784 0.0980
v 0.138916 -0.302979 -0.180161 0.0471 0.0471 0.0549
v 0.139023 -0.314362 -0.191330 0.0863 0.0863 0.0941
v 0.139038 -0.257324 0.103645 0.0471 0.0392 0.0353
v 0.139099 -0.312897 -0.071701 0.0353 0.0392 0.0471
v 0.139114 0.303467 0.181259 0.0863 0.1098 0.1647
v 0.139175 -0.036911 0.167740 0.6667 0.4941 0.3961
v 0.139252 0.087608 0.194626 0.0980 0.0745 0.0980
v 0.139297 -0.267822 0.064781 0.0235 0.0314 0.0275
v 0.139511 0.139069 -0.197830 0.0588 0.0667 0.0902
v 0.139542 -0.332855 0.005555 0.0039 0.0039 0.0039
v 0.139603 -0.278625 0.051281 0.0157 0.0235 0.0196
v 0.139633 0.061989 0.182617 0.6157 0.4392 0.3255
v 0.139633 0.101868 -0.175812 0.5373 0.3255 0.2118
v 0.139709 -0.259247 -0.109764 0.0471 0.0510 0.0667
v 0.139725 0.184052 0.217529 0.0706 0.0784 0.1294
v 0.139862 -0.261017 0.118614 0.0431 0.0392 0.0392
v 0.139877 -0.281647 -0.072823 0.0275 0.0314 0.0392
v 0.139954 -0.251740 0.135742 0.0353 0.0392 0.0471
v 0.140015 0.316711 -0.161240 0.0941 0.1255 0.1882
v 0.140045 0.292023 -0.177704 0.0784 0.1020 0.1569
v 0.140106 0.373413 -0.052414 0.0431 0.0706 0.1137
v 0.140152 -0.251404 0.117355 0.0392 0.0431 0.0471
v 0.140182 0.279419 0.201416 0.1098 0.1333 0.1961
v 0.140259 -0.337280 -0.188446 0.0196 0.0235 0.0314
v 0.140305 0.277618 -0.187759 0.0667 0.0824 0.1294
v 0.140335 0.339233 -0.144028 0.1216 0.1569 0.2314
v 0.140396 0.262817 -0.195404 0.0824 0.0941 0.1451
v 0.140411 0.322479 0.164658 0.0863 0.1020 0.1490
v 0.140457 -0.242569 0.137756 0.0275 0.0392 0.0392
v 0.140503 -0.261871 0.038189 0.0157 0.0235 0.0196
v 0.140503 -0.378540 -0.385956 0.0588 0.0706 0.0824
v 0.140564 -0.216324 -0.124138 0.0275 0.0392 0.0588
v 0.140594 -0.431000 -0.306000 0.0863 0.0980 0.1843
v 0.140625 -0.236374 0.155838 0.0471 0.0431 0.0549
v 0.140625 -0.392212 -0.252014 0.1373 0.1490 0.3216
v 0.140854 -0.377228 -0.360260 0.3490 0.3490 0.3647
v 0.140930 -0.383179 -0.291107 0.1608 0.2235 0.4589
v 0.140961 -0.397430 -0.279510 0.1608 0.2039 0.4510
v 0.141022 -0.270782 0.052265 0.0078 0.0235 0.0353
v 0.141068 -0.305847 0.051701 0.0118 0.0118 0.0118
v 0.141068 -0.309479 -0.237701 0.0706 0.0745 0.0902
v 0.141083 -0.269226 -0.095619 0.0549 0.0588 0.0667
v 0.141113 -0.222290 -0.016853 0.1922 0.1059 0.0471
v 0.141190 -0.339905 -0.165787 0.0235 0.0235 0.0235
v 0.141266 -0.317230 -0.237030 0.0510 0.0549 0.0706
v 0.141312 0.365509 0.082054 0.0157 0.0431 0.1137
v 0.141312 0.376556 -0.081642 0.0431 0.0667 0.1137
v 0.141357 0.126419 0.202957 0.0510 0.0549 0.0980
v 0.141357 -0.405182 -0.423584 0.0510 0.0627 0.0863
v 0.141373 -0.309753 -0.221909 0.0745 0.0784 0.0941
v 0.141403 -0.161362 0.108368 0.4589 0.2784 0.1843
v 0.141479 -0.274231 -0.086548 0.0471 0.0510 0.0549
v 0.141495 0.384644 0.034332 0.0392 0.0745 0.1333
v 0.141708 0.284424 -0.176712 0.0549 0.0784 0.1333
v 0.141769 -0.431000 -0.263580 0.0588 0.0824 0.1804
v 0.141785 -0.329163 -0.221237 0.0431 0.0471 0.0549
v 0.141785 -0.334442 -0.070305 0.0431 0.0471 0.0549
v 0.141922 0.165726 0.216629 0.0627 0.0706 0.1294
v 0.141968 -0.280182 0.037811 0.0157 0.0157 0.0196
v 0.142044 -0.320618 -0.165680 0.0510 0.0510 0.0588
v 0.142197 0.362061 0.106384 0.0392 0.0627 0.1216
v 0.142227 -0.373657 -0.332733 0.1490 0.1804 0.4157
v 0.142273 -0.411591 -0.231949 0.0588 0.0706 0.1059
v 0.142319 -0.420837 -0.280457 0.1569 0.1882 0.4432
v 0.142380 0.371948 -0.043842 0.0471 0.0549 0.1020
v 0.142426 -0.077766 0.156967 0.6315 0.4550 0.3412
v 0.142441 -0.301819 -0.085930 0.0078 0.0118 0.0157
v 0.142456 -0.193878 -0.133255 0.0275 0.0392 0.0588
v 0.142532 0.385101 -0.014671 0.0314 0.0549 0.1020
v 0.142532 -0.428894 -0.302155 0.1451 0.1569 0.2823
v 0.142593 0.385925 0.046349 0.0471 0.0824 0.1333
v 0.142807 -0.051884 -0.160828 0.6276 0.5294 0.5019
v 0.142868 -0.329346 -0.045208 0.0392 0.0392 0.0471
v 0.142914 -0.327026 0.084473 0.0078 0.0078 0.0078
v 0.142929 0.350616 -0.124062 0.0627 0.0902 0.1530
v 0.142960 0.094849 0.183823 0.2314 0.1216 0.1216
v 0.142975 0.304565 -0.164398 0.0941 0.1216 0.1882
v 0.142990 0.075470 0.184082 0.4432 0.2784 0.2235
v 0.142990 0.142685 0.206726 0.0667 0.0627 0.1176
v 0.143021 -0.337219 0.052822 0.0039 0.0039 0.0118
v 0.143158 -0.429260 -0.231125 0.0784 0.0902 0.1451
v 0.143188 -0.406708 -0.252106 0.1608 0.2039 0.4510
v 0.143341 -0.187454 -0.136627 0.0275 0.0392 0.0588
v 0.143417 -0.066422 -0.156418 0.6118 0.5137 0.4823
v 0.143524 0.209503 -0.217239 0.1098 0.1098 0.1569
v 0.143555 -0.223587 -0.005967 0.2039 0.1098 0.0431
v 0.143570 0.247284 -0.199036 0.0824 0.0863 0.1333
v 0.143631 0.264648 -0.189941 0.0784 0.0941 0.1412
v 0.143677 0.194412 -0.215118 0.1294 0.1216 0.1725
v 0.143738 -0.288483 -0.044796 0.0196 0.0235 0.0314
v 0.143906 0.384003 0.055691 0.0314 0.0627 0.1176
v 0.143921 -0.288391 -0.036465 0.0196 0.0235 0.0314
v 0.143997 -0.409607 -0.294800 0.1255 0.1647 0.3921
v 0.144165 0.383423 0.013348 0.0431 0.0745 0.1255
v 0.144226 -0.391205 -0.314606 0.1608 0.1922 0.4432
v 0.144272 0.384277 0.061874 0.0196 0.0549 0.1176
v 0.144287 -0.428772 -0.250885 0.1530 0.1804 0.3608
v 0.144363 -0.261475 0.029390 0.0235 0.0314 0.0275
v 0.144409 -0.320862 -0.075104 0.0510 0.0549 0.0627
v 0.144592 -0.346283 0.097794 0.0353 0.0353 0.0431
v 0.144684 0.108643 0.188904 0.1137 0.0588 0.0863
v 0.144745 0.159836 -0.207275 0.0745 0.0824 0.1176
v 0.144882 -0.263428 -0.093613 0.0549 0.0549 0.0588
v 0.144928 0.055401 -0.182220 0.7098 0.5333 0.4078
v 0.144928 -0.321625 -0.144379 0.0549 0.0588 0.0667
v 0.145004 -0.223282 0.016106 0.2314 0.1216 0.0549
v 0.145020 -0.214935 0.041676 0.2745 0.1608 0.1059
v 0.145111 -0.290497 0.019337 0.0078 0.0118 0.0078
v 0.145264 0.128189 0.199585 0.0549 0.0667 0.1059
v 0.145401 -0.291779 -0.080093 0.0078 0.0078 0.0078
v 0.145432 -0.118393 0.138840 0.5843 0.3921 0.2667
v 0.145508 -0.291473 -0.031414 0.0196 0.0235 0.0314
v 0.145523 0.104713 0.197006 0.0627 0.0549 0.1020
v 0.145569 0.222778 -0.211868 0.0980 0.0980 0.1451
v 0.145630 -0.394653 -0.403656 0.0549 0.0627 0.0824
v 0.145767 -0.114960 -0.138702 0.4745 0.3568 0.3019
v 0.145782 -0.283600 -0.044430 0.0196 0.0235 0.0314
v 0.145950 -0.338165 0.069336 0.0078 0.0078 0.0157
v 0.145996 -0.021975 0.169907 0.6628 0.4823 0.3882
v 0.146011 -0.382904 -0.352722 0.1608 0.1804 0.3059
v 0.146133 0.345856 0.130630 0.0510 0.0706 0.1216
v 0.146301 0.012758 -0.177322 0.6157 0.5451 0.5059
v 0.146332 -0.411011 -0.322388 0.1530 0.1922 0.4432
v 0.146393 0.363129 -0.064636 0.0510 0.0784 0.1255
v 0.146408 -0.333069 0.108269 0.0039 0.0039 0.0039
v 0.146454 -0.387756 -0.334625 0.1686 0.2235 0.4941
v 0.146515 0.369873 -0.081596 0.0510 0.0745 0.1216
v 0.146530 0.155655 0.213226 0.0588 0.0667 0.1176
v 0.146683 -0.250427 -0.132050 0.0549 0.0588 0.0745
v 0.146759 -0.268799 0.066284 0.0235 0.0196 0.0196
v 0.146805 0.372803 0.073967 0.0118 0.0471 0.1137
v 0.146820 0.259552 0.210236 0.1608 0.1961 0.2667
v 0.146820 -0.428436 -0.439423 0.0353 0.0392 0.0745
v 0.146881 -0.321045 -0.045128 0.0353 0.0353 0.0431
v 0.146896 -0.188416 0.082253 0.3725 0.2353 0.1490
v 0.146896 -0.196793 -0.071556 0.2314 0.1294 0.0706
v 0.147049 -0.315430 -0.204514 0.0784 0.0824 0.0980
v 0.147110 0.077919 0.177322 0.6315 0.4078 0.3019
v 0.147141 0.364227 -0.100555 0.0510 0.0784 0.1373
v 0.147141 -0.430908 -0.333282 0.1255 0.1451 0.2588
v 0.147202 -0.183777 -0.086006 0.2432 0.1451 0.0824
v 0.147369 0.033562 0.182968 0.7333 0.5490 0.4353
v 0.147507 -0.375977 -0.355530 0.7412 0.7372 0.7647
v 0.147552 -0.399506 -0.381500 0.2314 0.2314 0.2392
v 0.147568 0.238342 0.214783 0.1137 0.1373 0.2275
v 0.147644 0.332184 -0.136292 0.0745 0.1098 0.1765
v 0.147980 -0.430969 -0.432953 0.0627 0.0627 0.0902
v 0.148163 0.187576 0.218643 0.0824 0.0902 0.1490
v 0.148300 -0.291321 -0.017134 0.0157 0.0196 0.0275
v 0.148453 0.379395 -0.005572 0.0314 0.0627 0.1059
v 0.148468 -0.321686 -0.067299 0.0510 0.0431 0.0549
v 0.148560 0.284882 0.190292 0.0980 0.1176 0.1882
v 0.148560 -0.406586 -0.346069 0.1530 0.2078 0.4745
v 0.148666 -0.321503 -0.210587 0.0784 0.0824 0.0941
v 0.148712 -0.187668 -0.140732 0.0353 0.0431 0.0627
v 0.148788 -0.256256 -0.007429 0.0235 0.0314 0.0275
v 0.148956 0.306213 0.173447 0.1098 0.1216 0.1804
v 0.149002 -0.337433 -0.178528 0.0588 0.0627 0.0784
v 0.149124 0.212234 -0.211090 0.1294 0.1216 0.1725
v 0.149384 0.292236 -0.167770 0.0824 0.1059 0.1608
v 0.149414 -0.321838 0.004012 0.0039 0.0039 0.0039
v 0.149475 -0.399506 -0.397400 0.0627 0.0667 0.0824
v 0.149582 -0.247086 -0.048008 0.0235 0.0314 0.0392
v 0.149597 0.119087 0.200150 0.0627 0.0588 0.1137
v 0.149597 -0.238022 -0.138260 0.0627 0.0667 0.0824
v 0.149841 0.214478 0.218552 0.1020 0.1137 0.1843
v 0.149857 0.315735 0.163345 0.0784 0.0941 0.1412
v 0.149918 -0.338745 -0.153778 0.0667 0.0627 0.0667
v 0.149933 -0.317444 -0.079124 0.0471 0.0471 0.0549
v 0.149994 -0.430908 -0.367462 0.0706 0.0706 0.0745
v 0.150131 0.081276 -0.177261 0.7568 0.5451 0.4118
v 0.150162 -0.324982 -0.166687 0.0863 0.0863 0.0941
v 0.150314 -0.328979 -0.201263 0.0745 0.0784 0.0941
v 0.150574 0.239639 -0.200516 0.0902 0.0902 0.1373
v 0.150589 -0.262512 0.019938 0.0118 0.0157 0.0157
v 0.150635 0.118530 0.198746 0.0784 0.0706 0.1255
v 0.150650 -0.318207 -0.029469 0.0039 0.0078 0.0157
v 0.150909 -0.390503 -0.368652 0.3882 0.3843 0.4078
v 0.150986 0.020351 0.180771 0.7137 0.5255 0.4314
v 0.151016 -0.282837 -0.055752 0.0235 0.0275 0.0353
v 0.151062 0.352203 -0.082893 0.0667 0.0941 0.1569
v 0.151108 -0.401367 -0.375397 0.4039 0.4039 0.4118
v 0.151169 0.152115 -0.204422 0.0745 0.0667 0.1098
v 0.151230 0.356110 -0.106934 0.0824 0.1176 0.1882
v 0.151245 0.380890 0.024315 0.0392 0.0824 0.1294
v 0.151321 0.380768 0.048809 0.0275 0.0627 0.1137
v 0.151459 0.374817 -0.003833 0.0314 0.0549 0.1020
v 0.151459 -0.178680 -0.088974 0.2667 0.1530 0.0824
v 0.151505 -0.176865 0.091629 0.4196 0.2510 0.1647
v 0.151627 0.149979 -0.201965 0.0627 0.0588 0.1098
v 0.151703 0.138916 -0.187958 0.0667 0.0667 0.0667
v 0.151733 0.095604 0.181213 0.2706 0.1255 0.0902
v 0.151779 -0.421997 -0.417267 0.0471 0.0667 0.0824
v 0.151871 0.148682 0.203156 0.0471 0.0627 0.1098
v 0.151962 -0.332672 0.110954 0.0078 0.0078 0.0078
v 0.152008 -0.326508 -0.178955 0.0863 0.0902 0.0980
v 0.152023 -0.261292 0.012330 0.0196 0.0196 0.0196
v 0.152115 -0.326233 -0.153992 0.0667 0.0667 0.0745
v 0.152145 -0.428497 -0.364655 0.0353 0.0392 0.0510
v 0.152374 0.128906 0.191071 0.0627 0.0549 0.1059
v 0.152435 -0.135803 0.125183 0.5530 0.3725 0.2432
v 0.152481 0.038788 -0.180481 0.6745 0.5569 0.4745
v 0.152481 0.272156 0.198395 0.1137 0.1412 0.2118
v 0.152588 -0.332794 -0.174408 0.0784 0.0784 0.0863
v 0.152725 -0.063606 0.156815 0.6589 0.4784 0.3765
v 0.153152 0.348328 -0.099915 0.0588 0.1020 0.1725
v 0.153168 0.341614 -0.118828 0.0824 0.1255 0.1961
v 0.153168 -0.291992 0.044979 0.0078 0.0078 0.0078
v 0.153229 0.119423 -0.167557 0.4275 0.2196 0.1255
v 0.153519 0.052044 0.180634 0.7882 0.5961 0.4589
v 0.153580 -0.195068 -0.129242 0.0314 0.0392 0.0588
v 0.153687 0.242783 0.215591 0.1530 0.1804 0.2706
v 0.153778 0.264709 -0.183380 0.0706 0.0784 0.1294
v 0.153793 0.319305 0.156906 0.0784 0.0941 0.1412
v 0.153809 0.375946 -0.035019 0.0275 0.0510 0.1059
v 0.153809 -0.324524 0.043922 0.0039 0.0039 0.0078
v 0.153885 -0.104393 0.143845 0.6000 0.4157 0.2980
v 0.153931 -0.151352 -0.114174 0.4353 0.2902 0.1882
v 0.153946 -0.330231 -0.150269 0.0667 0.0667 0.0706
v 0.153992 0.321655 -0.139893 0.1020 0.1333 0.2078
v 0.154037 -0.420105 -0.384338 0.0627 0.0588 0.0745
v 0.154129 -0.420441 -0.404144 0.1725 0.1725 0.2000
v 0.154327 -0.271484 0.057510 0.0078 0.0118 0.0118
v 0.154465 0.141113 -0.181107 0.0824 0.0667 0.0706
v 0.154541 -0.428101 -0.375580 0.0667 0.0706 0.0784
v 0.154800 0.178528 0.216675 0.0784 0.0863 0.1451
v 0.154861 -0.130615 -0.127838 0.4550 0.3176 0.2314
v 0.154984 -0.326630 0.105988 0.0039 0.0039 0.0039
v 0.155197 0.181030 -0.204193 0.0824 0.0824 0.1216
v 0.155258 0.120117 0.185440 0.0941 0.0549 0.0863
v 0.155533 -0.252045 -0.111954 0.0471 0.0510 0.0588
v 0.155563 0.289398 -0.161758 0.0784 0.0980 0.1530
v 0.155579 0.203888 0.217743 0.0784 0.0863 0.1451
v 0.155746 -0.425323 -0.405731 0.1569 0.1725 0.1882
v 0.155960 -0.283173 -0.042999 0.0235 0.0275 0.0353
v 0.156113 0.350494 0.106682 0.0510 0.0784 0.1412
v 0.156250 -0.309326 0.071739 0.0078 0.0078 0.0078
v 0.156326 -0.267395 -0.077049 0.0275 0.0314 0.0392
v 0.156372 0.069145 -0.177048 0.7843 0.5764 0.4235
v 0.156418 0.279236 0.189392 0.1098 0.1333 0.2078
v 0.156754 0.355957 -0.065971 0.0431 0.0667 0.1137
v 0.156998 0.351959 0.081360 0.0235 0.0510 0.1216
v 0.157089 -0.334320 0.094345 0.0431 0.0431 0.0510
v 0.157104 -0.195145 0.072624 0.3686 0.2235 0.1412
v 0.157120 -0.312408 -0.073631 0.0431 0.0431 0.0510
v 0.157364 0.228622 -0.199585 0.0980 0.0980 0.1451
v 0.157486 -0.300812 0.062698 0.0078 0.0078 0.0078
v 0.157516 0.306396 0.166061 0.0902 0.1020 0.1569
v 0.157547 0.199158 -0.205933 0.1451 0.1373 0.1882
v 0.157623 -0.332336 0.107208 0.0196 0.0196 0.0196
v 0.157669 -0.201096 -0.136353 0.0588 0.0627 0.0745
v 0.157761 -0.274994 -0.037567 0.0235 0.0275 0.0353
v 0.157867 0.141876 -0.170944 0.0784 0.0667 0.0706
v 0.157944 0.038437 0.180511 0.7764 0.5804 0.4510
v 0.157944 0.333954 -0.116928 0.0902 0.1333 0.2118
v 0.157990 0.325134 -0.128769 0.0941 0.1255 0.2078
v 0.158142 0.266144 0.195465 0.1412 0.1686 0.2392
v 0.158157 -0.273529 -0.059895 0.0314 0.0353 0.0431
v 0.158249 -0.272095 0.033169 0.0078 0.0078 0.0000
v 0.158264 0.375580 0.038891 0.0235 0.0588 0.1176
v 0.158417 0.220856 -0.200790 0.1020 0.0980 0.1451
v 0.158447 0.141327 0.203293 0.0510 0.0510 0.1098
v 0.158478 0.297455 -0.152847 0.0824 0.1059 0.1686
v 0.158493 0.334625 0.136337 0.0510 0.0745 0.1294
v 0.158493 0.374512 -0.024876 0.0118 0.0353 0.0824
v 0.158600 -0.193863 -0.132507 0.0353 0.0431 0.0627
v 0.158722 -0.279755 -0.020025 0.0157 0.0235 0.0196
v 0.158737 -0.284119 0.039211 0.0078 0.0078 0.0078
v 0.158813 -0.239426 -0.071709 0.0275 0.0314 0.0392
v 0.158829 -0.430939 -0.400879 0.0863 0.0941 0.0980
v 0.159012 -0.221497 0.000313 0.2118 0.1255 0.0431
v 0.159073 0.377136 0.033726 0.0275 0.0627 0.1216
v 0.159103 0.380157 0.018459 0.0510 0.0784 0.1294
v 0.159363 0.008852 0.176102 0.6941 0.4980 0.3921
v 0.159592 -0.291534 -0.091599 0.0039 0.0039 0.0039
v 0.159698 -0.278381 0.016308 0.0157 0.0078 0.0118
v 0.159729 -0.205460 -0.121330 0.0275 0.0314 0.0471
v 0.159973 -0.218048 -0.113235 0.0314 0.0353 0.0471
v 0.160065 0.284149 0.178207 0.1098 0.1333 0.2039
v 0.160355 0.144073 0.193405 0.0510 0.0471 0.0980
v 0.160370 0.364807 0.064590 0.0196 0.0471 0.1098
v 0.160614 -0.277008 -0.008780 0.0157 0.0157 0.0157
v 0.160629 0.197708 0.218582 0.0980 0.1059 0.1647
v 0.160645 0.159897 -0.192703 0.0667 0.0588 0.0784
v 0.160721 0.231354 0.214767 0.1098 0.1373 0.1961
v 0.160736 -0.041988 -0.156082 0.6667 0.5412 0.4784
v 0.160736 -0.428925 -0.400085 0.1373 0.1490 0.1569
v 0.160767 -0.309082 -0.049553 0.0235 0.0235 0.0314
v 0.160858 -0.274078 -0.018257 0.0157 0.0235 0.0196
v 0.160889 0.372559 0.026608 0.0510 0.0863 0.1333
v 0.160904 -0.223907 -0.106956 0.0235 0.0235 0.0314
v 0.160995 0.344727 0.095833 0.0392 0.0667 0.1373
v 0.160995 -0.062592 -0.149994 0.6471 0.5255 0.4667
v 0.161026 0.105347 0.168976 0.5294 0.3176 0.2118
v 0.161041 0.347076 -0.084732 0.0667 0.1020 0.1608
v 0.161057 -0.172653 -0.086212 0.4039 0.2549 0.1530
v 0.161133 0.256378 -0.186295 0.0745 0.0824 0.1333
v 0.161224 0.179504 0.211304 0.0667 0.0745 0.1255
v 0.161255 -0.254303 -0.082832 0.0392 0.0431 0.0510
v 0.161560 -0.261475 0.009491 0.0118 0.0118 0.0118
v 0.161819 0.210968 0.218521 0.0980 0.1098 0.1765
v 0.161987 0.321259 0.145782 0.0510 0.0745 0.1255
v 0.161987 -0.246155 -0.039642 0.0235 0.0314 0.0275
v 0.162048 -0.111603 -0.135040 0.5137 0.4118 0.3529
v 0.162048 -0.153229 -0.107941 0.4550 0.2902 0.1922
v 0.162140 0.368713 0.002705 0.0431 0.0667 0.1216
v 0.162170 0.113831 0.176987 0.2823 0.1490 0.1176
v 0.162231 0.154739 0.204742 0.0588 0.0667 0.1176
v 0.162292 -0.275452 0.007377 0.0118 0.0118 0.0118
v 0.162354 -0.266083 -0.065125 0.0314 0.0353 0.0431
v 0.162460 -0.259521 0.049641 0.0039 0.0118 0.0118
v 0.162628 -0.306702 0.077568 0.0078 0.0078 0.0078
v 0.162796 0.339722 0.120735 0.0471 0.0706 0.1412
v 0.162796 -0.320892 0.102707 0.0000 0.0000 0.0000
v 0.162872 0.246674 0.206741 0.1373 0.1686 0.2549
v 0.162888 -0.262848 0.023676 0.0118 0.0118 0.0157
v 0.163208 0.164597 -0.202225 0.0745 0.0706 0.0980
v 0.163406 -0.236984 -0.121384 0.0588 0.0627 0.0706
v 0.163574 0.128937 0.182861 0.0627 0.0549 0.0980
v 0.163605 0.363403 -0.055439 0.0431 0.0627 0.1137
v 0.163651 -0.205994 -0.054825 0.2432 0.1333 0.0745
v 0.163773 0.149445 0.202194 0.0667 0.0588 0.1216
v 0.163788 -0.154724 0.104225 0.5294 0.3333 0.2078
v 0.163803 -0.298859 -0.096825 0.0078 0.0078 0.0118
v 0.163940 -0.043560 0.155487 0.6745 0.4941 0.3921
v 0.164062 0.262238 -0.178375 0.0745 0.0863 0.1373
v 0.164108 -0.251221 -0.020361 0.0118 0.0157 0.0157
v 0.164139 -0.171768 0.090599 0.4550 0.2706 0.1686
v 0.164185 -0.012125 0.166367 0.6628 0.4784 0.3765
v 0.164276 0.362427 -0.018826 0.0314 0.0549 0.1020
v 0.164337 0.339417 -0.104324 0.0784 0.1216 0.1922
v 0.164459 -0.246689 -0.107277 0.0549 0.0588 0.0667
v 0.164703 -0.262909 -0.035118 0.0235 0.0314 0.0275
v 0.164795 0.140350 0.188400 0.0588 0.0510 0.1020
v 0.164795 -0.292999 0.072914 0.0078 0.0078 0.0078
v 0.164856 -0.194855 -0.069344 0.2471 0.1451 0.0863
v 0.164886 0.225464 -0.195663 0.1020 0.1020 0.1490
v 0.164917 -0.215332 -0.029793 0.2314 0.1255 0.0549
v 0.164963 0.131042 -0.161743 0.2157 0.0824 0.0510
v 0.165100 0.167221 0.206406 0.0549 0.0627 0.1137
v 0.165421 0.357208 0.071083 0.0235 0.0471 0.1176
v 0.165604 -0.264282 -0.002688 0.0078 0.0157 0.0118
v 0.165634 -0.261993 0.053703 0.0078 0.0078 0.0157
v 0.165726 0.364685 -0.007665 0.0275 0.0510 0.1020
v 0.165848 0.158401 -0.184113 0.0667 0.0667 0.0863
v 0.165909 0.018906 0.175934 0.7294 0.5333 0.4078
v 0.166061 -0.267242 0.024401 0.0118 0.0078 0.0118
v 0.166092 0.219879 0.214218 0.1176 0.1294 0.1961
v 0.166107 -0.305298 -0.082413 0.0275 0.0314 0.0392
v 0.166260 0.323883 -0.116653 0.0863 0.1294 0.2078
v 0.166473 -0.278961 -0.059246 0.0196 0.0235 0.0314
v 0.166489 0.101852 -0.166809 0.7608 0.5530 0.3921
v 0.166519 0.278137 -0.166550 0.0706 0.0863 0.1333
v 0.166595 -0.188049 0.077805 0.3921 0.2353 0.1412
v 0.166626 0.312653 -0.137680 0.0824 0.1098 0.1725
v 0.166672 0.060410 0.173798 0.8078 0.6157 0.4863
v 0.166809 0.236710 0.203934 0.1137 0.1373 0.2118
v 0.166885 -0.205887 -0.128632 0.0549 0.0588 0.0706
v 0.166885 -0.288177 0.057941 0.0078 0.0078 0.0078
v 0.167068 -0.133118 0.122040 0.5647 0.3843 0.2549
v 0.167084 0.372925 0.009627 0.0510 0.0745 0.1333
v 0.167328 0.286011 0.174637 0.1020 0.1216 0.1882
v 0.167480 0.272034 0.185898 0.1216 0.1412 0.2157
v 0.167496 0.301636 -0.150146 0.0863 0.1098 0.1686
v 0.167618 0.161301 0.196884 0.0667 0.0627 0.1176
v 0.167709 -0.321106 0.077034 0.0078 0.0078 0.0157
v 0.167770 0.045860 -0.172638 0.7725 0.5921 0.4550
v 0.167892 -0.272614 0.005949 0.0078 0.0118 0.0078
v 0.167999 0.287872 0.167282 0.0902 0.1176 0.1882
v 0.168198 -0.314056 0.048119 0.0078 0.0078 0.0078
v 0.168213 0.037731 0.175644 0.7843 0.5921 0.4550
v 0.168304 -0.211060 -0.042259 0.2314 0.1373 0.0863
v 0.168396 0.319305 0.143127 0.0745 0.0941 0.1647
v 0.168442 0.078606 -0.166428 0.8039 0.5921 0.4353
v 0.168533 -0.255676 -0.014051 0.0196 0.0196 0.0196
v 0.168793 -0.252869 -0.064308 0.0392 0.0431 0.0549
v 0.168930 0.203110 0.209900 0.1059 0.1137 0.1804
v 0.169037 -0.203262 -0.122337 0.0314 0.0353 0.0471
v 0.169449 0.365143 0.042130 0.0431 0.0706 0.1294
v 0.169540 -0.307922 0.017363 0.0039 0.0039 0.0118
v 0.169662 -0.307037 0.103218 0.0039 0.0039 0.0039
v 0.169693 -0.254669 -0.051689 0.0157 0.0235 0.0196
v 0.169769 0.363342 -0.048634 0.0431 0.0667 0.1294
v 0.169815 -0.316833 0.109375 0.0078 0.0078 0.0078
v 0.169830 0.360687 0.057537 0.0353 0.0588 0.1216
v 0.169861 0.082939 0.168442 0.8157 0.6276 0.4863
v 0.169876 -0.126068 -0.123161 0.4823 0.3412 0.2549
v 0.170074 -0.264740 0.042755 0.0118 0.0118 0.0196
v 0.170151 -0.300995 -0.092964 0.0275 0.0275 0.0353
v 0.170166 -0.245422 -0.040936 0.0118 0.0118 0.0118
v 0.170273 0.148819 -0.164246 0.0706 0.0706 0.0902
v 0.170288 0.241928 -0.187714 0.1020 0.1020 0.1490
v 0.170303 0.351929 -0.070961 0.0471 0.0745 0.1294
v 0.170364 -0.215897 -0.110947 0.0314 0.0353 0.0431
v 0.170532 0.361450 0.021120 0.0471 0.0706 0.1255
v 0.170609 -0.303070 -0.027424 0.0000 0.0078 0.0039
v 0.170776 0.306885 0.152390 0.0863 0.0980 0.1647
v 0.170807 0.247894 0.198273 0.1530 0.1765 0.2627
v 0.171341 0.195297 -0.203110 0.1020 0.1020 0.1412
v 0.171478 0.359009 -0.003491 0.0431 0.0667 0.1137
v 0.171570 0.335663 0.097786 0.0431 0.0706 0.1412
v 0.171585 0.338196 0.092957 0.0431 0.0706 0.1333
v 0.171616 0.010311 -0.167404 0.7020 0.5647 0.4823
v 0.171814 -0.321228 0.103706 0.0196 0.0196 0.0196
v 0.171890 -0.254059 -0.027668 0.0431 0.0431 0.0353
v 0.171921 -0.321533 0.095612 0.0157 0.0157 0.0196
v 0.172119 0.175873 0.203781 0.0667 0.0745 0.1255
v 0.172119 -0.230042 -0.087860 0.0078 0.0078 0.0078
v 0.172241 0.160156 -0.168716 0.0706 0.0706 0.0824
v 0.172821 0.166321 0.194412 0.0784 0.0745 0.1294
v 0.172958 0.121590 0.166779 0.3098 0.1725 0.1373
v 0.172974 -0.283386 -0.089386 0.0157 0.0157 0.0157
v 0.172989 -0.149399 -0.098518 0.5373 0.3451 0.2078
v 0.173004 0.331879 -0.098343 0.0863 0.1294 0.2000
v 0.173050 -0.087234 0.142593 0.6393 0.4589 0.3294
v 0.173264 0.253784 0.185715 0.1255 0.1451 0.2235
v 0.173264 0.284546 -0.160721 0.0745 0.0902 0.1373
v 0.173264 0.365387 0.027039 0.0353 0.0588 0.1137
v 0.173340 0.325317 -0.112823 0.0667 0.1098 0.1882
v 0.173370 0.060001 -0.163879 0.8235 0.6000 0.4275
v 0.173508 0.162018 -0.176361 0.0549 0.0588 0.0784
v 0.173599 0.265167 -0.173248 0.0745 0.0902 0.1373
v 0.173615 -0.214432 -0.026550 0.2392 0.1373 0.0745
v 0.173645 0.091705 -0.162140 0.7882 0.5921 0.4353
v 0.173752 -0.237411 -0.066666 0.0157 0.0118 0.0157
v 0.173843 -0.204208 0.055611 0.3490 0.2039 0.1294
v 0.173950 -0.300964 -0.079926 0.0235 0.0275 0.0392
v 0.174179 0.337311 0.077362 0.0314 0.0667 0.1294
v 0.174225 0.238663 0.194427 0.1098 0.1333 0.2078
v 0.174240 -0.243073 -0.083015 0.0471 0.0431 0.0510
v 0.174545 -0.096786 -0.134476 0.5921 0.4745 0.4196
v 0.174591 -0.215149 -0.117928 0.0471 0.0549 0.0627
v 0.174667 -0.277039 0.038631 0.0078 0.0078 0.0078
v 0.174789 0.300171 -0.136215 0.0627 0.0863 0.1412
v 0.174789 -0.225784 -0.095619 0.0157 0.0157 0.0157
v 0.174805 0.326538 0.127075 0.0627 0.0941 0.1686
v 0.174850 0.355530 -0.033894 0.0235 0.0510 0.1137
v 0.175003 -0.214493 0.030731 0.2941 0.1686 0.1098
v 0.175018 -0.245697 -0.052723 0.0118 0.0118 0.0118
v 0.175110 0.220306 0.203323 0.1020 0.1137 0.1843
v 0.175156 0.332886 0.083435 0.0392 0.0706 0.1294
v 0.175278 -0.270233 -0.025141 0.0118 0.0157 0.0118
v 0.175430 -0.202759 -0.054684 0.2432 0.1333 0.0745
v 0.175568 -0.112228 0.131851 0.6000 0.4157 0.2902
v 0.175812 -0.137039 -0.109337 0.4823 0.3098 0.2039
v 0.175903 0.157425 0.186676 0.0745 0.0706 0.1255
v 0.175934 -0.217041 -0.109482 0.0353 0.0392 0.0471
v 0.175980 0.291351 -0.145859 0.0588 0.0784 0.1333
v 0.176224 0.207748 -0.200195 0.1255 0.1176 0.1686
v 0.176636 -0.237457 -0.092575 0.1059 0.0627 0.0431
v 0.176712 -0.023478 0.155151 0.6863 0.5019 0.3961
v 0.176804 0.285950 0.162720 0.0824 0.1098 0.1804
v 0.176971 -0.216812 0.018055 0.2667 0.1530 0.0784
v 0.177307 0.062420 0.165024 0.8274 0.6315 0.4863
v 0.177338 0.351624 -0.062199 0.0745 0.1020 0.1725
v 0.177444 -0.239716 -0.075134 0.0627 0.0471 0.0314
v 0.177658 0.361603 0.002561 0.0510 0.0745 0.1294
v 0.177689 0.186234 -0.191681 0.0745 0.0745 0.1137
v 0.177795 0.329651 0.116234 0.0510 0.0902 0.1882
v 0.177811 -0.052711 -0.143188 0.6902 0.5333 0.4510
v 0.177872 -0.157959 0.090294 0.5490 0.3451 0.2000
v 0.177948 -0.216888 -0.002759 0.2627 0.1490 0.0745
v 0.178146 -0.150482 0.097244 0.5764 0.3647 0.2157
v 0.178162 0.220795 -0.195419 0.1255 0.1176 0.1686
v 0.178207 -0.042233 0.147751 0.6863 0.5019 0.4000
v 0.178329 0.313904 -0.117935 0.0824 0.1137 0.1843
v 0.178391 -0.035892 -0.147781 0.7137 0.5490 0.4510
v 0.178467 0.277100 -0.158005 0.0667 0.0824 0.1294
v 0.178482 0.341980 0.072678 0.0235 0.0667 0.1294
v 0.178680 0.289032 -0.138596 0.0667 0.0824 0.1412
v 0.178802 0.253174 -0.178055 0.0941 0.0941 0.1373
v 0.178848 -0.224564 -0.107620 0.0627 0.0549 0.0510
v 0.179047 0.303802 0.147308 0.0863 0.1059 0.1804
v 0.179077 0.256836 0.182358 0.1216 0.1412 0.2196
v 0.179260 -0.000054 0.164200 0.7059 0.5019 0.3804
v 0.179398 0.199524 0.201477 0.1137 0.1216 0.1843
v 0.179428 -0.298553 -0.073708 0.0118 0.0157 0.0314
v 0.179459 -0.194305 0.066582 0.3843 0.2235 0.1294
v 0.179596 -0.296661 0.093086 0.0078 0.0078 0.0118
v 0.179733 0.082153 0.160645 0.8431 0.6315 0.4823
v 0.180466 0.027996 -0.163834 0.7451 0.5804 0.4589
v 0.180466 -0.228653 -0.096771 0.0667 0.0588 0.0471
v 0.180481 0.157349 -0.157974 0.0706 0.0706 0.0784
v 0.180801 0.343109 -0.073044 0.0667 0.0980 0.1608
v 0.180954 0.100281 0.162628 0.7412 0.5530 0.4118
v 0.181000 0.139542 0.176331 0.0863 0.0588 0.0980
v 0.181015 -0.164612 0.083138 0.5216 0.3294 0.2000
v 0.181076 -0.191208 -0.062122 0.3294 0.2039 0.1333
v 0.181198 0.355469 0.032410 0.0431 0.0667 0.1216
v 0.181305 -0.298645 -0.012335 0.0039 0.0039 0.0039
v 0.181412 0.290009 0.157867 0.0902 0.1137 0.1765
v 0.181442 0.011968 -0.161697 0.7333 0.5686 0.4706
v 0.181473 0.267944 -0.154816 0.0784 0.0863 0.1373
v 0.181488 0.120804 0.160873 0.3490 0.1961 0.1490
v 0.181503 0.324768 -0.102982 0.0824 0.1137 0.1882
v 0.181732 0.254089 -0.171722 0.0863 0.0863 0.1333
v 0.181839 -0.003405 -0.157669 0.7216 0.5686 0.4823
v 0.182083 0.195175 -0.187332 0.0941 0.0902 0.1294
v 0.182236 0.223068 0.195694 0.0980 0.1137 0.1804
v 0.182251 -0.294708 -0.100029 0.0235 0.0196 0.0157
v 0.182327 0.290985 0.151947 0.0863 0.1098 0.1725
v 0.182617 0.354218 0.020288 0.0392 0.0627 0.1176
v 0.182663 0.083305 -0.144699 0.8353 0.6000 0.4157
v 0.182663 0.354919 0.008570 0.0510 0.0667 0.1255
v 0.182892 0.182800 -0.174683 0.0667 0.0627 0.0863
v 0.183243 0.092461 -0.149155 0.8157 0.5961 0.4157
v 0.183273 0.212967 0.195175 0.0980 0.1098 0.1765
v 0.183319 0.322876 0.102005 0.0392 0.0824 0.1686
v 0.183365 0.174088 -0.166000 0.0627 0.0627 0.1020
v 0.183472 0.067436 -0.145187 0.8470 0.6079 0.4314
v 0.183487 -0.266663 -0.004559 0.0078 0.0078 0.0078
v 0.183594 0.270844 -0.148819 0.0784 0.0902 0.1373
v 0.183640 0.199677 -0.177200 0.0824 0.0824 0.1216
v 0.183853 0.318726 0.123520 0.0667 0.1098 0.1882
v 0.183929 -0.203918 -0.046329 0.2863 0.1686 0.0980
v 0.184067 0.349640 0.046040 0.0392 0.0627 0.1176
v 0.184280 0.240356 0.187149 0.1059 0.1255 0.2000
v 0.184402 0.350586 -0.018082 0.0353 0.0588 0.1137
v 0.184509 0.348022 0.037224 0.0431 0.0667 0.1216
v 0.184677 0.269318 0.170212 0.0863 0.1098 0.1725
v 0.184769 -0.267670 0.013181 0.0039 0.0039 0.0000
v 0.184937 0.218872 -0.185257 0.1216 0.1137 0.1647
v 0.185074 -0.130722 0.114548 0.5804 0.3843 0.2471
v 0.185287 0.233047 -0.181900 0.1020 0.0980 0.1412
v 0.185760 0.033646 -0.158585 0.7882 0.5843 0.4314
v 0.185852 0.240891 -0.166367 0.0941 0.0941 0.1333
v 0.186218 -0.209518 -0.028910 0.2902 0.1686 0.0980
v 0.186325 0.185898 0.189957 0.0706 0.0667 0.1294
v 0.186569 0.215057 -0.175812 0.1294 0.1216 0.1725
v 0.186615 0.150238 0.179428 0.0588 0.0549 0.1098
v 0.186661 0.109756 -0.157272 0.7529 0.5490 0.3961
v 0.186722 0.015886 0.163956 0.7490 0.5373 0.4078
v 0.186935 0.319489 0.118301 0.0549 0.1020 0.1882
v 0.187210 0.149231 -0.154755 0.0980 0.0588 0.0863
v 0.187256 -0.306183 0.065964 0.0078 0.0078 0.0078
v 0.187271 0.082863 0.144119 0.8627 0.6706 0.5059
v 0.187286 -0.076828 -0.133301 0.6589 0.5176 0.4157
v 0.187424 0.225616 -0.170059 0.1216 0.1176 0.1647
v 0.187531 -0.213684 0.001963 0.3019 0.1647 0.0941
v 0.187561 0.345306 0.011306 0.0431 0.0667 0.1216
v 0.188019 0.312256 -0.115685 0.0784 0.1098 0.1725
v 0.188187 0.214615 0.189774 0.0824 0.0941 0.1608
v 0.188385 -0.162521 -0.065208 0.6276 0.4196 0.2627
v 0.188507 0.315155 0.083328 0.0471 0.0824 0.1490
v 0.188690 -0.207123 0.039879 0.3529 0.1922 0.1216
v 0.188766 -0.182419 -0.059528 0.4706 0.3176 0.2078
v 0.188950 0.317596 0.090256 0.0314 0.0706 0.1373
v 0.189133 -0.184341 0.068871 0.4275 0.2549 0.1569
v 0.189224 -0.085526 0.134872 0.6589 0.4667 0.3372
v 0.189362 -0.294525 -0.036110 0.0078 0.0078 0.0078
v 0.189575 -0.150177 -0.072968 0.6432 0.4118 0.2549
v 0.189667 0.175781 0.183319 0.0627 0.0588 0.1137
v 0.189789 -0.212067 0.018797 0.3255 0.1725 0.0941
v 0.189804 0.300446 0.142166 0.0784 0.0980 0.1725
v 0.189880 0.314667 0.095932 0.0353 0.0784 0.1530
v 0.189896 0.262299 0.164261 0.0863 0.1098 0.1725
v 0.189926 -0.281616 0.069870 0.0078 0.0078 0.0078
v 0.190033 -0.118279 -0.112564 0.5490 0.3686 0.2549
v 0.190109 0.063820 0.141220 0.8706 0.6706 0.4980
v 0.190140 0.099907 0.156708 0.7725 0.5725 0.4275
v 0.190155 -0.106262 0.126495 0.6197 0.4275 0.2980
v 0.190170 -0.284088 -0.102997 0.0078 0.0078 0.0118
v 0.190369 -0.147263 0.083832 0.6510 0.4078 0.2471
v 0.190399 -0.134033 -0.097649 0.5451 0.3372 0.1961
v 0.190994 -0.046463 0.138870 0.7059 0.5137 0.3961
v 0.191010 0.031681 0.159973 0.7921 0.5804 0.4392
v 0.191025 -0.198227 0.053684 0.3765 0.2157 0.1294
v 0.191269 0.311188 0.076881 0.0431 0.0745 0.1451
v 0.191391 0.154480 0.172958 0.0706 0.0627 0.1137
v 0.191711 -0.273010 -0.073120 0.0118 0.0118 0.0118
v 0.191727 -0.268311 0.029928 0.0078 0.0078 0.0078
v 0.191742 0.163589 -0.154114 0.0706 0.0667 0.0902
v 0.191757 0.340851 -0.035622 0.0549 0.0941 0.1569
v 0.191971 0.217041 -0.164917 0.0980 0.0902 0.1451
v 0.192047 0.243332 0.182602 0.1176 0.1294 0.2078
v 0.192093 0.192261 -0.163696 0.0667 0.0667 0.0980
v 0.192307 0.127472 -0.155243 0.4314 0.2745 0.2078
v 0.192307 -0.096405 -0.123627 0.6354 0.4784 0.3804
v 0.192383 -0.037937 -0.136948 0.7412 0.5490 0.4235
v 0.192490 0.097656 -0.128433 0.6902 0.4157 0.2549
v 0.192566 0.334076 -0.057217 0.1020 0.1451 0.2314
v 0.192657 0.253571 -0.153534 0.0863 0.0902 0.1333
v 0.192749 0.298920 -0.125549 0.0667 0.0902 0.1451
v 0.192780 -0.054276 -0.132416 0.7137 0.5294 0.4039
v 0.192978 0.322876 0.069443 0.0314 0.0667 0.1333
v 0.192978 -0.266815 -0.043182 0.0078 0.0157 0.0118
v 0.193024 0.228607 -0.163239 0.1059 0.1020 0.1451
v 0.193222 -0.160690 0.072304 0.6197 0.4314 0.2784
v 0.193283 0.280121 0.153381 0.0745 0.0980 0.1530
v 0.193375 0.198517 0.188553 0.0706 0.0745 0.1451
v 0.193512 0.076744 -0.133896 0.8588 0.6000 0.4000
v 0.193649 0.147614 0.168167 0.0784 0.0706 0.1137
v 0.193771 0.000079 0.154800 0.7294 0.5176 0.3921
v 0.193771 0.339233 0.056053 0.0431 0.0667 0.1294
v 0.193863 0.342194 -0.014936 0.0510 0.0745 0.1373
v 0.193878 -0.128387 0.108757 0.5882 0.3804 0.2353
v 0.194321 -0.299713 0.105461 0.0039 0.0039 0.0039
v 0.194427 0.267273 0.160492 0.0902 0.1098 0.1686
v 0.194473 0.266907 -0.145630 0.0824 0.0902 0.1373
v 0.194763 -0.265289 -0.028370 0.0078 0.0078 0.0078
v 0.194839 -0.008404 -0.146896 0.7686 0.5882 0.4784
v 0.195328 0.134933 0.155975 0.1255 0.0863 0.1059
v 0.195328 0.178604 -0.157639 0.0627 0.0627 0.1020
v 0.195419 -0.185837 -0.051987 0.4706 0.3137 0.2078
v 0.195435 0.336975 0.036896 0.0431 0.0667 0.1216
v 0.195862 -0.140564 -0.073700 0.6432 0.4157 0.2471
v 0.195969 0.094933 0.127960 0.7372 0.4902 0.3255
v 0.196060 0.318268 -0.091919 0.0745 0.1098 0.1804
v 0.196198 -0.206192 -0.014601 0.3333 0.1961 0.1020
v 0.196304 -0.293121 -0.002908 0.0039 0.0039 0.0157
v 0.196350 0.214157 0.186569 0.0902 0.1020 0.1686
v 0.196838 0.173233 0.182648 0.0706 0.0667 0.1216
v 0.196869 0.306335 0.108070 0.0510 0.0941 0.1804
v 0.196899 0.058418 -0.130005 0.8745 0.6315 0.4471
v 0.197006 -0.296509 0.034313 0.0039 0.0039 0.0039
v 0.197052 -0.271637 0.052483 0.0078 0.0078 0.0078
v 0.197159 0.322968 -0.070610 0.0941 0.1294 0.2196
v 0.197266 0.166962 -0.150558 0.0745 0.0706 0.0980
v 0.197388 0.295929 0.072960 0.0392 0.0588 0.1333
v 0.197433 0.306122 0.091797 0.0314 0.0667 0.1373
v 0.197586 -0.292145 -0.095673 0.0078 0.0196 0.0275
v 0.197784 0.203506 0.184998 0.0667 0.0706 0.1412
v 0.197845 0.338196 -0.000074 0.0627 0.0784 0.1412
v 0.197906 -0.200729 0.041637 0.3804 0.2039 0.1216
v 0.198044 0.037231 0.150406 0.8157 0.5961 0.4314
v 0.198059 -0.025562 0.140106 0.7255 0.5294 0.4078
v 0.198425 0.331329 -0.050697 0.0431 0.0863 0.1530
v 0.198471 0.114319 -0.149887 0.7020 0.4902 0.3451
v 0.198578 0.104294 -0.139862 0.7529 0.5216 0.3451
v 0.198639 -0.304535 0.105713 0.0353 0.0353 0.0353
v 0.198929 0.013724 -0.146774 0.7921 0.5843 0.4471
v 0.198959 0.296661 0.132385 0.0588 0.0863 0.1608
v 0.199417 -0.123024 -0.094391 0.5921 0.3647 0.2078
v 0.199463 -0.305481 0.090919 0.0078 0.0078 0.0157
v 0.199478 0.103813 0.148605 0.7804 0.5608 0.4196
v 0.199524 0.031834 -0.143524 0.8313 0.5921 0.4196
v 0.199814 0.335693 0.031628 0.0471 0.0706 0.1255
v 0.199951 0.100372 0.142136 0.7843 0.5333 0.3882
v 0.200073 0.335754 0.007991 0.0471 0.0588 0.1137
v 0.200165 0.307678 -0.107887 0.0667 0.0980 0.1608
v 0.200256 0.245270 0.172455 0.1020 0.1137 0.1804
v 0.200302 0.015525 0.151093 0.7764 0.5569 0.4078
v 0.200302 -0.140137 0.072945 0.6745 0.4275 0.2588
v 0.200378 -0.109764 -0.108025 0.6236 0.4157 0.2706
v 0.200485 0.295746 0.066612 0.0510 0.0627 0.1255
v 0.200821 0.301208 0.120888 0.0549 0.0863 0.1686
v 0.200867 0.083488 -0.121086 0.8353 0.5764 0.3686
v 0.200989 -0.176727 0.060524 0.5490 0.3725 0.2706
v 0.201187 -0.075890 0.128098 0.6902 0.4823 0.3490
v 0.201233 -0.305511 0.099136 0.0078 0.0078 0.0157
v 0.201324 0.289246 0.080254 0.0588 0.0745 0.1569
v 0.201492 -0.044235 0.131409 0.7137 0.5216 0.3921
v 0.201950 0.285248 0.141068 0.0706 0.0941 0.1569
v 0.202072 -0.127365 -0.073433 0.6745 0.4118 0.2353
v 0.202103 0.036983 -0.135422 0.8706 0.6276 0.4510
v 0.202148 0.281342 0.148621 0.0745 0.0980 0.1569
v 0.202362 -0.142120 -0.059223 0.6706 0.4275 0.2510
v 0.202469 0.193542 0.184494 0.0706 0.0784 0.1373
v 0.202499 -0.131714 0.081238 0.6236 0.4000 0.2196
v 0.202576 -0.151443 0.062675 0.6980 0.4667 0.2980
v 0.202606 0.330963 -0.028036 0.0667 0.1059 0.1843
v 0.202744 0.316345 -0.080421 0.0667 0.1098 0.1882
v 0.202850 0.217682 0.183197 0.0784 0.0902 0.1608
v 0.202972 0.059586 0.123444 0.8823 0.6863 0.5137
v 0.202972 0.079002 -0.119041 0.8431 0.5961 0.4000
v 0.203003 0.137741 -0.149353 0.1686 0.0863 0.0902
v 0.203125 -0.090302 0.122902 0.6628 0.4589 0.3137
v 0.203140 0.332153 -0.009175 0.0353 0.0627 0.1255
v 0.203323 -0.202972 0.017008 0.3882 0.2157 0.1216
v 0.203598 0.180862 0.172684 0.0706 0.0667 0.1255
v 0.203690 0.331726 0.021425 0.0510 0.0627 0.1216
v 0.203705 0.274139 -0.138428 0.0745 0.0863 0.1333
v 0.203873 0.152054 0.162842 0.0784 0.0667 0.1020
v 0.203888 0.163574 0.167862 0.0784 0.0706 0.1216
v 0.203918 -0.153320 -0.050095 0.6941 0.4550 0.2706
v 0.204285 -0.185791 0.052265 0.4628 0.2902 0.1882
v 0.204559 0.133026 0.150681 0.2078 0.1255 0.1294
v 0.204712 -0.189697 -0.036774 0.4823 0.3137 0.2039
v 0.204773 0.150314 -0.148392 0.1216 0.0627 0.0902
v 0.204926 -0.112198 -0.091805 0.6432 0.4000 0.2392
v 0.204941 0.323059 0.057823 0.0392 0.0627 0.1255
v 0.205368 -0.120255 0.100044 0.6039 0.3921 0.2353
v 0.205399 -0.197266 -0.019814 0.4000 0.2432 0.1451
v 0.205444 -0.103767 0.114189 0.6315 0.4275 0.2823
v 0.205582 -0.285309 -0.107277 0.0157 0.0157 0.0235
v 0.206055 0.204437 -0.157761 0.0706 0.0706 0.1176
v 0.206131 0.254425 0.159546 0.1176 0.1333 0.1961
v 0.206268 0.103500 -0.113014 0.2549 0.0863 0.0275
v 0.206467 0.283356 -0.129425 0.0706 0.0863 0.1333
v 0.206512 -0.076614 -0.117073 0.7255 0.5176 0.3686
v 0.206558 0.192841 0.173615 0.0627 0.0706 0.1294
v 0.206558 -0.045372 -0.119919 0.7725 0.5412 0.3804
v 0.206741 0.328552 -0.022699 0.0745 0.1098 0.1765
v 0.206848 0.078995 0.118134 0.8470 0.6393 0.4823
v 0.206985 -0.102211 -0.071693 0.6745 0.3921 0.2314
v 0.207108 0.306091 -0.094810 0.0471 0.0980 0.1569
v 0.207245 0.239990 -0.154190 0.0980 0.0980 0.1373
v 0.207336 0.228836 0.179245 0.0667 0.0745 0.1569
v 0.207428 -0.264252 -0.001693 0.0078 0.0078 0.0039
v 0.207443 0.228592 0.171600 0.0824 0.0902 0.1686
v 0.207458 0.199036 0.179916 0.0627 0.0667 0.1294
v 0.207504 0.003961 -0.136475 0.8431 0.6197 0.4510
v 0.207504 0.271423 0.059326 0.2471 0.1569 0.1255
v 0.207520 0.136887 -0.145432 0.1725 0.1020 0.1059
v 0.207550 0.259796 0.066772 0.3451 0.2275 0.1843
v 0.207779 0.238083 0.163376 0.0824 0.0902 0.1647
v 0.207809 0.049519 -0.112076 0.8666 0.6276 0.4510
v 0.207977 0.316864 -0.065567 0.1294 0.1608 0.2432
v 0.207993 0.187561 -0.154892 0.0627 0.0706 0.1059
v 0.208267 0.064651 -0.108437 0.8392 0.6118 0.4235
v 0.208389 0.256073 0.155792 0.0980 0.1098 0.1765
v 0.208496 0.154465 0.156326 0.0941 0.0784 0.1059
v 0.208527 -0.172745 0.051075 0.6000 0.4235 0.2941
v 0.208588 0.224777 -0.157578 0.1098 0.1059 0.1569
v 0.208679 -0.087181 -0.111343 0.7059 0.4941 0.3412
v 0.208847 0.211533 0.172485 0.0667 0.0745 0.1333
v 0.209122 0.293152 -0.118881 0.0667 0.0784 0.1373
v 0.209564 0.064774 0.109055 0.9019 0.6863 0.5059
v 0.209564 -0.192657 0.032108 0.4510 0.2706 0.1647
v 0.209579 0.289673 0.100273 0.0549 0.0824 0.1569
v 0.209625 0.286041 0.091309 0.0588 0.0706 0.1490
v 0.210114 0.296936 0.055908 0.0353 0.0745 0.1294
v 0.210190 0.048332 0.112991 0.8745 0.6550 0.4980
v 0.210388 -0.015881 -0.127914 0.8353 0.6039 0.4353
v 0.210449 0.101265 0.109238 0.4863 0.3216 0.2784
v 0.210587 0.265289 0.078346 0.1333 0.1137 0.1333
v 0.211044 0.016542 0.135300 0.8353 0.6000 0.4550
v 0.211060 -0.004111 0.135025 0.7804 0.5725 0.4392
v 0.211075 0.021257 -0.125427 0.8706 0.6236 0.4510
v 0.211151 0.187515 0.170380 0.0745 0.0706 0.1255
v 0.211151 -0.119423 -0.060520 0.6706 0.4275 0.2353
v 0.211533 0.277496 0.054081 0.1686 0.1137 0.1373
v 0.211639 -0.022289 0.128265 0.7686 0.5608 0.4275
v 0.211731 -0.124733 0.064560 0.6863 0.4392 0.2667
v 0.211731 -0.152252 0.047447 0.7333 0.4784 0.3059
v 0.211868 -0.176865 -0.032875 0.6157 0.4000 0.2549
v 0.211899 0.104469 -0.058544 0.3647 0.2510 0.2118
v 0.211960 -0.072838 0.118866 0.7137 0.4980 0.3451
v 0.212006 0.295410 -0.100487 0.0627 0.0902 0.1490
v 0.212189 -0.098526 -0.086685 0.6745 0.4235 0.2432
v 0.212219 -0.150055 -0.033695 0.7490 0.5019 0.2863
v 0.212280 -0.268555 0.052933 0.0078 0.0078 0.0078
v 0.212402 0.088799 -0.105843 0.7843 0.5373 0.3725
v 0.212433 0.103287 0.062332 0.6276 0.4706 0.4000
v 0.212463 0.221588 0.165329 0.0549 0.0667 0.1333
v 0.212646 0.040100 -0.099991 0.8588 0.6079 0.4157
v 0.212662 0.263672 0.153473 0.0902 0.1020 0.1686
v 0.212662 -0.135880 -0.045086 0.6785 0.4314 0.2275
v 0.212906 0.163696 -0.144363 0.0824 0.0588 0.0824
v 0.212936 0.317810 -0.041164 0.0627 0.1020 0.1804
v 0.212952 0.043655 0.105423 0.8666 0.6589 0.5019
v 0.213028 0.175278 -0.146759 0.0706 0.0588 0.0980
v 0.213348 0.189194 -0.147537 0.0667 0.0667 0.1137
v 0.213364 0.237411 0.069054 0.5059 0.3137 0.2275
v 0.213394 0.281433 0.106461 0.0471 0.0745 0.1373
v 0.213425 0.080872 0.108124 0.8706 0.6510 0.4745
v 0.213455 -0.091194 -0.100975 0.6902 0.4628 0.2902
v 0.213516 0.089340 0.072861 0.7490 0.5804 0.4823
v 0.213547 0.120926 -0.134964 0.6393 0.4118 0.2784
v 0.213547 -0.190338 0.007671 0.5059 0.3176 0.2000
v 0.213577 0.088402 0.062061 0.7882 0.5412 0.4000
v 0.213593 0.300995 -0.080254 0.0784 0.1059 0.1725
v 0.213638 -0.287537 -0.103630 0.0118 0.0118 0.0157
v 0.214142 0.182144 0.165024 0.0667 0.0667 0.1137
v 0.214218 0.110657 0.116234 0.5373 0.3490 0.2667
v 0.214233 -0.294067 0.063950 0.0078 0.0078 0.0078
v 0.214249 0.022915 0.125656 0.8470 0.6118 0.4589
v 0.214264 0.111107 -0.116142 0.6118 0.3961 0.2588
v 0.214371 -0.036465 0.121147 0.7529 0.5373 0.4000
v 0.214432 0.088287 -0.068649 0.7294 0.4902 0.3333
v 0.214508 -0.109367 0.091599 0.6550 0.4314 0.2745
v 0.214539 0.102432 -0.096405 0.3412 0.2980 0.3137
v 0.214584 0.320068 -0.019119 0.0314 0.0588 0.1216
v 0.214645 0.319489 0.038670 0.0549 0.0667 0.1255
v 0.214706 -0.040825 -0.110390 0.8078 0.5569 0.3647
v 0.214737 0.064125 -0.086281 0.8157 0.5764 0.3725
v 0.214844 0.001626 0.130920 0.8117 0.6079 0.4667
v 0.214859 0.101517 -0.078720 0.0980 0.0510 0.1255
v 0.214905 0.283173 0.123672 0.0627 0.0863 0.1412
v 0.214905 0.315735 0.028320 0.0471 0.0627 0.1059
v 0.214996 -0.285461 0.098320 0.0039 0.0039 0.0039
v 0.215088 0.050503 0.090431 0.8666 0.6589 0.4902
v 0.215088 0.237640 0.162903 0.0941 0.1020 0.1765
v 0.215195 0.200684 0.167114 0.0667 0.0706 0.1216
v 0.215195 -0.155487 -0.025694 0.7686 0.5216 0.3137
v 0.215240 0.240051 0.053322 0.5373 0.3294 0.2118
v 0.215240 -0.177521 0.035706 0.5882 0.4157 0.2902
v 0.215256 0.099457 0.045727 0.7804 0.5412 0.3608
v 0.215286 0.274872 0.138092 0.0824 0.0941 0.1530
v 0.215302 0.106483 0.100464 0.3961 0.3451 0.3568
v 0.215332 0.067581 0.093475 0.8706 0.6628 0.4745
v 0.215469 -0.265472 0.031071 0.0078 0.0078 0.0039
v 0.215561 0.089722 0.097252 0.7568 0.5569 0.4823
v 0.215576 -0.137817 0.047646 0.7020 0.4510 0.2706
v 0.215637 0.262238 0.147141 0.0784 0.0902 0.1530
v 0.215652 0.085030 -0.097740 0.8274 0.5647 0.3961
v 0.215927 0.201691 -0.153809 0.0627 0.0627 0.1137
v 0.215988 -0.183899 -0.012469 0.5804 0.3568 0.2275
v 0.216095 0.277374 0.128632 0.0706 0.0863 0.1412
v 0.216095 -0.101082 -0.061806 0.4471 0.1882 0.0941
v 0.216125 0.318329 0.013332 0.0588 0.0745 0.1216
v 0.216232 0.319855 -0.005632 0.0627 0.0863 0.1490
v 0.216278 0.218857 -0.153732 0.0824 0.0824 0.1255
v 0.216278 -0.005298 -0.121117 0.8745 0.6315 0.4392
v 0.216309 0.107147 0.082870 0.0510 0.0314 0.0627
v 0.216354 0.263611 0.082916 0.1176 0.1059 0.1333
v 0.216476 0.238373 0.075645 0.3216 0.2039 0.1686
v 0.216553 -0.107773 0.074142 0.6471 0.4000 0.2275
v 0.216690 -0.143829 -0.022669 0.7176 0.4784 0.2667
v 0.216705 0.123985 0.140213 0.6354 0.4235 0.3255
v 0.216721 0.308533 -0.050552 0.0588 0.0941 0.1569
v 0.216888 0.036716 0.085495 0.8666 0.6432 0.4941
v 0.216934 0.254700 -0.141281 0.0941 0.1020 0.1490
v 0.216965 0.162231 -0.137421 0.1216 0.0471 0.0510
v 0.216980 0.077797 -0.068230 0.8353 0.5569 0.3412
v 0.217010 0.150696 -0.131317 0.0667 0.0235 0.0275
v 0.217117 0.311646 -0.036285 0.0784 0.1098 0.1882
v 0.217148 0.010717 -0.113617 0.8902 0.6471 0.4589
v 0.217178 0.094177 -0.064560 0.6824 0.5176 0.4510
v 0.217178 -0.094261 0.104904 0.6941 0.4589 0.3176
v 0.217209 0.111176 0.056652 0.7647 0.5098 0.3294
v 0.217209 -0.274414 -0.104233 0.0078 0.0078 0.0157
v 0.217239 0.085106 -0.056919 0.7921 0.5098 0.2706
v 0.217636 -0.148102 0.031857 0.7294 0.4784 0.2823
v 0.217682 0.069809 0.080238 0.8549 0.6118 0.4157
v 0.217697 0.314697 -0.013067 0.0392 0.0706 0.1373
v 0.217712 -0.296295 0.103111 0.0275 0.0275 0.0275
v 0.217758 0.109566 -0.094307 0.0980 0.0667 0.0902
v 0.217865 -0.071190 -0.102371 0.7647 0.5294 0.3255
v 0.217926 0.237381 -0.149597 0.1176 0.1176 0.1569
v 0.217957 0.082794 0.076408 0.8196 0.5882 0.4275
v 0.218002 0.086327 0.046535 0.8431 0.5647 0.3725
v 0.218002 0.116776 0.130798 0.7764 0.5530 0.3961
v 0.218094 -0.026205 0.119125 0.7843 0.5608 0.4157
v 0.218109 0.053112 -0.074715 0.8235 0.5569 0.3608
v 0.218109 0.111206 -0.066971 0.3765 0.2667 0.2157
v 0.218170 0.081299 0.095078 0.8823 0.6393 0.4863
v 0.218185 0.274597 -0.127975 0.0784 0.0863 0.1451
v 0.218201 0.203476 0.166412 0.0588 0.0667 0.1176
v 0.218277 0.152618 0.146393 0.1020 0.0784 0.0980
v 0.218277 -0.178955 0.008975 0.6276 0.4196 0.2784
v 0.218353 0.074921 0.066399 0.8509 0.5725 0.3804
v 0.218369 -0.093430 -0.076859 0.6432 0.3882 0.2549
v 0.218506 -0.170868 0.022440 0.6589 0.4353 0.2706
v 0.218719 0.070450 -0.052853 0.8313 0.5725 0.3412
v 0.218872 -0.146317 -0.003729 0.7255 0.4980 0.3098
v 0.218872 -0.298157 0.096344 0.0118 0.0118 0.0196
v 0.218933 0.081604 -0.046005 0.8549 0.5921 0.3765
v 0.218933 -0.014824 -0.113052 0.8588 0.5961 0.4039
v 0.218948 0.065483 0.055775 0.8823 0.6236 0.4196
v 0.218979 -0.171677 -0.011588 0.6706 0.4314 0.2667
v 0.219070 0.090370 0.035526 0.8117 0.5647 0.3568
v 0.219193 -0.129166 -0.044724 0.6432 0.4118 0.2157
v 0.219315 -0.152359 0.010540 0.7608 0.5216 0.3255
v 0.219376 -0.263672 -0.042084 0.0118 0.0118 0.0118
v 0.219650 0.159882 0.152939 0.0824 0.0706 0.0980
v 0.219864 0.089470 -0.052876 0.6941 0.4471 0.2275
v 0.219894 0.001941 0.119545 0.8588 0.6510 0.5216
v 0.219910 0.216492 0.056297 0.6824 0.4314 0.2471
v 0.219940 -0.268768 -0.089844 0.0118 0.0118 0.0118
v 0.219955 -0.116898 0.060425 0.6824 0.4392 0.2627
v 0.220093 0.175079 0.161774 0.0745 0.0745 0.1176
v 0.220169 -0.137665 -0.009610 0.5686 0.3647 0.1961
v 0.220306 0.274139 0.111938 0.0745 0.0902 0.1490
v 0.220322 0.009291 0.113609 0.8666 0.6550 0.5137
v 0.220398 -0.143875 0.022453 0.6941 0.4471 0.2667
v 0.220413 0.074883 0.036221 0.8862 0.6432 0.4275
v 0.220413 -0.074844 0.107941 0.7333 0.4980 0.3372
v 0.220474 0.039726 0.069237 0.8706 0.6354 0.4706
v 0.220474 0.134949 0.140305 0.3843 0.2353 0.2039
v 0.220825 0.233124 0.159256 0.0745 0.0863 0.1569
v 0.220871 0.073463 -0.041557 0.8666 0.5961 0.3647
v 0.220932 -0.034428 -0.098076 0.8470 0.5764 0.3804
v 0.220963 0.140732 -0.134064 0.0667 0.0275 0.0588
v 0.221054 0.119972 0.085831 0.8706 0.6706 0.5490
v 0.221115 -0.129776 0.045868 0.6941 0.4471 0.2706
v 0.221146 -0.098877 0.085876 0.6863 0.4628 0.2902
v 0.221268 0.019480 -0.084068 0.8823 0.6393 0.4589
v 0.221420 -0.290009 0.104156 0.0314 0.0314 0.0314
v 0.221451 0.311859 -0.028637 0.0471 0.0745 0.1373
v 0.221481 0.120926 -0.114281 0.5961 0.3529 0.1922
v 0.221512 0.064980 0.044315 0.8784 0.6432 0.4314
v 0.221542 0.019342 0.088379 0.8784 0.6510 0.5019
v 0.221542 -0.002304 -0.099792 0.8941 0.6432 0.4471
v 0.221664 0.176605 0.155319 0.0706 0.0667 0.1137
v 0.221680 0.212616 -0.149414 0.0784 0.0784 0.1294
v 0.221863 0.309906 -0.022106 0.0353 0.0667 0.1176
v 0.221985 0.121384 0.100349 0.8313 0.6197 0.4784
v 0.222305 0.278381 -0.111839 0.0745 0.0863 0.1530
v 0.222321 0.124161 0.057877 0.7843 0.5333 0.3490
v 0.222412 -0.084724 -0.083702 0.6589 0.4432 0.2823
v 0.222458 0.297394 0.047985 0.0588 0.0745 0.1216
v 0.222580 0.156433 -0.138016 0.1373 0.0667 0.0667
v 0.222595 -0.097618 0.066086 0.4196 0.2235 0.1020
v 0.222824 -0.134827 -0.023460 0.5764 0.3765 0.1922
v 0.222855 0.211288 0.163147 0.0588 0.0667 0.1176
v 0.222961 -0.285217 -0.011580 0.0078 0.0078 0.0118
v 0.223053 0.080612 -0.034279 0.8313 0.5608 0.3176
v 0.223114 0.230881 -0.146011 0.1137 0.1137 0.1608
v 0.223236 0.257843 -0.135361 0.0902 0.0980 0.1530
v 0.223419 -0.027092 -0.090080 0.8666 0.5882 0.3804
v 0.223450 -0.287476 0.035259 0.0039 0.0078 0.0078
v 0.223511 0.127457 0.071396 0.8039 0.5961 0.4039
v 0.223770 0.294312 -0.077477 0.0510 0.0863 0.1412
v 0.223801 0.000784 -0.076149 0.8941 0.6276 0.4196
v 0.223816 0.241074 0.040947 0.4039 0.2549 0.1843
v 0.223984 0.175995 -0.139206 0.0902 0.0588 0.0784
v 0.223984 -0.070732 -0.090714 0.7764 0.5216 0.2941
v 0.223999 0.125214 0.087517 0.8627 0.6354 0.4628
v 0.224014 0.229492 0.079079 0.2118 0.1216 0.1255
v 0.224304 0.202911 0.072601 0.5882 0.3372 0.1804
v 0.224503 -0.018906 -0.066101 0.8941 0.6197 0.4157
v 0.224548 -0.136520 0.026127 0.6354 0.4118 0.2510
v 0.224625 0.135239 -0.122330 0.2000 0.0863 0.0627
v 0.224670 -0.032513 0.105759 0.7921 0.5569 0.3921
v 0.224747 0.062386 -0.047535 0.8509 0.5882 0.3451
v 0.224792 0.198807 0.065689 0.6863 0.4118 0.2314
v 0.224884 0.025362 -0.069389 0.8274 0.5804 0.3882
v 0.224884 -0.137817 0.003736 0.5255 0.3372 0.1843
v 0.225327 -0.283905 -0.085747 0.0118 0.0157 0.0235
v 0.225342 0.018917 0.074844 0.8706 0.6432 0.4941
v 0.225403 0.270233 0.042568 0.1255 0.1216 0.1725
v 0.225479 0.237366 0.156189 0.0745 0.0863 0.1530
v 0.225601 0.094826 -0.047478 0.7216 0.4863 0.2980
v 0.225662 -0.034767 -0.078926 0.9137 0.6589 0.4432
v 0.225906 0.044899 -0.060959 0.8235 0.5725 0.3568
v 0.225937 -0.042854 -0.083031 0.9019 0.6393 0.4314
v 0.225952 0.195221 0.158142 0.0627 0.0588 0.1176
v 0.226120 0.125534 -0.123032 0.5530 0.3176 0.1922
v 0.226212 0.157669 -0.119682 0.0353 0.0196 0.0392
v 0.226303 -0.020321 0.102608 0.8196 0.5843 0.4235
v 0.226318 0.119522 -0.090332 0.1373 0.0745 0.0706
v 0.226807 -0.061897 0.098999 0.7725 0.5255 0.3529
v 0.226959 0.091377 -0.030779 0.7372 0.4863 0.2745
v 0.227036 0.117424 0.031967 0.7412 0.5098 0.3216
v 0.227051 0.221390 0.036793 0.3647 0.2235 0.1725
v 0.227081 0.248566 0.089355 0.1530 0.1255 0.1569
v 0.227081 0.304138 0.017012 0.0627 0.0784 0.1255
v 0.227402 -0.086624 0.086678 0.7176 0.4784 0.3137
v 0.227524 0.164886 -0.124718 0.0706 0.0118 0.0353
v 0.227554 0.300568 0.031769 0.0510 0.0667 0.1176
v 0.227585 0.110565 -0.053955 0.4823 0.2784 0.1765
v 0.227692 0.279419 -0.089134 0.0549 0.0627 0.1216
v 0.227707 0.243851 0.149460 0.0784 0.0863 0.1530
v 0.227737 0.202774 -0.144577 0.0706 0.0745 0.1255
v 0.227905 0.289703 -0.071785 0.0588 0.0941 0.1608
v 0.228195 -0.017511 -0.057362 0.7804 0.5255 0.3216
v 0.228317 0.013304 -0.062637 0.8313 0.5608 0.3451
v 0.228638 0.121269 -0.072777 0.2432 0.1373 0.1137
v 0.228653 0.003052 0.074677 0.8666 0.6315 0.4745
v 0.228668 -0.030756 -0.056389 0.8666 0.6118 0.3921
v 0.228714 0.253052 0.093880 0.1373 0.1137 0.1451
v 0.228760 0.254608 0.140793 0.0941 0.0980 0.1686
v 0.228775 -0.094780 0.051750 0.3647 0.0980 0.0353
v 0.229019 0.258911 0.101135 0.0902 0.1020 0.1373
v 0.229019 -0.014446 0.087975 0.8313 0.5843 0.4157
v 0.229202 -0.265411 -0.081841 0.0118 0.0118 0.0118
v 0.229416 -0.105263 0.056374 0.5882 0.3608 0.2118
v 0.229431 0.294861 0.021721 0.0471 0.0627 0.1137
v 0.229492 0.237335 -0.142517 0.1137 0.1137 0.1608
v 0.229706 0.093124 -0.057388 0.4118 0.2392 0.1294
v 0.229736 0.251923 -0.131622 0.0941 0.1020 0.1608
v 0.229858 0.148499 -0.121750 0.0353 0.0235 0.0353
v 0.229858 -0.081306 -0.073715 0.6550 0.4628 0.3255
v 0.229950 0.195572 0.046196 0.7176 0.4667 0.2627
v 0.230057 0.219589 -0.146301 0.0745 0.0784 0.1373
v 0.230133 0.108078 -0.065292 0.4353 0.2471 0.1608
v 0.230148 -0.066315 -0.077499 0.8039 0.5804 0.3921
v 0.230240 0.287903 -0.058529 0.0392 0.0706 0.1176
v 0.230408 0.155502 0.129639 0.1255 0.0980 0.1255
v 0.230484 0.096603 0.019337 0.8000 0.5608 0.3490
v 0.230835 -0.048542 0.089729 0.8157 0.5530 0.3647
v 0.230972 0.149994 0.139786 0.1569 0.1020 0.1373
v 0.231079 -0.045948 -0.066093 0.9215 0.6745 0.4706
v 0.231125 0.008877 0.060665 0.8588 0.6000 0.4039
v 0.231232 0.132431 0.119423 0.5412 0.3686 0.3098
v 0.231339 0.263947 -0.108055 0.0706 0.0784 0.1451
v 0.231354 0.179657 0.151276 0.0627 0.0627 0.1098
v 0.231400 0.257965 0.120125 0.0941 0.0941 0.1451
v 0.231476 0.023710 0.055668 0.8666 0.6197 0.4196
v 0.231552 0.198181 0.078598 0.4157 0.2157 0.1216
v 0.231567 -0.031092 0.056072 0.8627 0.6393 0.4432
v 0.231689 0.034801 0.049488 0.8706 0.6236 0.4235
v 0.231873 -0.109520 -0.051590 0.6667 0.3686 0.2471
v 0.231979 0.050011 0.039959 0.8862 0.6393 0.4275
v 0.231995 0.181656 -0.126480 0.1530 0.0902 0.0902
v 0.231995 0.223404 0.033039 0.2039 0.1412 0.1451
v 0.232025 0.215027 0.154648 0.0549 0.0706 0.1176
v 0.232040 -0.053867 -0.070366 0.8823 0.6471 0.4550
v 0.232101 0.042557 -0.050507 0.8274 0.5451 0.3333
v 0.232132 0.259247 0.126129 0.1059 0.1020 0.1490
v 0.232208 -0.274170 0.084869 0.0078 0.0078 0.0078
v 0.232300 -0.099113 -0.048950 0.3961 0.0980 0.0157
v 0.232437 0.109192 0.018045 0.7568 0.5216 0.3216
v 0.232529 0.291565 -0.042263 0.0510 0.0784 0.1490
v 0.232574 -0.016741 0.051186 0.8431 0.5764 0.3608
v 0.232758 -0.036560 0.047398 0.8509 0.6197 0.4235
v 0.232773 0.161362 0.146393 0.0902 0.0706 0.1059
v 0.232788 0.147552 0.121880 0.1333 0.0902 0.1216
v 0.232864 0.130402 -0.091042 0.0980 0.0667 0.0784
v 0.232864 0.134628 0.093307 0.7608 0.5608 0.4078
v 0.233047 0.138336 0.039577 0.6824 0.4628 0.3176
v 0.233093 0.056419 -0.040264 0.8588 0.5686 0.3216
v 0.233109 -0.049198 0.077660 0.8470 0.5882 0.3921
v 0.233170 -0.002241 -0.054424 0.7725 0.5059 0.2980
v 0.233200 -0.120079 -0.044613 0.6039 0.3961 0.2314
v 0.233246 0.135666 -0.068352 0.0745 0.0510 0.0510
v 0.233475 0.105202 -0.041561 0.5569 0.3059 0.1725
v 0.233475 -0.037434 -0.049271 0.8313 0.5490 0.3490
v 0.233643 0.249069 0.107620 0.1608 0.1412 0.1882
v 0.233704 -0.281891 0.101616 0.0157 0.0157 0.0157
v 0.233887 0.090157 -0.040382 0.7804 0.5216 0.2902
v 0.233994 -0.071098 0.075851 0.7529 0.5294 0.3725
v 0.234116 0.142288 -0.100754 0.1843 0.0902 0.0745
v 0.234146 -0.263000 0.000968 0.0078 0.0078 0.0118
v 0.234390 0.193817 0.029947 0.5059 0.3019 0.1569
v 0.234436 0.107269 -0.035416 0.5294 0.2784 0.1412
v 0.234634 0.152176 0.114136 0.1059 0.0667 0.0902
v 0.234695 0.143768 0.064941 0.5176 0.3529 0.2667
v 0.234711 0.251526 -0.116959 0.0627 0.0706 0.1373
v 0.234741 0.296112 -0.015353 0.0353 0.0471 0.1059
v 0.234863 0.185989 0.035835 0.7216 0.4863 0.3255
v 0.234940 0.153198 -0.107323 0.0314 0.0196 0.0353
v 0.234970 -0.049347 0.062714 0.8353 0.6000 0.4157
v 0.235016 0.175766 -0.125366 0.2157 0.1176 0.1294
v 0.235016 0.200439 -0.137039 0.0549 0.0627 0.1098
v 0.235260 0.083755 0.013808 0.8588 0.6079 0.4000
v 0.235336 0.176117 0.078781 0.6000 0.3882 0.2823
v 0.235550 -0.126801 -0.030910 0.5725 0.3765 0.2196
v 0.235580 0.274780 0.039726 0.0980 0.1216 0.1843
v 0.235718 0.091141 -0.016415 0.7372 0.4784 0.2627
v 0.235886 -0.015330 0.046745 0.7921 0.5019 0.3019
v 0.235947 0.123352 -0.062889 0.2314 0.1255 0.0863
v 0.235992 -0.058083 0.067101 0.8000 0.5725 0.3961
v 0.236099 0.294739 -0.007154 0.0745 0.0863 0.1451
v 0.236160 0.102562 -0.018795 0.5686 0.3568 0.2235
v 0.236206 0.199524 0.027906 0.2510 0.1490 0.0863
v 0.236252 0.107719 0.008081 0.7686 0.5294 0.3412
v 0.236343 0.024717 -0.048393 0.7882 0.5255 0.3137
v 0.236496 -0.269104 0.069489 0.0078 0.0078 0.0078
v 0.236526 0.134232 -0.102203 0.3098 0.1608 0.1255
v 0.236618 0.181885 -0.118332 0.1569 0.0745 0.0941
v 0.236633 0.140900 0.106750 0.4550 0.3098 0.2471
v 0.236801 0.134354 -0.078117 0.0706 0.0549 0.0706
v 0.236801 0.226669 -0.134003 0.0745 0.0745 0.1412
v 0.236801 0.247223 0.034214 0.1176 0.1137 0.1765
v 0.236801 -0.084190 0.062675 0.5764 0.3961 0.2549
v 0.236938 0.248627 0.114799 0.1255 0.1216 0.1765
v 0.237015 -0.039387 0.039223 0.7333 0.4902 0.2980
v 0.237045 -0.050533 0.054996 0.8117 0.5882 0.4196
v 0.237091 0.148636 0.034248 0.6236 0.4196 0.2706
v 0.237152 0.077271 -0.018730 0.8196 0.5412 0.2902
v 0.237152 0.291351 -0.024450 0.0392 0.0510 0.1059
v 0.237244 0.158432 0.104980 0.1176 0.0824 0.1020
v 0.237366 -0.117928 0.041939 0.6236 0.3882 0.2235
v 0.237442 0.086334 0.007172 0.8862 0.6354 0.4314
v 0.237442 0.109894 -0.047497 0.1490 0.0039 0.0000
v 0.237488 -0.280457 -0.036591 0.0078 0.0118 0.0196
v 0.237640 0.102234 -0.001736 0.8039 0.5647 0.3804
v 0.237701 0.163971 0.031555 0.7137 0.5019 0.3568
v 0.237778 0.167389 0.135834 0.1216 0.0941 0.1176
v 0.237900 0.235489 0.146103 0.0902 0.0980 0.1530
v 0.237961 0.173187 0.026718 0.6706 0.4784 0.3333
v 0.238113 0.145676 -0.077866 0.0431 0.0510 0.0706
v 0.238144 0.291809 0.000566 0.0392 0.0510 0.1098
v 0.238159 0.213150 0.151520 0.0549 0.0706 0.1137
v 0.238205 -0.095123 0.032219 0.4039 0.0431 0.0078
v 0.238358 0.165817 0.090775 0.1373 0.0667 0.0902
v 0.238480 -0.042953 -0.044277 0.8117 0.5255 0.3294
v 0.238525 0.072716 0.014623 0.8745 0.6157 0.4078
v 0.238541 0.006770 0.043213 0.8392 0.5764 0.3647
v 0.238541 -0.289978 0.101738 0.0157 0.0157 0.0157
v 0.238571 0.186432 0.151489 0.0706 0.0667 0.1216
v 0.238571 0.288391 -0.019651 0.0392 0.0510 0.1098
v 0.238678 -0.271027 -0.110992 0.0118 0.0039 0.0039
v 0.238693 0.084755 -0.007755 0.8588 0.5961 0.3804
v 0.238708 0.171753 -0.109505 0.0784 0.0353 0.0588
v 0.238754 0.177048 0.112206 0.0745 0.0471 0.0667
v 0.238770 0.228760 0.096161 0.1451 0.0941 0.1294
v 0.238785 0.146057 0.020565 0.6745 0.4628 0.3176
v 0.239090 0.217377 0.082146 0.1373 0.0745 0.0706
v 0.239151 0.111359 -0.001639 0.7020 0.4823 0.3176
v 0.239258 0.236145 -0.123863 0.0549 0.0627 0.1216
v 0.239258 0.285797 0.011476 0.0471 0.0549 0.1137
v 0.239471 0.140259 -0.056641 0.1059 0.0510 0.0510
v 0.239471 -0.072784 0.062790 0.6902 0.4941 0.3490
v 0.239532 0.278107 -0.040314 0.0353 0.0510 0.1059
v 0.239548 0.165939 0.082039 0.3019 0.1725 0.1608
v 0.239594 -0.280243 0.006097 0.0078 0.0078 0.0157
v 0.239639 -0.026945 0.045429 0.6863 0.4039 0.2353
v 0.239655 0.181641 -0.109024 0.0902 0.0353 0.0706
v 0.239746 -0.126984 -0.020908 0.5451 0.3255 0.1765
v 0.239761 0.253113 -0.092850 0.0588 0.0706 0.1373
v 0.239838 0.277954 -0.070068 0.0588 0.0824 0.1451
v 0.240005 0.275696 -0.063095 0.0471 0.0706 0.1333
v 0.240097 0.121819 -0.032055 0.3294 0.1804 0.1020
v 0.240219 -0.075790 -0.063873 0.6902 0.5255 0.4039
v 0.240250 0.148819 0.085434 0.3098 0.1922 0.1530
v 0.240402 0.265686 -0.082558 0.0627 0.0667 0.1451
v 0.240845 0.217453 0.087944 0.1098 0.0510 0.0667
v 0.241028 0.098320 -0.034966 0.6236 0.3686 0.1961
v 0.241028 0.119659 -0.028719 0.3529 0.1765 0.0941
v 0.241043 -0.279205 -0.078842 0.0157 0.0196 0.0275
v 0.241302 0.179352 0.126556 0.0706 0.0471 0.0863
v 0.241333 0.157684 0.053455 0.4432 0.2784 0.2118
v 0.241409 -0.266327 0.052647 0.0039 0.0078 0.0078
v 0.241440 -0.098045 -0.029438 0.4157 0.0314 0.0157
v 0.241455 0.212738 -0.126633 0.0588 0.0627 0.1373
v 0.241501 0.152084 -0.098320 0.0431 0.0275 0.0471
v 0.241531 0.169022 0.057621 0.7764 0.5882 0.4510
v 0.241547 0.138351 0.011192 0.6236 0.4000 0.2588
v 0.241623 0.148804 -0.084755 0.0588 0.0510 0.0706
v 0.241928 -0.038097 -0.040955 0.6432 0.3176 0.1373
v 0.241943 0.179169 0.146149 0.0941 0.0745 0.1020
v 0.242020 0.128189 -0.042603 0.2078 0.1020 0.0745
v 0.242142 -0.039265 0.028383 0.6236 0.3647 0.2078
v 0.242264 -0.096420 0.011592 0.4745 0.0118 0.0000
v 0.242294 0.197510 0.088852 0.1255 0.0314 0.0314
v 0.242340 0.239120 0.127945 0.1020 0.0941 0.1530
v 0.242386 0.235535 0.121048 0.0863 0.0745 0.1294
v 0.242401 -0.044636 0.029684 0.7294 0.5137 0.3333
v 0.242599 0.120186 -0.054546 0.3294 0.1882 0.1137
v 0.242676 -0.107819 0.039246 0.6471 0.3568 0.2157
v 0.242767 -0.063866 -0.058861 0.7804 0.5843 0.4392
v 0.242828 -0.117325 -0.035000 0.6393 0.3765 0.2353
v 0.242950 0.209915 0.095329 0.1176 0.0588 0.0784
v 0.242950 -0.092361 -0.055237 0.5451 0.2667 0.1765
v 0.242966 0.226746 0.109642 0.0745 0.0392 0.0824
v 0.243103 0.285889 0.002576 0.0510 0.0588 0.1176
v 0.243103 -0.053997 -0.052277 0.8078 0.6000 0.4118
v 0.243134 -0.084724 -0.059914 0.6824 0.4628 0.3294
v 0.243164 -0.285522 0.067947 0.0118 0.0118 0.0118
v 0.243210 0.176392 0.101562 0.1725 0.0902 0.1098
v 0.243225 0.023609 0.035175 0.8745 0.6157 0.4039
v 0.243240 0.172485 0.121803 0.0941 0.0824 0.1176
v 0.243317 -0.123642 0.025728 0.5412 0.3176 0.1569
v 0.243347 -0.126816 0.001513 0.5725 0.3372 0.2078
v 0.243439 0.134659 -0.041100 0.1490 0.0863 0.0627
v 0.243454 0.181488 0.021624 0.4000 0.2432 0.1608
v 0.243546 0.223099 0.102478 0.1098 0.0706 0.1098
v 0.243561 -0.063858 0.052933 0.7098 0.5333 0.3843
v 0.243744 0.221436 0.148132 0.0667 0.0745 0.1216
v 0.243866 0.238434 -0.111458 0.0588 0.0627 0.1333
v 0.243881 0.219727 0.142380 0.0824 0.0784 0.1176
v 0.243973 -0.097313 -0.011880 0.4667 0.0157 0.0078
v 0.244064 -0.280151 -0.106323 0.0196 0.0235 0.0314
v 0.244080 0.110329 -0.018131 0.4314 0.2510 0.1569
v 0.244171 0.185562 0.082405 0.2118 0.1059 0.0784
v 0.244217 -0.056725 0.045490 0.7451 0.5530 0.4000
v 0.244278 0.201675 0.151932 0.0627 0.0667 0.1176
v 0.244354 0.189743 0.098808 0.1804 0.0980 0.1020
v 0.244461 0.154572 0.014800 0.4550 0.2941 0.2078
v 0.244507 0.185257 0.131927 0.0745 0.0627 0.0941
v 0.244659 0.208725 0.144516 0.0784 0.0745 0.1137
v 0.244705 -0.110107 -0.033272 0.6980 0.3098 0.2000
v 0.244720 0.206512 0.110901 0.0588 0.0392 0.0667
v 0.244797 0.197952 -0.120239 0.0824 0.0510 0.0941
v 0.244904 0.197678 0.081711 0.1843 0.0745 0.0667
v 0.244980 0.190674 0.140640 0.0824 0.0706 0.1098
v 0.244980 0.273987 0.019651 0.0706 0.0745 0.1412
v 0.245010 -0.034729 0.033184 0.6276 0.3372 0.1922
v 0.245163 -0.094131 -0.047024 0.4745 0.2275 0.1530
v 0.245209 0.165039 -0.083519 0.0510 0.0392 0.0627
v 0.245361 0.109238 -0.028675 0.4823 0.2823 0.1608
v 0.245438 0.197647 0.107010 0.0863 0.0471 0.0706
v 0.245499 -0.281006 0.041439 0.0078 0.0078 0.0157
v 0.245514 0.111679 -0.006646 0.6000 0.3921 0.2471
v 0.245712 -0.288849 0.093582 0.0078 0.0078 0.0157
v 0.245804 0.010803 -0.045212 0.7882 0.4941 0.2549
v 0.245804 -0.120262 -0.019548 0.6863 0.3686 0.2196
v 0.245850 0.036163 -0.035290 0.8549 0.5921 0.3608
v 0.245972 0.221802 0.125565 0.0745 0.0667 0.1137
v 0.246078 0.120888 -0.039085 0.2118 0.1059 0.0784
v 0.246231 0.180344 -0.099617 0.0824 0.0235 0.0627
v 0.246246 0.133881 -0.053570 0.1804 0.1020 0.0745
v 0.246353 -0.275574 -0.112747 0.0196 0.0196 0.0275
v 0.246490 0.277863 0.011154 0.0510 0.0588 0.1176
v 0.246765 0.207733 0.124924 0.0667 0.0627 0.0941
v 0.246826 0.144180 -0.071899 0.0471 0.0353 0.0627
v 0.246857 0.064362 -0.012684 0.8823 0.5921 0.3608
v 0.246902 0.201797 -0.111649 0.0510 0.0431 0.0980
v 0.246918 0.265320 -0.054298 0.0706 0.0824 0.1412
v 0.247025 0.223053 0.114601 0.0667 0.0471 0.0902
v 0.247086 -0.108566 0.024450 0.7608 0.4157 0.2941
v 0.247131 0.204483 0.139084 0.0824 0.0784 0.1137
v 0.247192 -0.116272 0.024380 0.6667 0.3882 0.2314
v 0.247253 0.174622 -0.090775 0.0627 0.0314 0.0588
v 0.247284 0.147385 -0.061142 0.0392 0.0471 0.0549
v 0.247406 -0.018690 0.043034 0.7451 0.5019 0.3294
v 0.247482 0.008560 0.033199 0.8588 0.6039 0.3961
v 0.247574 0.064316 0.004930 0.9255 0.6628 0.4510
v 0.247604 -0.275848 0.098579 0.0078 0.0078 0.0078
v 0.247757 0.197891 0.117188 0.0627 0.0510 0.0863
v 0.247833 0.258575 -0.067688 0.0431 0.0510 0.1098
v 0.247864 0.218353 -0.110458 0.0431 0.0471 0.1020
v 0.247925 -0.265106 -0.106361 0.0157 0.0118 0.0039
v 0.248047 0.135788 -0.022289 0.1373 0.0667 0.0824
v 0.248199 -0.114105 -0.004615 0.7608 0.4353 0.2745
v 0.248322 0.226685 -0.097336 0.0549 0.0588 0.1255
v 0.248337 0.116310 -0.009186 0.4980 0.2980 0.1765
v 0.248398 0.217102 -0.117477 0.0431 0.0431 0.1137
v 0.249130 0.030087 0.025673 0.8941 0.6393 0.4353
v 0.249176 -0.029068 0.040985 0.6785 0.3921 0.2235
v 0.249313 -0.044334 0.012955 0.6471 0.4000 0.2392
v 0.249313 -0.044960 -0.032108 0.7137 0.4589 0.2902
v 0.249329 0.211258 -0.099655 0.0471 0.0549 0.1137
v 0.249344 0.254059 0.030933 0.1255 0.1255 0.1922
v 0.249390 -0.031189 -0.050270 0.7764 0.4902 0.2745
v 0.249405 0.231049 0.025175 0.1686 0.1569 0.2157
v 0.249634 -0.088135 0.034752 0.5216 0.2667 0.1373
v 0.249725 0.243103 -0.089355 0.0588 0.0784 0.1412
v 0.250031 0.168396 -0.069656 0.1020 0.0510 0.0784
v 0.250214 0.118446 -0.021843 0.3333 0.1843 0.1255
v 0.250214 0.256653 0.022461 0.1020 0.1059 0.1765
v 0.250305 0.163345 -0.063118 0.0510 0.0314 0.0471
v 0.250366 -0.000281 0.034672 0.8470 0.6000 0.3921
v 0.250397 -0.023500 -0.054142 0.7882 0.5255 0.3176
v 0.250458 0.275055 -0.009016 0.0157 0.0314 0.0902
v 0.250671 0.251465 -0.050026 0.0941 0.0941 0.1451
v 0.250732 -0.039852 -0.023432 0.5255 0.2902 0.1569
v 0.250763 0.046257 -0.024685 0.8941 0.6354 0.3882
v 0.250977 0.060898 -0.001545 0.9490 0.6902 0.4863
v 0.251099 -0.273895 -0.017128 0.0078 0.0118 0.0235
v 0.251190 0.267151 -0.028408 0.0314 0.0392 0.0980
v 0.251251 0.153687 -0.036579 0.0902 0.0471 0.0745
v 0.251282 0.123489 -0.000376 0.6118 0.3921 0.2588
v 0.251434 0.134766 0.004567 0.5804 0.3804 0.2588
v 0.251556 0.133789 -0.012747 0.2157 0.1098 0.1098
v 0.251678 -0.273804 -0.064621 0.0039 0.0196 0.0314
v 0.251831 0.134430 -0.028461 0.1255 0.0510 0.0549
v 0.251953 -0.091095 0.020477 0.6157 0.3176 0.2039
v 0.252014 -0.261230 -0.067665 0.0118 0.0196 0.0157
v 0.252045 -0.031021 -0.035439 0.5098 0.2823 0.1490
v 0.252533 -0.280182 0.104050 0.0275 0.0275 0.0275
v 0.252777 0.176514 -0.084419 0.0471 0.0275 0.0549
v 0.252899 0.247803 -0.058636 0.0902 0.0941 0.1490
v 0.253235 0.190399 0.018269 0.1255 0.0667 0.0863
v 0.253296 -0.040852 0.006032 0.5804 0.3333 0.1882
v 0.253387 0.249252 -0.080101 0.0588 0.0706 0.1294
v 0.253418 0.258057 0.012459 0.0588 0.0667 0.1294
v 0.253510 -0.078606 0.037422 0.7098 0.4510 0.3137
v 0.253571 0.141602 -0.005559 0.2941 0.1725 0.1608
v 0.253601 0.140884 -0.029190 0.0941 0.0353 0.0431
v 0.253662 0.155594 -0.046833 0.0431 0.0431 0.0627
v 0.253693 0.263977 -0.016428 0.0353 0.0510 0.0980
v 0.253998 -0.048283 -0.012730 0.5882 0.3568 0.2275
v 0.254028 0.180588 -0.069191 0.1020 0.0588 0.0902
v 0.254028 -0.093437 -0.007740 0.4863 0.1686 0.1216
v 0.254120 -0.273560 0.010201 0.0078 0.0078 0.0196
v 0.254303 0.156067 -0.060162 0.0314 0.0392 0.0510
v 0.254669 -0.043377 -0.012664 0.5373 0.2980 0.1686
v 0.254822 0.169159 -0.059490 0.0588 0.0314 0.0510
v 0.254974 -0.079468 -0.047195 0.7529 0.4784 0.3412
v 0.254974 -0.085693 -0.042480 0.5647 0.3019 0.2196
v 0.255066 -0.070107 0.035236 0.7451 0.5294 0.3608
v 0.255157 0.209305 -0.093903 0.0471 0.0549 0.1059
v 0.255188 0.222794 -0.091568 0.0431 0.0510 0.1098
v 0.255249 0.143219 0.003447 0.4550 0.3019 0.2549
v 0.255707 0.161255 0.011380 0.2667 0.1569 0.1333
v 0.255737 0.258606 -0.000652 0.0431 0.0549 0.1098
v 0.255859 -0.023432 0.016685 0.2471 0.1137 0.0549
v 0.255859 -0.280457 0.066879 0.0039 0.0157 0.0157
v 0.256012 -0.010644 -0.051739 0.8274 0.5764 0.3804
v 0.256226 0.150620 -0.017921 0.0902 0.0431 0.0824
v 0.256317 0.265259 -0.006676 0.0353 0.0471 0.1059
v 0.256348 0.220657 -0.061485 0.0863 0.0863 0.1333
v 0.256836 0.150696 -0.029749 0.0902 0.0392 0.0745
v 0.256866 -0.090096 -0.022821 0.5530 0.2980 0.1804
v 0.256866 -0.275543 0.040470 0.0118 0.0118 0.0157
v 0.257019 -0.021324 -0.026302 0.2039 0.0706 0.0078
v 0.257233 0.195404 -0.064766 0.0863 0.0627 0.0941
v 0.257385 0.238831 0.018354 0.0980 0.0980 0.1569
v 0.257782 0.235641 0.024309 0.1255 0.1255 0.1765
v 0.257843 -0.083870 0.022953 0.6276 0.3333 0.2039
v 0.257965 0.204315 -0.065407 0.0824 0.0627 0.0902
v 0.258118 -0.056259 -0.038677 0.7216 0.5255 0.3765
v 0.258575 0.011677 0.024229 0.8784 0.6510 0.4589
v 0.258575 0.257874 0.004073 0.0431 0.0510 0.1098
v 0.258728 0.198090 0.015503 0.0902 0.0588 0.0902
v 0.258759 0.243759 -0.044388 0.0980 0.0941 0.1490
v 0.258911 0.193115 -0.081696 0.0549 0.0275 0.0667
v 0.259155 0.226776 -0.069725 0.0588 0.0588 0.1137
v 0.259247 0.228958 -0.077927 0.0431 0.0510 0.1020
v 0.259338 -0.018465 0.039787 0.7608 0.5216 0.3451
v 0.259460 -0.083153 -0.026730 0.6393 0.3451 0.2432
v 0.259583 -0.028076 -0.040962 0.5961 0.3647 0.2196
v 0.259674 0.161499 -0.026655 0.1059 0.0510 0.0863
v 0.259857 -0.063629 -0.040268 0.7098 0.5294 0.3686
v 0.260162 -0.057068 0.016603 0.7137 0.5137 0.3647
v 0.260498 0.172760 0.008399 0.1647 0.0588 0.0941
v 0.260529 0.191223 -0.060814 0.0902 0.0784 0.1059
v 0.260529 -0.073997 -0.009490 0.8588 0.5608 0.3255
v 0.260712 0.169876 -0.055309 0.0667 0.0431 0.0667
v 0.260712 -0.083130 0.011969 0.6589 0.3490 0.2118
v 0.260986 0.040318 -0.016109 0.9098 0.6706 0.4432
v 0.261139 0.158920 0.000907 0.1882 0.1020 0.1098
v 0.261200 0.023048 -0.032333 0.8745 0.6039 0.3921
v 0.261261 0.207321 -0.078796 0.0510 0.0431 0.0863
v 0.261597 -0.272675 -0.110298 0.0196 0.0235 0.0314
v 0.262054 0.032738 0.008834 0.9137 0.7098 0.5216
v 0.262115 -0.061657 0.016760 0.7255 0.5137 0.3568
v 0.262207 -0.280640 0.079834 0.0000 0.0157 0.0235
v 0.262360 0.175095 -0.035522 0.0471 0.0314 0.0588
v 0.262634 -0.071953 -0.031414 0.8353 0.5294 0.3412
v 0.262756 0.020155 0.016529 0.8941 0.6745 0.4706
v 0.262787 -0.056061 -0.028196 0.7255 0.5216 0.3647
v 0.262878 -0.068321 0.016018 0.8627 0.5921 0.3961
v 0.262970 0.212234 0.018026 0.0863 0.0667 0.1216
v 0.262970 -0.267090 -0.040340 0.0157 0.0196 0.0353
v 0.263214 -0.268066 -0.074234 0.0196 0.0235 0.0392
v 0.263489 0.248657 -0.024677 0.0431 0.0471 0.1098
v 0.263519 -0.022793 0.017601 0.3568 0.1843 0.0902
v 0.263733 -0.063828 -0.002938 0.7451 0.5412 0.4118
v 0.264069 -0.260040 -0.049282 0.0118 0.0196 0.0157
v 0.264954 -0.024948 0.030985 0.4432 0.2549 0.1255
v 0.265076 -0.062820 -0.028854 0.7372 0.5216 0.3647
v 0.265137 -0.020611 -0.046951 0.7843 0.5019 0.3137
v 0.265137 -0.034973 -0.012895 0.4667 0.2353 0.1255
v 0.265167 0.225937 0.005865 0.0667 0.0627 0.1098
v 0.265259 -0.265503 -0.013768 0.0078 0.0118 0.0196
v 0.265411 0.201736 -0.056339 0.0941 0.0745 0.1020
v 0.265442 0.029764 -0.022800 0.9098 0.6550 0.4275
v 0.265442 0.177902 -0.004433 0.0471 0.0275 0.0745
v 0.265594 0.221863 -0.050823 0.0980 0.0902 0.1255
v 0.265594 -0.264435 -0.114708 0.0196 0.0235 0.0353
v 0.265747 -0.261963 0.008842 0.0118 0.0118 0.0118
v 0.265839 0.179047 0.007686 0.1216 0.0588 0.0941
v 0.265991 -0.261139 -0.005133 0.0118 0.0118 0.0157
v 0.266022 0.035717 -0.007926 0.9333 0.7216 0.5176
v 0.266235 -0.270508 0.096512 0.0039 0.0039 0.0078
v 0.266510 0.204422 0.012403 0.0706 0.0471 0.1020
v 0.266510 0.245102 -0.016357 0.0314 0.0431 0.1098
v 0.267059 -0.263824 -0.012589 0.0078 0.0118 0.0196
v 0.267212 -0.261322 -0.110008 0.0235 0.0235 0.0275
v 0.267334 -0.264008 -0.056568 0.0275 0.0314 0.0471
v 0.267395 0.188507 -0.015379 0.0471 0.0392 0.0824
v 0.267426 0.173386 -0.042732 0.0549 0.0431 0.0706
v 0.267822 -0.261719 -0.056728 0.0196 0.0235 0.0353
v 0.267853 -0.264587 0.003282 0.0118 0.0118 0.0078
v 0.268005 -0.260437 -0.089890 0.0235 0.0275 0.0392
v 0.268097 -0.263031 0.028782 0.0235 0.0118 0.0078
v 0.268341 -0.033054 0.000533 0.6745 0.4235 0.2627
v 0.268524 0.229950 -0.001843 0.0510 0.0549 0.1020
v 0.268616 -0.021713 0.031719 0.5019 0.2863 0.1530
v 0.268738 0.191177 -0.032085 0.0431 0.0314 0.0745
v 0.268738 -0.003977 0.028934 0.8666 0.6589 0.4784
v 0.268738 -0.025036 -0.033787 0.4745 0.2510 0.1412
v 0.268768 0.232315 -0.025528 0.0314 0.0392 0.0902
v 0.269440 -0.267426 0.081169 0.0078 0.0039 0.0039
v 0.269562 0.215256 -0.009179 0.0392 0.0510 0.0941
v 0.269684 0.185669 -0.045650 0.0510 0.0392 0.0745
v 0.269684 -0.266724 0.029905 0.0431 0.0392 0.0314
v 0.269775 0.217087 -0.043907 0.0745 0.0706 0.1059
v 0.269806 0.208084 -0.047165 0.0745 0.0549 0.0863
v 0.269836 0.003844 -0.041073 0.8745 0.6471 0.4471
v 0.269958 -0.265198 -0.098579 0.0314 0.0353 0.0510
v 0.270691 -0.264679 0.050190 0.0118 0.0118 0.0118
v 0.271149 0.228928 -0.018435 0.0392 0.0471 0.1020
v 0.271271 0.205322 -0.005129 0.0510 0.0431 0.0941
v 0.271973 0.026245 -0.002312 0.9372 0.7372 0.5569
v 0.272064 0.207764 -0.034843 0.0549 0.0471 0.0902
v 0.272400 0.204208 -0.025448 0.0431 0.0392 0.0863
v 0.273041 0.224609 -0.035236 0.0588 0.0588 0.1020
v 0.274475 0.195099 -0.043682 0.0549 0.0431 0.0824
v 0.274506 -0.268677 0.058407 0.0235 0.0157 0.0157
v 0.275391 -0.028418 -0.017988 0.6589 0.4039 0.2510
v 0.276123 -0.279114 0.098640 0.0196 0.0118 0.0157
v 0.276245 -0.272034 0.102379 0.0157 0.0157 0.0235
v 0.277344 -0.267639 0.076370 0.0078 0.0078 0.0000
v 0.277435 -0.019455 -0.035370 0.6941 0.4235 0.2471
v 0.277618 -0.270966 0.076439 0.0235 0.0157 0.0078
v 0.278107 -0.269135 0.095924 0.0157 0.0078 0.0118
v 0.278290 -0.006205 -0.038887 0.8666 0.6276 0.4314
v 0.279175 -0.008441 0.022381 0.8706 0.6471 0.4628
v 0.279236 -0.024572 0.007569 0.6550 0.4235 0.2745
v 0.280762 -0.270844 0.086533 0.0431 0.0275 0.0157
v 0.281006 -0.028427 -0.006554 0.7098 0.4628 0.2980
v 0.281219 0.007833 0.009940 0.9098 0.6980 0.5137
v 0.281555 -0.274323 0.098412 0.0392 0.0314 0.0314
v 0.283813 0.008333 -0.027287 0.9098 0.6667 0.4432
v 0.284943 -0.021748 -0.019505 0.7490 0.4745 0.2823
v 0.287323 -0.014042 0.006570 0.8784 0.6236 0.4275
v 0.287811 0.008560 -0.005268 0.9215 0.7020 0.5176
v 0.288177 -0.019825 -0.005281 0.8196 0.5686 0.3804
v 0.288269 0.008720 -0.014423 0.9294 0.6785 0.4706
v 0.288269 -0.000013 0.004709 0.9372 0.7294 0.5490
v 0.290863 -0.006192 -0.020782 0.8941 0.6432 0.4314
v 0.292664 -0.006620 -0.007583 0.9294 0.6941 0.4902
v -0.000025 -0.016495 -0.162125 0.4863 0.3568 0.3216
v -0.000066 0.139374 -0.237976 0.0863 0.1020 0.1490
v -0.000090 -0.260437 -0.334412 0.0157 0.0275 0.0431
v -0.000184 -0.319641 0.393616 0.0863 0.0980 0.1255
v -0.000284 0.177109 -0.246246 0.0863 0.1020 0.1490
v -0.000318 -0.194992 0.122780 0.3608 0.2118 0.1294
v -0.000318 -0.262360 -0.091599 0.1176 0.0784 0.0471
v -0.000645 -0.221298 -0.352417 0.0078 0.0196 0.0549
v -0.000655 -0.071426 0.151566 0.5451 0.3882 0.3019
v -0.001025 0.070984 -0.195892 0.4745 0.3568 0.3333
v -0.001080 -0.261871 0.250305 0.0510 0.0549 0.0667
v -0.001441 0.059235 -0.187485 0.5843 0.4784 0.4392
v -0.001574 0.157074 0.254456 0.0510 0.0706 0.1451
v -0.001678 0.089867 -0.206070 0.1569 0.0863 0.1098
v -0.001704 -0.292053 -0.408691 0.0431 0.0588 0.1059
v -0.001967 -0.154343 -0.120163 0.1804 0.1098 0.0549
v -0.001975 -0.285370 0.132996 0.3255 0.1843 0.0863
v -0.002156 -0.242065 -0.359436 0.0275 0.0431 0.0863
v -0.002299 0.309235 -0.209747 0.1333 0.2157 0.3294
v -0.002323 -0.265778 -0.350891 0.0353 0.0471 0.0667
v -0.002357 0.432404 0.020718 0.0745 0.1451 0.2314
v -0.002376 -0.183914 0.230759 0.0588 0.0588 0.0667
v -0.002503 0.284027 0.241882 0.0941 0.1216 0.1843
v -0.002665 0.029314 0.196060 0.7608 0.5725 0.4275
v -0.002716 -0.306427 0.375183 0.0824 0.0863 0.1059
v -0.002810 0.240524 -0.241028 0.0902 0.1137 0.1725
v -0.002985 0.115425 -0.225998 0.0784 0.0980 0.1412
v -0.002995 -0.112808 -0.133835 0.2745 0.1882 0.1255
v -0.003015 -0.264801 0.110855 0.3843 0.2039 0.1098
v -0.003022 -0.012366 -0.189499 0.5490 0.4039 0.3451
v -0.003023 0.419586 0.069115 0.1804 0.4039 0.6118
v -0.003050 -0.143219 -0.199646 0.0510 0.0667 0.1020
v -0.003151 0.103996 -0.218719 0.0941 0.0824 0.1137
v -0.003208 -0.273193 0.244415 0.0471 0.0510 0.0667
v -0.003562 -0.146835 -0.180664 0.0314 0.0431 0.0784
v -0.003590 0.183014 0.262665 0.0627 0.0745 0.1373
v -0.003810 -0.190979 0.340210 0.0196 0.0353 0.0784
v -0.003904 -0.250336 0.112877 0.4000 0.2078 0.1020
v -0.004102 0.260468 0.251862 0.0941 0.1098 0.1647
v -0.004128 -0.281494 -0.384003 0.0431 0.0588 0.0941
v -0.004156 0.137680 0.248398 0.0392 0.0863 0.1490
v -0.004298 -0.015330 0.210266 0.7412 0.5569 0.4941
v -0.004372 0.031502 -0.182419 0.6706 0.5608 0.4980
v -0.004416 -0.392151 -0.487396 0.0392 0.0588 0.0941
v -0.004438 -0.018579 -0.185150 0.6118 0.4039 0.3372
v -0.004569 -0.219299 -0.364716 0.0353 0.0588 0.1059
v -0.004618 0.200577 0.263306 0.0745 0.0863 0.1451
v -0.004828 -0.110413 -0.194946 0.0667 0.0784 0.1059
v -0.004845 -0.366638 -0.474182 0.0431 0.0627 0.1059
v -0.004859 -0.212708 0.121452 0.3843 0.2078 0.1020
v -0.005004 0.354401 -0.163971 0.1412 0.2196 0.3294
v -0.005023 -0.250946 0.333313 0.0314 0.0353 0.0510
v -0.005167 0.218307 0.261963 0.0784 0.0902 0.1490
v -0.005170 -0.245285 -0.161240 0.0275 0.0392 0.0588
v -0.005329 0.060791 0.201889 0.7882 0.6118 0.5294
v -0.005359 0.396240 -0.108307 0.1059 0.1647 0.2667
v -0.005392 -0.259155 0.331726 0.0275 0.0314 0.0471
v -0.005474 0.013605 -0.185745 0.6432 0.5882 0.5686
v -0.005505 -0.421783 0.490967 0.0745 0.0941 0.1294
v -0.005542 0.274689 -0.230896 0.1098 0.1451 0.2196
v -0.005591 0.166748 0.260895 0.0510 0.0627 0.1333
v -0.005633 0.425690 -0.036243 0.0510 0.0980 0.1569
v -0.005784 0.132401 -0.232803 0.0980 0.0980 0.1451
v -0.005829 -0.337463 -0.459686 0.0314 0.0549 0.1020
v -0.005895 0.430359 -0.008321 0.0549 0.1059 0.1765
v -0.005911 0.077820 -0.198532 0.5921 0.4432 0.4039
v -0.006011 -0.195587 -0.169022 0.0235 0.0392 0.0784
v -0.006172 -0.235458 -0.281830 0.0784 0.0824 0.1020
v -0.006234 0.291107 -0.221420 0.1137 0.1725 0.2627
v -0.006248 -0.073959 -0.145004 0.4392 0.3765 0.3568
v -0.006267 -0.253143 0.242599 0.0471 0.0510 0.0667
v -0.006279 0.334259 -0.192200 0.1686 0.2588 0.3804
v -0.006345 0.148621 -0.241272 0.0902 0.1059 0.1490
v -0.006402 0.375885 -0.143433 0.1294 0.1922 0.2941
v -0.006602 -0.431000 0.493896 0.0784 0.0902 0.1098
v -0.006644 -0.142792 0.241684 0.0863 0.0902 0.1020
v -0.006737 -0.119667 0.239960 0.0588 0.0667 0.0902
v -0.006797 -0.213211 -0.358276 0.0039 0.0196 0.0667
v -0.006882 -0.022999 0.196808 0.6079 0.3529 0.2745
v -0.007044 0.213135 -0.247177 0.0980 0.1137 0.1608
v -0.007051 -0.241547 0.291748 0.0784 0.0824 0.0980
v -0.007255 0.257294 -0.238098 0.1020 0.1255 0.1804
v -0.007396 0.309509 0.225189 0.1020 0.1294 0.1961
v -0.007413 -0.003421 -0.194016 0.6236 0.5373 0.4980
v -0.007452 0.156006 0.258545 0.0588 0.0706 0.1451
v -0.007503 0.427216 0.038647 0.0588 0.2235 0.3608
v -0.007535 -0.211899 -0.228683 0.0549 0.0549 0.0824
v -0.007593 0.166656 0.261230 0.0510 0.0627 0.1373
v -0.007752 -0.256439 0.348419 0.0980 0.1020 0.1176
v -0.007753 -0.000193 0.213104 0.7451 0.5961 0.5216
v -0.007901 -0.018951 -0.175095 0.4823 0.2432 0.1686
v -0.008048 0.258484 0.250549 0.0863 0.1176 0.1686
v -0.008119 0.335052 0.201904 0.0784 0.1020 0.1569
v -0.008297 0.238586 -0.241501 0.0980 0.1176 0.1725
v -0.008309 0.146210 0.254181 0.0510 0.0706 0.1451
v -0.008582 -0.015356 0.176834 0.4039 0.1961 0.1294
v -0.008608 -0.258270 0.329498 0.0235 0.0275 0.0431
v -0.008865 0.036285 -0.182861 0.6745 0.5019 0.4157
v -0.008956 0.045204 -0.185257 0.6550 0.4471 0.3608
v -0.009292 -0.430969 0.248413 0.0902 0.0902 0.0980
v -0.009403 -0.286652 0.155563 0.3294 0.1843 0.0784
v -0.009468 0.311707 -0.210785 0.2039 0.2863 0.4078
v -0.009684 -0.110374 -0.184418 0.0275 0.0392 0.0784
v -0.009754 0.362793 -0.158356 0.1137 0.1804 0.2902
v -0.009799 -0.250092 -0.329620 0.0275 0.0314 0.0392
v -0.009912 -0.213272 -0.354767 0.0118 0.0275 0.0706
v -0.009976 0.236771 0.255310 0.0902 0.1020 0.1569
v -0.010042 0.192963 -0.248825 0.0941 0.1098 0.1569
v -0.010056 0.406738 0.094727 0.0863 0.2902 0.4706
v -0.010183 -0.128052 -0.130585 0.2314 0.1412 0.0824
v -0.010246 -0.243057 -0.102127 0.1333 0.0863 0.0471
v -0.010468 -0.217972 0.350677 0.0980 0.1098 0.1294
v -0.010570 0.416138 -0.068207 0.0745 0.1098 0.1686
v -0.010610 0.106544 -0.215225 0.1725 0.1020 0.1255
v -0.010627 -0.275208 -0.372803 0.0431 0.0588 0.0941
v -0.010862 0.104187 0.222748 0.1255 0.0863 0.1412
v -0.010941 -0.270020 0.124100 0.4000 0.2157 0.1098
v -0.010950 0.213013 0.258881 0.0706 0.0824 0.1412
v -0.011123 0.341431 -0.182404 0.1804 0.2588 0.3882
v -0.011144 -0.226852 -0.103729 0.1530 0.0941 0.0471
v -0.011265 0.049679 0.199753 0.7451 0.5137 0.4039
v -0.011410 -0.150085 0.228729 0.0353 0.0471 0.0667
v -0.011615 0.280212 0.242325 0.0824 0.1176 0.1804
v -0.011661 -0.247177 0.348419 0.0980 0.1020 0.1176
v -0.011708 -0.166595 0.240768 0.0667 0.0706 0.0745
v -0.011749 -0.122391 0.143204 0.4392 0.2588 0.1569
v -0.011759 0.182541 0.259308 0.0706 0.0824 0.1490
v -0.011785 -0.307159 0.205597 0.0784 0.0549 0.0392
v -0.011817 -0.012941 -0.165176 0.4667 0.2588 0.1882
v -0.011925 0.264130 -0.231476 0.1137 0.1451 0.2118
v -0.011959 -0.117020 0.232925 0.0353 0.0471 0.0745
v -0.012155 -0.250275 -0.107437 0.1255 0.0824 0.0471
v -0.012164 0.348663 0.187958 0.0549 0.0863 0.1373
v -0.012308 -0.237457 0.211258 0.0627 0.0667 0.0745
v -0.012319 0.396698 0.107903 0.0039 0.1804 0.3333
v -0.012373 0.215698 -0.243011 0.0980 0.1137 0.1608
v -0.012615 -0.237152 0.122253 0.3921 0.2118 0.1098
v -0.012774 -0.251129 -0.316864 0.0235 0.0353 0.0471
v -0.012827 0.037788 0.194870 0.7059 0.4118 0.3059
v -0.012874 0.408356 -0.087753 0.0902 0.1412 0.2078
v -0.012966 -0.254120 0.210571 0.0627 0.0627 0.0627
v -0.013299 0.310883 0.219757 0.0941 0.1255 0.1804
v -0.013371 -0.360504 0.447174 0.0863 0.1020 0.1490
v -0.013383 0.088142 0.213501 0.7372 0.4902 0.3725
v -0.013512 -0.263092 0.359924 0.1059 0.1098 0.1255
v -0.013519 -0.167084 0.225006 0.0471 0.0549 0.0667
v -0.013543 -0.101799 -0.186264 0.0196 0.0314 0.0667
v -0.013544 -0.257294 -0.335205 0.0118 0.0235 0.0471
v -0.013909 0.150833 0.253601 0.0549 0.0863 0.1530
v -0.013972 0.370056 0.161911 0.0431 0.0902 0.1530
v -0.014076 0.170578 -0.247314 0.0902 0.1059 0.1530
v -0.014214 -0.294189 0.369263 0.0314 0.0314 0.0392
v -0.014235 0.250336 0.252808 0.0902 0.1098 0.1647
v -0.014277 0.145264 -0.238586 0.0863 0.1020 0.1490
v -0.014339 -0.021179 -0.189316 0.6039 0.4039 0.3412
v -0.014418 -0.187866 0.131943 0.3647 0.2118 0.1176
v -0.014445 -0.311157 -0.435181 0.0431 0.0588 0.1020
v -0.014497 0.028431 0.200562 0.7255 0.5019 0.3608
v -0.014508 0.389709 -0.125671 0.1843 0.2510 0.3568
v -0.014706 -0.205750 -0.111176 0.1608 0.0980 0.0471
v -0.014709 0.296906 -0.212402 0.1176 0.1843 0.2667
v -0.014799 0.319946 -0.200287 0.1059 0.2000 0.3098
v -0.014844 -0.220398 -0.364471 0.0392 0.0627 0.1176
v -0.014856 -0.248688 0.258270 0.0471 0.0510 0.0588
v -0.014907 0.381683 0.144119 0.0235 0.1098 0.2235
v -0.015049 -0.208679 -0.217484 0.0392 0.0471 0.0588
v -0.015076 0.428436 0.001934 0.0588 0.1176 0.1922
v -0.015096 -0.172653 -0.120026 0.1569 0.0902 0.0510
v -0.015131 0.206436 0.260712 0.0706 0.0824 0.1412
v -0.015443 0.424500 -0.031834 0.0549 0.0980 0.1686
v -0.015726 -0.144974 0.140594 0.4196 0.2392 0.1451
v -0.015741 0.079308 -0.187439 0.7059 0.5098 0.4471
v -0.015804 -0.012697 -0.199402 0.6785 0.5882 0.5490
v -0.015827 0.287689 0.235336 0.0980 0.1412 0.2078
v -0.015919 -0.326111 -0.448425 0.0392 0.0627 0.1098
v -0.015934 -0.254608 0.124550 0.4275 0.2314 0.1098
v -0.016151 -0.007836 0.218445 0.7568 0.6276 0.5373
v -0.016176 -0.258911 -0.336212 0.0118 0.0235 0.0431
v -0.016291 0.187836 -0.243332 0.0863 0.1020 0.1490
v -0.016445 -0.341827 0.435638 0.0863 0.1020 0.1451
v -0.016478 0.044487 -0.180695 0.5098 0.2196 0.1255
v -0.016741 0.025339 -0.187851 0.6667 0.5608 0.4941
v -0.016745 -0.251709 -0.141861 0.1098 0.0824 0.0549
v -0.016798 -0.093040 0.147537 0.4902 0.3176 0.2196
v -0.016834 0.031099 -0.183105 0.6628 0.5255 0.4550
v -0.016890 -0.015199 0.170700 0.5530 0.3490 0.2823
v -0.017176 -0.240723 0.303955 0.0667 0.0706 0.0863
v -0.017227 0.035549 -0.172638 0.7176 0.5176 0.4471
v -0.017361 0.373718 -0.148102 0.1451 0.2039 0.3176
v -0.017511 0.264038 0.246841 0.0941 0.1176 0.1804
v -0.017521 0.234467 -0.238220 0.0902 0.1098 0.1608
v -0.017582 -0.090889 -0.138702 0.3804 0.2667 0.2196
v -0.017603 -0.224869 -0.165695 0.0275 0.0392 0.0588
v -0.017672 0.414490 -0.064407 0.0627 0.1059 0.1530
v -0.017679 0.332733 0.205658 0.0902 0.1059 0.1608
v -0.017797 -0.010808 0.179321 0.3216 0.1294 0.0706
v -0.017967 0.189133 0.261383 0.0784 0.0902 0.1530
v -0.018005 -0.000870 -0.200592 0.6824 0.6079 0.5882
v -0.018059 -0.267639 0.246094 0.0471 0.0510 0.0667
v -0.018068 0.272400 -0.224197 0.0745 0.1137 0.1686
v -0.018225 -0.254120 -0.160690 0.0549 0.0510 0.0588
v -0.018301 -0.021980 -0.155975 0.4980 0.3961 0.3686
v -0.018389 0.255371 -0.230713 0.0902 0.1176 0.1765
v -0.018494 -0.271454 0.242859 0.0471 0.0510 0.0667
v -0.018496 -0.128098 0.228989 0.0353 0.0471 0.0784
v -0.018555 0.308594 -0.208023 0.1255 0.1922 0.2980
v -0.018587 0.419128 0.072716 0.3568 0.5569 0.7451
v -0.018620 -0.015759 0.216278 0.6902 0.5333 0.4589
v -0.018621 0.212769 0.256042 0.0745 0.0863 0.1451
v -0.018747 0.403259 -0.092667 0.0941 0.1373 0.2078
v -0.018799 -0.121269 -0.133759 0.2510 0.1608 0.0980
v -0.019011 0.230728 0.255005 0.0745 0.0902 0.1412
v -0.019110 -0.290222 0.186707 0.2863 0.1608 0.0784
v -0.019114 -0.159103 -0.202850 0.0431 0.0588 0.1020
v -0.019285 0.143936 -0.240570 0.0784 0.1059 0.1608
v -0.019291 -0.357147 -0.469452 0.0353 0.0588 0.1059
v -0.019321 -0.019337 0.190720 0.3216 0.1255 0.0588
v -0.019445 -0.421082 -0.493835 0.0549 0.0667 0.1137
v -0.019484 -0.246048 -0.324768 0.0314 0.0353 0.0431
v -0.019526 0.133850 0.244217 0.0706 0.0784 0.1608
v -0.019604 -0.068535 -0.143372 0.4510 0.3804 0.3647
v -0.019604 -0.210007 -0.240631 0.0549 0.0667 0.0824
v -0.019732 0.060333 -0.185776 0.4745 0.2078 0.1490
v -0.019753 -0.012433 -0.160049 0.4628 0.2863 0.2157
v -0.019772 0.044346 0.185135 0.4980 0.2314 0.1569
v -0.020014 -0.427979 0.498444 0.0784 0.0902 0.1176
v -0.020174 -0.254578 0.250793 0.0471 0.0510 0.0588
v -0.020264 0.073112 0.200729 0.7137 0.4392 0.3216
v -0.020290 0.319275 0.217133 0.1020 0.1255 0.1804
v -0.020399 -0.271118 0.372955 0.1020 0.1059 0.1216
v -0.020405 -0.249252 0.350281 0.0941 0.0980 0.1137
v -0.020466 -0.132248 -0.180130 0.0275 0.0431 0.0784
v -0.020472 -0.237823 -0.112869 0.1412 0.0941 0.0471
v -0.020498 0.367676 0.167679 0.0471 0.0941 0.1530
v -0.020548 0.424591 0.055332 0.2902 0.4941 0.7059
v -0.020666 -0.431000 0.133453 0.0863 0.0863 0.0941
v -0.020687 0.085243 -0.200653 0.7333 0.5333 0.4863
v -0.020761 -0.139542 0.239853 0.0863 0.0941 0.0902
v -0.020769 0.352386 0.185471 0.0549 0.0824 0.1451
v -0.020855 0.195724 -0.242752 0.0863 0.1020 0.1490
v -0.020901 0.173035 0.259338 0.0706 0.0824 0.1490
v -0.021072 -0.242874 -0.119354 0.1373 0.0863 0.0510
v -0.021204 -0.193512 0.349304 0.0980 0.1137 0.1333
v -0.021379 0.299286 0.231110 0.0941 0.1294 0.1961
v -0.021391 -0.204971 0.337738 0.0235 0.0392 0.0745
v -0.021446 -0.024714 0.163696 0.5764 0.4039 0.3216
v -0.021511 -0.183823 0.346863 0.0863 0.0980 0.1412
v -0.021606 -0.188889 0.338013 0.0196 0.0353 0.0706
v -0.021679 0.389557 -0.120255 0.1569 0.2118 0.2941
v -0.021708 0.147797 0.250763 0.0588 0.0824 0.1569
v -0.021914 -0.208435 -0.208588 0.0235 0.0392 0.0588
v -0.021935 0.251862 0.253815 0.0863 0.0980 0.1608
v -0.022057 -0.020472 -0.186111 0.4039 0.1882 0.1216
v -0.022215 0.275116 -0.225266 0.1059 0.1412 0.2039
v -0.022287 -0.165039 0.241455 0.0667 0.0706 0.0863
v -0.022373 -0.299347 0.209152 0.0902 0.0627 0.0431
v -0.022448 -0.273376 0.244202 0.0471 0.0510 0.0667
v -0.022451 0.191101 0.255096 0.0784 0.0902 0.1530
v -0.022627 -0.266571 0.142151 0.4432 0.2314 0.1176
v -0.022648 -0.337006 -0.456421 0.0392 0.0627 0.1098
v -0.022753 -0.431030 -0.400085 0.0784 0.0824 0.0902
v -0.022840 0.122238 -0.225586 0.1059 0.1020 0.1530
v -0.022840 0.207474 -0.238785 0.0863 0.1020 0.1490
v -0.022905 -0.018377 -0.178833 0.3333 0.1216 0.0431
v -0.022907 -0.245636 -0.333252 0.0196 0.0235 0.0353
v -0.022987 -0.207260 -0.359406 0.0196 0.0353 0.0824
v -0.023108 0.086044 0.217178 0.7255 0.4628 0.3255
v -0.023109 0.425873 -0.013841 0.0549 0.1020 0.1647
v -0.023117 -0.194611 0.230881 0.0549 0.0549 0.0667
v -0.023123 -0.143570 0.227478 0.0314 0.0431 0.0627
v -0.023167 -0.052654 0.154663 0.5764 0.4157 0.3372
v -0.023180 -0.238159 -0.343475 0.0275 0.0314 0.0471
v -0.023258 0.106018 0.223892 0.3882 0.1725 0.1647
v -0.023373 -0.107330 -0.193665 0.0706 0.0824 0.1176
v -0.023687 0.166672 -0.241470 0.0980 0.1137 0.1608
v -0.023748 -0.428864 -0.494171 0.0588 0.0706 0.1098
v -0.023819 -0.236099 0.281036 0.0588 0.0627 0.0784
v -0.023861 0.423187 -0.033249 0.0510 0.1020 0.1647
v -0.023870 -0.258759 0.133255 0.4510 0.2432 0.1176
v -0.023998 0.281036 0.241409 0.0902 0.1373 0.2000
v -0.024073 -0.226852 0.130630 0.3725 0.2039 0.1137
v -0.024084 -0.019865 0.204407 0.4784 0.2745 0.1961
v -0.024105 0.228149 0.258575 0.0824 0.0980 0.1490
v -0.024389 -0.134827 -0.198380 0.0510 0.0667 0.1020
v -0.024532 0.101196 -0.209076 0.5255 0.3686 0.3568
v -0.024679 0.427795 0.018749 0.0627 0.1608 0.2784
v -0.024698 -0.431030 -0.492035 0.0667 0.0784 0.1059
v -0.024799 -0.099823 -0.191330 0.0627 0.0745 0.1098
v -0.024807 -0.287170 -0.399872 0.0431 0.0588 0.0941
v -0.024940 0.338226 0.198608 0.0745 0.0980 0.1530
v -0.024990 -0.306824 0.398987 0.0902 0.1059 0.1412
v -0.025017 -0.066681 0.151550 0.5530 0.3882 0.3019
v -0.025200 -0.242584 -0.339508 0.0235 0.0275 0.0431
v -0.025274 -0.248581 -0.161804 0.0588 0.0549 0.0588
v -0.025339 0.144562 -0.237823 0.0863 0.1059 0.1686
v -0.025465 -0.248520 -0.315247 0.0235 0.0392 0.0431
v -0.025707 0.053349 -0.182007 0.4745 0.1804 0.0980
v -0.025803 -0.403839 -0.488190 0.0353 0.0549 0.1059
v -0.025881 -0.188278 -0.169373 0.0235 0.0392 0.0824
v -0.025913 0.165802 0.254517 0.0667 0.0824 0.1530
v -0.025927 0.426941 0.037598 0.1020 0.2823 0.4745
v -0.026014 0.152054 0.248154 0.0667 0.0784 0.1490
v -0.026083 0.326782 0.208008 0.0824 0.1020 0.1569
v -0.026163 0.417694 -0.056561 0.0627 0.1020 0.1490
v -0.026209 -0.222198 -0.344849 0.0235 0.0353 0.0667
v -0.026340 0.204056 0.260376 0.0745 0.0863 0.1530
v -0.026447 -0.179062 0.238968 0.0549 0.0549 0.0706
v -0.026571 0.051090 -0.167679 0.4628 0.1569 0.0980
v -0.026581 0.408081 -0.082207 0.0784 0.1255 0.1882
v -0.026667 -0.212555 -0.117119 0.1490 0.0941 0.0510
v -0.026690 -0.277283 0.173676 0.3725 0.2000 0.0941
v -0.026701 -0.009161 -0.171585 0.2510 0.0784 0.0275
v -0.026796 0.303040 0.224335 0.1059 0.1333 0.2000
v -0.026857 -0.005057 0.184311 0.2784 0.1020 0.0431
v -0.026907 -0.384705 0.468506 0.0863 0.1020 0.1451
v -0.026983 -0.013979 -0.199707 0.6706 0.5490 0.4941
v -0.027122 -0.203156 0.214996 0.0549 0.0588 0.0627
v -0.027246 0.039730 0.182907 0.1412 0.0235 0.0039
v -0.027296 -0.251801 0.133667 0.4471 0.2392 0.1098
v -0.027353 0.077789 0.212860 0.6941 0.3882 0.2510
v -0.027468 -0.013296 0.216751 0.7137 0.5490 0.4784
v -0.027472 0.246994 -0.235306 0.0941 0.1137 0.1647
v -0.027557 0.076248 -0.193176 0.6276 0.3451 0.2432
v -0.027576 0.122902 0.235016 0.0667 0.0824 0.1373
v -0.027617 -0.392944 -0.483032 0.0471 0.0627 0.1059
v -0.027630 -0.220688 0.240005 0.0431 0.0510 0.0627
v -0.027746 0.038391 -0.169144 0.4941 0.3059 0.2627
v -0.027802 0.284698 0.236755 0.0980 0.1490 0.2118
v -0.027895 0.173401 -0.242706 0.0941 0.1098 0.1569
v -0.027931 -0.181519 0.138947 0.3529 0.1922 0.0980
v -0.028042 -0.151001 -0.130249 0.1804 0.1098 0.0627
v -0.028051 -0.240524 0.350464 0.0980 0.1020 0.1216
v -0.028086 0.200623 -0.239044 0.1098 0.1255 0.1725
v -0.028109 0.214447 -0.242859 0.0941 0.1098 0.1569
v -0.028179 0.057255 0.198349 0.6745 0.3412 0.1961
v -0.028547 -0.292511 0.382416 0.0980 0.1059 0.1294
v -0.028568 0.138367 0.238708 0.0588 0.0863 0.1490
v -0.028908 0.387939 0.133926 0.0706 0.2078 0.3608
v -0.029011 0.251801 0.250427 0.0902 0.1098 0.1686
v -0.029028 -0.100212 -0.181381 0.0196 0.0314 0.0667
v -0.029104 0.175720 0.259338 0.0745 0.0863 0.1530
v -0.029161 -0.317017 0.416046 0.0902 0.1098 0.1333
v -0.029305 0.291992 -0.215546 0.1098 0.1569 0.2275
v -0.029476 -0.277985 0.375824 0.0941 0.0980 0.1137
v -0.029537 -0.208725 -0.243942 0.0588 0.0706 0.0902
v -0.029600 0.361908 -0.158676 0.1412 0.2078 0.3059
v -0.029697 -0.208588 -0.349152 0.0000 0.0157 0.0588
v -0.030008 -0.363647 0.454437 0.0784 0.1059 0.1451
v -0.030029 -0.251038 -0.344452 0.0235 0.0392 0.0745
v -0.030067 -0.338196 0.437866 0.0902 0.1059 0.1490
v -0.030113 0.390076 -0.126633 0.1255 0.1765 0.2510
v -0.030119 -0.003096 -0.203217 0.6902 0.6118 0.5764
v -0.030157 0.046371 -0.163300 0.3921 0.1255 0.0784
v -0.030251 -0.250427 0.354950 0.1059 0.1098 0.1294
v -0.030262 -0.161865 0.225464 0.0392 0.0510 0.0706
v -0.030270 -0.155731 -0.173645 0.0275 0.0431 0.0784
v -0.030289 0.428528 0.003010 0.0471 0.1255 0.2196
v -0.030348 0.035210 0.206390 0.6471 0.3843 0.2471
v -0.030405 0.187271 -0.238739 0.1059 0.1216 0.1686
v -0.030405 0.220078 0.255829 0.0784 0.0941 0.1412
v -0.030441 0.025457 0.214996 0.7216 0.5176 0.4078
v -0.030499 0.378479 -0.138824 0.1059 0.1608 0.2432
v -0.030661 0.411255 -0.082680 0.0784 0.1255 0.1843
v -0.030788 -0.317627 -0.438171 0.0431 0.0627 0.1059
v -0.030977 0.259766 -0.230927 0.0941 0.1176 0.1725
v -0.031010 -0.162964 0.241516 0.0667 0.0824 0.0863
v -0.031096 0.048004 0.181107 0.3568 0.1843 0.0980
v -0.031361 0.398773 0.105110 0.0000 0.1804 0.3372
v -0.031799 0.151367 0.252167 0.0667 0.0784 0.1451
v -0.031864 0.143265 -0.236679 0.0980 0.1059 0.1647
v -0.031902 0.417938 -0.065819 0.0627 0.1137 0.1647
v -0.031960 0.037312 -0.181931 0.6000 0.3882 0.3412
v -0.032001 0.282471 0.240463 0.1020 0.1451 0.2118
v -0.032032 0.398010 -0.110817 0.1373 0.1843 0.2510
v -0.032055 0.320465 -0.199921 0.1608 0.2353 0.3451
v -0.032116 -0.232620 0.287689 0.0510 0.0549 0.0706
v -0.032211 0.301361 0.228699 0.1020 0.1373 0.1961
v -0.032265 0.169037 -0.238892 0.0902 0.1059 0.1530
v -0.032482 0.061428 -0.190201 0.5294 0.2706 0.1765
v -0.032516 -0.233521 0.295502 0.0667 0.0706 0.0863
v -0.032707 0.351105 0.187851 0.0588 0.0941 0.1451
v -0.032715 0.128769 -0.228500 0.0902 0.1059 0.1530
v -0.032730 0.340149 -0.184952 0.1490 0.2275 0.3529
v -0.032921 0.424927 -0.036545 0.0510 0.1020 0.1647
v -0.033054 0.187210 -0.243484 0.0902 0.1059 0.1530
v -0.033081 -0.116714 0.225067 0.0353 0.0471 0.0824
v -0.033134 -0.244324 -0.351410 0.0275 0.0431 0.0863
v -0.033279 -0.216827 0.213715 0.0549 0.0588 0.0627
v -0.033394 -0.226669 -0.360901 0.0353 0.0588 0.1137
v -0.033718 0.011286 0.220749 0.7647 0.6157 0.5373
v -0.033829 0.246674 0.256287 0.0863 0.1059 0.1608
v -0.034000 -0.215240 -0.121719 0.1412 0.0941 0.0471
v -0.034065 -0.356628 -0.465759 0.0353 0.0588 0.1059
v -0.034172 -0.236221 0.135895 0.3882 0.2000 0.1098
v -0.034187 0.178024 -0.241943 0.0941 0.1098 0.1569
v -0.034473 0.047291 -0.177505 0.4353 0.1412 0.0824
v -0.034576 -0.110901 0.232437 0.0824 0.0863 0.0980
v -0.034588 -0.200241 -0.219727 0.0353 0.0510 0.0627
v -0.034599 0.235046 0.259247 0.0863 0.0980 0.1569
v -0.034607 0.299957 -0.213486 0.1530 0.2157 0.3098
v -0.034649 -0.174332 0.341980 0.0157 0.0314 0.0784
v -0.034653 -0.267639 0.374084 0.0980 0.1020 0.1176
v -0.034843 -0.146942 0.145538 0.4157 0.2353 0.1412
v -0.035130 0.313049 0.222687 0.0902 0.1176 0.1804
v -0.035240 0.132721 0.243576 0.0667 0.0863 0.1490
v -0.035378 0.040878 0.204529 0.6157 0.3451 0.1686
v -0.035423 0.417206 0.073479 0.3372 0.5451 0.7333
v -0.035427 -0.230896 -0.138107 0.1294 0.0902 0.0549
v -0.035435 0.052425 -0.185638 0.4980 0.2078 0.1294
v -0.035576 0.048611 0.200638 0.6276 0.3098 0.1412
v -0.035656 -0.242554 0.242493 0.0510 0.0549 0.0706
v -0.035713 -0.007442 0.197220 0.3059 0.1098 0.0431
v -0.035728 -0.188110 -0.125168 0.1530 0.0980 0.0549
v -0.035763 -0.260681 -0.350861 0.0314 0.0431 0.0627
v -0.035851 -0.322388 0.425537 0.0941 0.1098 0.1451
v -0.035892 0.425568 0.045929 0.3059 0.4706 0.6393
v -0.036049 0.144943 -0.233597 0.1020 0.1137 0.1647
v -0.036129 0.325470 0.213531 0.0902 0.1137 0.1686
v -0.036129 -0.373566 -0.474579 0.0510 0.0667 0.1098
v -0.036182 0.219131 0.261292 0.0784 0.0941 0.1412
v -0.036243 0.100014 0.228180 0.6471 0.3412 0.1882
v -0.036369 0.427277 0.034180 0.2078 0.3490 0.5098
v -0.036373 -0.108353 0.226898 0.0549 0.0627 0.0824
v -0.036392 -0.036743 -0.148224 0.4863 0.4039 0.3843
v -0.036541 0.278198 -0.224609 0.0941 0.1294 0.1882
v -0.036720 -0.305969 -0.421600 0.0353 0.0588 0.1059
v -0.036823 -0.254517 0.331696 0.0235 0.0275 0.0431
v -0.036827 -0.280640 -0.379547 0.0431 0.0510 0.0980
v -0.036839 -0.219528 -0.270447 0.0667 0.0784 0.1059
v -0.036865 -0.257233 0.150986 0.4235 0.2353 0.1216
v -0.036911 0.115936 0.236801 0.1765 0.0980 0.1294
v -0.036942 0.082970 0.219772 0.7137 0.4039 0.2980
v -0.036957 -0.210037 -0.248810 0.0667 0.0706 0.0902
v -0.036980 -0.246338 0.252258 0.0510 0.0549 0.0627
v -0.037132 -0.404572 0.483856 0.0824 0.0980 0.1412
v -0.037155 0.406311 0.092293 0.0196 0.2392 0.4314
v -0.037170 0.410522 -0.078148 0.0627 0.1098 0.1647
v -0.037281 -0.431000 -0.314026 0.0824 0.0863 0.0941
v -0.037315 0.146530 0.250031 0.0745 0.0863 0.1530
v -0.037354 0.010485 -0.202637 0.6863 0.6118 0.5804
v -0.037472 0.116798 -0.218643 0.2157 0.1373 0.1216
v -0.037613 -0.131912 -0.195541 0.0549 0.0706 0.1059
v -0.037617 0.336273 -0.185944 0.1451 0.2196 0.3490
v -0.037636 0.108612 -0.213333 0.6354 0.4510 0.3725
v -0.037720 -0.012966 -0.192841 0.3882 0.2157 0.1530
v -0.037724 -0.204941 -0.359344 0.0392 0.0627 0.1098
v -0.037819 -0.214111 -0.361145 0.0392 0.0706 0.1216
v -0.037830 -0.252960 0.334167 0.0235 0.0275 0.0471
v -0.037857 -0.226807 0.334625 0.0235 0.0353 0.0549
v -0.037865 -0.142746 -0.133911 0.1843 0.1137 0.0588
v -0.037918 -0.088135 -0.140549 0.3882 0.2627 0.2039
v -0.037991 0.003323 -0.165771 0.2902 0.1255 0.0745
v -0.038063 0.377502 -0.143845 0.1176 0.1647 0.2471
v -0.038177 0.273499 0.241440 0.1098 0.1451 0.2118
v -0.038265 -0.266449 -0.360565 0.0392 0.0510 0.0706
v -0.038395 -0.136963 0.223694 0.0353 0.0471 0.0667
v -0.038509 0.078064 -0.194260 0.6236 0.3216 0.1686
v -0.038513 0.180130 0.256592 0.0706 0.0784 0.1490
v -0.038559 -0.428467 0.500244 0.0824 0.0941 0.1216
v -0.038578 -0.289398 -0.400360 0.0431 0.0588 0.0941
v -0.038624 0.202362 -0.242401 0.0863 0.1020 0.1490
v -0.038731 -0.216003 0.137970 0.3412 0.1922 0.1059
v -0.038761 -0.246384 -0.322327 0.0353 0.0510 0.0549
v -0.038986 0.008532 0.188599 0.2823 0.1176 0.0549
v -0.039085 0.388367 -0.124825 0.1020 0.1530 0.2157
v -0.039150 -0.255920 -0.334991 0.0078 0.0196 0.0431
v -0.039196 0.306702 -0.207458 0.1647 0.2314 0.3412
v -0.039375 -0.233154 0.300232 0.0627 0.0667 0.0824
v -0.039421 0.177124 -0.241592 0.0902 0.1059 0.1530
v -0.039463 -0.269745 0.181946 0.3412 0.2000 0.1098
v -0.039501 -0.233582 0.268402 0.0627 0.0627 0.0784
v -0.039574 -0.220215 -0.127670 0.1294 0.0902 0.0510
v -0.039623 0.032001 -0.196533 0.6902 0.5530 0.5059
v -0.039665 -0.431000 -0.155136 0.0863 0.0863 0.0941
v -0.039810 0.005105 -0.171783 0.2667 0.0980 0.0353
v -0.039936 -0.235657 0.213745 0.0510 0.0588 0.0549
v -0.040150 -0.063019 -0.143204 0.4628 0.3725 0.3529
v -0.040154 0.005132 0.221741 0.7568 0.6236 0.5530
v -0.040279 0.064987 -0.188934 0.6276 0.3725 0.2588
v -0.040314 0.070175 0.208252 0.6667 0.3686 0.2353
v -0.040325 -0.242340 0.352051 0.1059 0.1098 0.1255
v -0.040424 0.409088 -0.079277 0.0627 0.1098 0.1647
v -0.040478 -0.199677 -0.124420 0.1451 0.0902 0.0471
v -0.040600 0.418213 -0.054901 0.0549 0.1059 0.1608
v -0.040791 -0.092300 -0.182190 0.0353 0.0471 0.0824
v -0.040874 -0.000221 -0.203323 0.7059 0.6039 0.5569
v -0.040943 0.007855 0.180908 0.2275 0.1020 0.0667
v -0.041027 0.249481 -0.234833 0.0824 0.1020 0.1530
v -0.041275 -0.202896 -0.347748 0.0039 0.0196 0.0627
v -0.041359 0.344269 -0.175812 0.1333 0.2000 0.3137
v -0.041435 0.346985 0.191269 0.0627 0.1020 0.1412
v -0.041489 0.043427 -0.186539 0.5804 0.3294 0.2549
v -0.041557 0.230148 0.256622 0.0941 0.1059 0.1608
v -0.041565 -0.129181 -0.136520 0.2078 0.1294 0.0706
v -0.041668 0.395782 -0.108765 0.0784 0.1255 0.1882
v -0.041790 -0.243774 0.317993 0.0314 0.0353 0.0510
v -0.041821 0.239166 0.253571 0.0941 0.1137 0.1686
v -0.042080 0.315063 -0.203583 0.1725 0.2392 0.3490
v -0.042095 0.351044 -0.166794 0.1294 0.1882 0.2902
v -0.042259 -0.255310 0.365143 0.1059 0.1098 0.1294
v -0.042347 0.423981 -0.032307 0.0549 0.1059 0.1686
v -0.042385 0.388184 0.133133 0.0314 0.1451 0.2823
v -0.042484 0.377167 0.153625 0.0549 0.0863 0.1530
v -0.042530 -0.285919 0.383087 0.0980 0.1098 0.1255
v -0.042606 -0.281586 0.375183 0.0314 0.0353 0.0510
v -0.042690 -0.426666 -0.488342 0.0510 0.0745 0.0980
v -0.042713 0.335327 -0.188538 0.1569 0.2314 0.3529
v -0.042816 0.427246 0.010695 0.0902 0.2039 0.3372
v -0.042824 0.200119 0.262451 0.0706 0.0941 0.1412
v -0.042847 -0.194199 0.337769 0.0235 0.0392 0.0745
v -0.042984 -0.211441 0.238281 0.0431 0.0510 0.0706
v -0.042999 0.276886 -0.225204 0.0902 0.1255 0.1843
v -0.043022 -0.235214 -0.342560 0.0314 0.0471 0.0588
v -0.043037 0.313385 0.219009 0.0941 0.1216 0.1882
v -0.043049 -0.108772 -0.174652 0.0353 0.0431 0.0627
v -0.043091 0.426544 -0.013645 0.0588 0.1098 0.1765
v -0.043270 -0.048679 -0.144943 0.4745 0.3882 0.3608
v -0.043293 0.043087 0.216324 0.5843 0.3568 0.2314
v -0.043293 -0.275574 0.198090 0.2471 0.1608 0.1059
v -0.043320 0.400574 0.100113 0.0078 0.1882 0.3568
v -0.043339 -0.307465 0.411621 0.0941 0.1098 0.1451
v -0.043343 0.151108 -0.237259 0.1020 0.1098 0.1569
v -0.043350 0.194290 -0.242996 0.0980 0.1137 0.1647
v -0.043438 -0.179581 0.346924 0.0863 0.1020 0.1451
v -0.043617 0.225281 -0.240036 0.0824 0.0980 0.1451
v -0.043659 0.060936 0.207474 0.6863 0.3804 0.2157
v -0.043701 0.087517 -0.204193 0.6550 0.3529 0.2157
v -0.043755 -0.005016 -0.182266 0.2823 0.1098 0.0549
v -0.043800 0.034512 0.220840 0.7294 0.5333 0.4314
v -0.043884 0.139343 -0.233124 0.0863 0.1137 0.1569
v -0.043938 -0.152893 -0.171844 0.0275 0.0392 0.0745
v -0.043957 -0.284027 0.213638 0.0784 0.0627 0.0510
v -0.043961 0.416779 0.069870 0.1686 0.3686 0.5686
v -0.044212 -0.110825 -0.190475 0.0706 0.0824 0.1176
v -0.044231 0.284332 0.236481 0.0902 0.1176 0.1882
v -0.044235 -0.332001 0.436401 0.0902 0.1059 0.1490
v -0.044567 -0.117470 0.148849 0.4392 0.2588 0.1647
v -0.044613 -0.029448 0.157867 0.5647 0.3804 0.3019
v -0.044628 -0.207855 -0.247177 0.0627 0.0706 0.0902
v -0.044731 0.098335 -0.209061 0.6510 0.3725 0.2039
v -0.044788 -0.196945 -0.350189 0.0078 0.0235 0.0667
v -0.044815 0.323059 -0.197510 0.1451 0.2118 0.3216
v -0.044823 0.175613 0.259979 0.0667 0.0784 0.1412
v -0.045090 -0.232544 -0.163895 0.0510 0.0471 0.0510
v -0.045170 0.406769 -0.077377 0.0667 0.1098 0.1647
v -0.045208 0.424103 0.037102 0.2157 0.3568 0.5176
v -0.045265 -0.167221 0.144699 0.3882 0.2118 0.1216
v -0.045357 -0.254059 0.247406 0.0431 0.0471 0.0549
v -0.045422 0.416351 -0.047901 0.0588 0.1059 0.1608
v -0.045532 0.389435 0.133133 0.0157 0.1176 0.2471
v -0.045589 -0.144379 0.236206 0.0824 0.0863 0.0941
v -0.045704 -0.238770 0.143875 0.4000 0.2275 0.1333
v -0.045769 0.256409 -0.233414 0.0784 0.1059 0.1569
v -0.046082 -0.000290 0.170837 0.3333 0.1882 0.1412
v -0.046158 -0.080765 0.150833 0.5176 0.3294 0.2392
v -0.046185 0.105202 0.240952 0.6354 0.4000 0.3098
v -0.046295 0.141525 0.251740 0.0745 0.0863 0.1530
v -0.046360 -0.173264 0.335785 0.0196 0.0392 0.0824
v -0.046459 0.119965 0.239853 0.0941 0.0667 0.1098
v -0.046570 0.068947 -0.191742 0.6354 0.3608 0.2432
v -0.046654 -0.177963 0.241974 0.0549 0.0588 0.0706
v -0.046722 -0.204163 0.140900 0.3568 0.2000 0.1137
v -0.046871 0.254150 0.251007 0.0980 0.1451 0.2000
v -0.046879 0.110291 0.243317 0.8392 0.6667 0.6157
v -0.046951 0.183701 0.260193 0.0745 0.0902 0.1412
v -0.047276 0.301270 -0.207230 0.1176 0.1804 0.2706
v -0.047325 -0.052540 0.153305 0.5647 0.3921 0.3019
v -0.047401 -0.372833 0.462219 0.0784 0.1059 0.1451
v -0.047405 0.367432 0.168549 0.0471 0.0941 0.1569
v -0.047455 -0.374756 -0.471588 0.0471 0.0627 0.1059
v -0.047504 0.070251 0.221451 0.7216 0.4941 0.3490
v -0.047523 0.423645 -0.011346 0.0588 0.1098 0.1765
v -0.047741 0.218140 0.257294 0.0745 0.0863 0.1451
v -0.047745 0.007998 0.176270 0.1882 0.1059 0.0824
v -0.047836 0.079857 0.227539 0.6745 0.4000 0.3019
v -0.047974 -0.216003 -0.344116 0.0235 0.0353 0.0627
v -0.047981 -0.198395 -0.205994 0.0196 0.0353 0.0627
v -0.047985 -0.201828 0.236008 0.0549 0.0549 0.0784
v -0.047997 -0.389038 -0.477051 0.0510 0.0667 0.1098
v -0.048119 -0.235504 0.259430 0.0588 0.0627 0.0706
v -0.048164 -0.001812 -0.199326 0.5451 0.4118 0.3647
v -0.048237 0.340881 0.197556 0.0706 0.1020 0.1530
v -0.048283 -0.238708 -0.311981 0.0392 0.0392 0.0392
v -0.048286 -0.198151 0.349274 0.0941 0.1137 0.1451
v -0.048302 0.322662 0.212006 0.0784 0.1098 0.1647
v -0.048306 -0.423187 0.496521 0.0784 0.0941 0.1294
v -0.048328 0.001123 0.211426 0.4628 0.2627 0.2118
v -0.048378 0.381134 -0.127823 0.0980 0.1490 0.2118
v -0.048542 0.281647 -0.217239 0.0745 0.1216 0.1843
v -0.048641 -0.270782 0.375397 0.0980 0.0941 0.1137
v -0.048775 0.155457 -0.237167 0.0863 0.1098 0.1569
v -0.048897 -0.114052 -0.138611 0.2588 0.1647 0.1059
v -0.048985 -0.134628 -0.171265 0.0275 0.0392 0.0667
v -0.048992 -0.014659 0.161987 0.4823 0.2745 0.2000
v -0.049023 -0.229935 0.292633 0.0471 0.0510 0.0667
v -0.049137 0.053673 -0.189438 0.6354 0.3882 0.2863
v -0.049229 -0.246094 -0.331848 0.0078 0.0235 0.0353
v -0.049297 0.365814 -0.148438 0.0980 0.1490 0.2235
v -0.049332 0.394379 -0.101898 0.0784 0.1255 0.1882
v -0.049362 0.220123 -0.243103 0.1020 0.1137 0.1686
v -0.049450 -0.337341 -0.448425 0.0431 0.0627 0.1059
v -0.049614 0.353058 -0.162537 0.1216 0.1725 0.2588
v -0.049664 0.297028 0.231674 0.0902 0.1255 0.1922
v -0.049740 -0.200897 -0.236359 0.0588 0.0706 0.0902
v -0.049744 0.425049 0.013885 0.0824 0.1961 0.3333
v -0.049782 -0.229004 0.300629 0.0510 0.0549 0.0706
v -0.049831 -0.285309 -0.386566 0.0392 0.0549 0.0980
v -0.049957 -0.242050 0.150177 0.3765 0.2118 0.1137
v -0.050095 0.179962 -0.244415 0.0824 0.1059 0.1530
v -0.050102 -0.195908 -0.354279 0.0196 0.0431 0.0902
v -0.050106 0.259491 -0.224503 0.0863 0.1098 0.1647
v -0.050243 -0.243179 0.250671 0.0549 0.0588 0.0667
v -0.050308 -0.366119 0.458649 0.0784 0.1059 0.1451
v -0.050392 -0.431030 0.443909 0.0784 0.0824 0.1020
v -0.050438 -0.252655 0.335175 0.0275 0.0314 0.0471
v -0.050457 -0.243332 -0.337494 0.0118 0.0275 0.0392
v -0.050472 -0.094391 -0.184372 0.0706 0.0824 0.1176
v -0.050629 0.405273 -0.077888 0.0667 0.1098 0.1647
v -0.050705 -0.105202 0.219528 0.0353 0.0510 0.0863
v -0.050800 0.424042 0.047462 0.3412 0.5098 0.6667
v -0.050808 -0.200226 -0.356903 0.0431 0.0745 0.1216
v -0.051033 0.330505 -0.187515 0.1451 0.2118 0.3137
v -0.051224 0.052082 0.223206 0.6863 0.4745 0.3490
v -0.051605 0.035694 0.225159 0.7451 0.6000 0.4980
v -0.051682 -0.230408 0.267242 0.0510 0.0549 0.0627
v -0.051689 0.236496 0.260223 0.0941 0.1137 0.1765
v -0.052181 -0.262238 0.241989 0.0431 0.0471 0.0549
v -0.052261 0.422089 -0.019403 0.0549 0.1098 0.1725
v -0.052284 -0.261810 0.244034 0.0392 0.0431 0.0510
v -0.052383 0.309387 -0.202682 0.1216 0.1843 0.2745
v -0.052647 -0.006305 0.167084 0.3529 0.1569 0.1137
v -0.052822 0.378113 0.152542 0.0431 0.0902 0.1530
v -0.052860 0.351868 0.187271 0.0588 0.0980 0.1451
v -0.052864 -0.232880 0.310730 0.0471 0.0510 0.0667
v -0.052952 0.220779 0.261627 0.0863 0.0980 0.1569
v -0.053036 0.267853 0.251190 0.0941 0.1294 0.1882
v -0.053123 0.093956 0.234070 0.7020 0.4000 0.2392
v -0.053158 -0.324127 -0.434296 0.0471 0.0627 0.1059
v -0.053181 -0.168716 0.343140 0.0353 0.0667 0.1059
v -0.053211 0.024252 0.195602 0.3372 0.1412 0.0667
v -0.053249 -0.151001 0.146317 0.4000 0.2314 0.1373
v -0.053268 0.036381 -0.203903 0.7020 0.5882 0.5569
v -0.053413 0.127090 -0.226364 0.3804 0.2902 0.2784
v -0.053497 -0.178070 -0.128647 0.1373 0.0902 0.0353
v -0.053547 0.393982 0.120270 0.0431 0.2196 0.4157
v -0.053646 0.234009 -0.234985 0.0863 0.1020 0.1490
v -0.053719 -0.153336 -0.132629 0.1530 0.0980 0.0549
v -0.053867 -0.218994 0.348938 0.0980 0.1098 0.1255
v -0.053970 -0.167389 0.240326 0.0627 0.0706 0.0863
v -0.054039 -0.262421 -0.350342 0.0314 0.0471 0.0588
v -0.054089 0.290039 -0.214249 0.0824 0.1255 0.1961
v -0.054100 0.009660 0.220078 0.7372 0.5764 0.5059
v -0.054150 0.181091 0.253815 0.0784 0.0941 0.1412
v -0.054153 -0.280304 -0.376526 0.0392 0.0549 0.0902
v -0.054203 -0.116707 0.218094 0.0314 0.0510 0.0824
v -0.054253 -0.011195 -0.150406 0.1882 0.1176 0.1216
v -0.054348 -0.167770 -0.200684 0.0196 0.0471 0.0863
v -0.054386 -0.430756 -0.483704 0.0588 0.0667 0.0863
v -0.054726 0.384033 -0.125214 0.0824 0.1294 0.1922
v -0.054825 -0.195709 -0.228180 0.0549 0.0667 0.0863
v -0.054996 0.068100 0.228424 0.7490 0.5451 0.4235
v -0.055084 0.156769 0.251465 0.0745 0.0863 0.1530
v -0.055275 -0.129288 -0.189926 0.0549 0.0706 0.1059
v -0.055313 0.398346 -0.097412 0.0745 0.1176 0.1843
v -0.055355 0.289490 0.237305 0.1137 0.1490 0.2157
v -0.055576 0.427307 0.027954 0.1922 0.3294 0.4863
v -0.055588 -0.214172 -0.144424 0.1255 0.0863 0.0510
v -0.055691 0.413086 -0.059692 0.0588 0.1059 0.1608
v -0.055733 0.138153 0.247070 0.0784 0.0902 0.1490
v -0.055782 -0.144180 -0.195312 0.0471 0.0627 0.0980
v -0.055893 -0.311035 0.419891 0.0941 0.1098 0.1451
v -0.055973 0.318817 0.220245 0.0902 0.1255 0.1843
v -0.056129 0.335083 0.205307 0.0784 0.1020 0.1569
v -0.056164 0.427338 0.009929 0.0471 0.1333 0.2392
v -0.056175 0.340240 -0.176727 0.1255 0.1843 0.2745
v -0.056278 -0.406036 0.484955 0.0824 0.0980 0.1412
v -0.056301 -0.219406 0.144699 0.2902 0.1530 0.0980
v -0.056374 -0.072533 -0.141312 0.4471 0.3176 0.2706
v -0.056385 0.012287 0.207474 0.4196 0.1922 0.1137
v -0.056507 0.283081 -0.217392 0.1098 0.1451 0.2118
v -0.056713 0.010091 -0.160004 0.1451 0.0863 0.0784
v -0.056835 -0.194855 0.240372 0.0471 0.0549 0.0627
v -0.056923 -0.188354 -0.129410 0.1412 0.0941 0.0471
v -0.057037 0.425568 -0.007771 0.0549 0.1059 0.1725
v -0.057049 -0.229675 0.349945 0.0902 0.1059 0.1294
v -0.057117 0.196228 -0.241287 0.0902 0.1020 0.1569
v -0.057156 -0.213882 -0.357178 0.0431 0.0745 0.1255
v -0.057175 0.213287 -0.238144 0.0941 0.1098 0.1569
v -0.057255 -0.213959 0.336182 0.0196 0.0353 0.0549
v -0.057335 -0.102249 0.222946 0.0824 0.0863 0.1020
v -0.057377 -0.275208 0.215759 0.0627 0.0588 0.0510
v -0.057755 -0.208374 -0.243347 0.0627 0.0706 0.0902
v -0.057774 -0.202911 -0.134308 0.1333 0.0902 0.0510
v -0.057789 0.149124 -0.237854 0.0941 0.1059 0.1608
v -0.058002 0.005365 -0.192795 0.4510 0.2863 0.2471
v -0.058014 0.022133 0.184174 0.1020 0.0588 0.0667
v -0.058048 0.355011 0.180313 0.0510 0.0980 0.1451
v -0.058132 -0.125443 0.228302 0.0824 0.0902 0.0863
v -0.058140 0.254486 0.252136 0.1020 0.1255 0.1725
v -0.058243 0.197586 0.261108 0.0784 0.1020 0.1569
v -0.058304 -0.283600 0.384552 0.0980 0.1098 0.1451
v -0.058460 -0.164886 0.224289 0.0353 0.0510 0.0549
v -0.058548 0.302399 -0.205582 0.1490 0.1922 0.2706
v -0.058701 -0.412659 -0.478210 0.0471 0.0588 0.0902
v -0.058720 -0.191788 0.143631 0.3412 0.1804 0.0941
v -0.058887 -0.220413 0.298859 0.0510 0.0549 0.0706
v -0.058895 0.114021 -0.228271 0.7059 0.5412 0.4823
v -0.059013 0.026682 -0.175995 0.2902 0.1294 0.0784
v -0.059105 0.370514 -0.141052 0.0980 0.1451 0.2118
v -0.059219 -0.151367 -0.169022 0.0275 0.0392 0.0667
v -0.059261 0.069000 -0.208252 0.6941 0.5137 0.4392
v -0.059315 -0.113533 0.147797 0.4235 0.2432 0.1530
v -0.059448 -0.138092 0.219055 0.0353 0.0510 0.0627
v -0.059456 -0.257782 -0.338013 0.0157 0.0314 0.0471
v -0.059540 0.408905 0.082794 0.1216 0.3490 0.5490
v -0.059723 0.365936 0.168152 0.0549 0.0902 0.1490
v -0.059780 -0.047379 -0.142487 0.4784 0.3372 0.2823
v -0.059948 0.010914 -0.185471 0.3372 0.1451 0.0941
v -0.059952 0.149948 0.253571 0.0784 0.0902 0.1569
v -0.060196 0.047871 0.227005 0.7568 0.5961 0.5098
v -0.060211 -0.240280 0.160904 0.3176 0.1765 0.0902
v -0.060238 0.259033 -0.227356 0.0784 0.1020 0.1569
v -0.060246 0.233368 -0.235077 0.0824 0.0980 0.1451
v -0.060398 0.417908 -0.043087 0.0588 0.1059 0.1608
v -0.060425 0.107254 0.244492 0.8745 0.7216 0.6902
v -0.060436 0.024874 -0.168503 0.2314 0.1216 0.0863
v -0.060635 0.167664 0.257416 0.0784 0.0902 0.1490
v -0.060696 -0.221619 -0.281006 0.0706 0.0863 0.0980
v -0.060745 0.121185 -0.229095 0.7372 0.6315 0.6118
v -0.060757 0.170761 -0.240967 0.0902 0.1137 0.1608
v -0.060757 -0.162430 0.337219 0.0039 0.0353 0.0784
v -0.060776 0.293091 0.236740 0.1137 0.1490 0.2157
v -0.060860 0.214890 0.258698 0.0784 0.1020 0.1490
v -0.060898 0.120110 0.237991 0.0667 0.0902 0.1490
v -0.060917 -0.113441 -0.137543 0.2549 0.1530 0.1020
v -0.060955 0.052639 -0.207367 0.6980 0.5764 0.5216
v -0.061203 -0.092049 -0.169327 0.0157 0.0275 0.0471
v -0.061226 0.097946 0.245422 0.7372 0.5490 0.4550
v -0.061340 0.016453 -0.205322 0.6824 0.5921 0.5530
v -0.061340 -0.186859 -0.167786 0.0235 0.0353 0.0627
v -0.061642 0.127289 -0.228058 0.3921 0.3098 0.3059
v -0.061649 0.424103 0.039413 0.0863 0.2471 0.4118
v -0.061798 -0.220032 0.306122 0.0510 0.0549 0.0706
v -0.061943 -0.271240 -0.362244 0.0392 0.0588 0.0824
v -0.062122 0.384857 -0.122032 0.0941 0.1412 0.2039
v -0.062199 0.418396 0.062775 0.3333 0.5294 0.6980
v -0.062229 0.258667 0.251495 0.1020 0.1333 0.1843
v -0.062271 0.355408 -0.159927 0.0980 0.1412 0.2118
v -0.062309 -0.431000 0.498199 0.0745 0.0863 0.1137
v -0.062378 -0.228714 -0.353821 0.0353 0.0588 0.1137
v -0.062386 -0.056580 0.150513 0.5451 0.3608 0.2588
v -0.062508 0.030243 0.228760 0.7843 0.6393 0.5725
v -0.062508 -0.303619 -0.407074 0.0431 0.0588 0.0941
v -0.062614 -0.149139 0.232407 0.0745 0.0784 0.0941
v -0.062759 0.339722 0.194275 0.0706 0.1020 0.1530
v -0.062820 0.027462 -0.207733 0.6980 0.6079 0.5764
v -0.062889 -0.025145 0.157410 0.4157 0.1882 0.1373
v -0.063065 -0.251678 -0.342194 0.0157 0.0353 0.0627
v -0.063095 -0.226746 0.258820 0.0471 0.0510 0.0588
v -0.063141 0.088089 0.239014 0.7176 0.4745 0.3490
v -0.063202 0.217392 -0.237213 0.0824 0.0980 0.1451
v -0.063210 -0.217270 0.242767 0.0471 0.0510 0.0667
v -0.063271 0.398926 -0.094131 0.0745 0.1216 0.1843
v -0.063492 -0.221710 0.279877 0.0431 0.0471 0.0627
v -0.063507 -0.029297 -0.144226 0.3529 0.2157 0.1843
v -0.063583 0.240143 0.256531 0.0863 0.1137 0.1686
v -0.063675 -0.232651 -0.336151 0.0235 0.0392 0.0510
v -0.063850 0.316681 0.213501 0.0784 0.1137 0.1686
v -0.063850 -0.430969 0.335999 0.0824 0.0863 0.0941
v -0.064148 0.113228 0.235992 0.2000 0.1137 0.1294
v -0.064377 -0.197632 -0.235168 0.0627 0.0745 0.0941
v -0.064461 0.261017 -0.223312 0.0784 0.1059 0.1608
v -0.064812 0.159729 0.254639 0.0784 0.0902 0.1530
v -0.064888 -0.192322 0.241684 0.0510 0.0510 0.0706
v -0.065277 0.232101 -0.234207 0.0784 0.0980 0.1490
v -0.065277 0.298035 0.226761 0.0902 0.1255 0.1922
v -0.065376 0.177551 0.255554 0.0784 0.0902 0.1490
v -0.065445 -0.193085 -0.202530 0.0235 0.0392 0.0667
v -0.065506 0.175964 -0.237030 0.0784 0.1020 0.1569
v -0.065529 -0.190842 0.335632 0.0235 0.0392 0.0745
v -0.065910 -0.245300 -0.347382 0.0235 0.0471 0.0902
v -0.066002 -0.144714 0.144653 0.3765 0.2196 0.1216
v -0.066071 -0.192368 -0.132843 0.1255 0.0745 0.0392
v -0.066116 0.272644 0.240524 0.0824 0.1137 0.1725
v -0.066147 -0.431000 -0.476379 0.0471 0.0588 0.0824
v -0.066353 -0.103081 0.211273 0.0196 0.0431 0.0824
v -0.066467 -0.165863 0.222824 0.0392 0.0471 0.0588
v -0.066490 -0.243576 0.241562 0.0471 0.0510 0.0667
v -0.066544 -0.190842 -0.207932 0.0196 0.0314 0.0510
v -0.066605 0.423889 0.013123 0.0706 0.1373 0.2275
v -0.066658 -0.290405 -0.387878 0.0392 0.0549 0.0902
v -0.066666 -0.206543 -0.147018 0.1098 0.0706 0.0353
v -0.066704 0.216644 0.257874 0.0784 0.0980 0.1490
v -0.066795 -0.192581 0.216431 0.0471 0.0510 0.0667
v -0.066803 -0.132935 -0.187088 0.0510 0.0667 0.1020
v -0.066910 0.307922 -0.196671 0.0980 0.1412 0.2235
v -0.066925 0.017998 0.184418 0.0745 0.0627 0.0784
v -0.067039 0.101280 -0.220657 0.6824 0.4000 0.3216
v -0.067047 0.137939 0.249542 0.0784 0.1020 0.1569
v -0.067055 -0.217636 0.299988 0.0510 0.0549 0.0706
v -0.067108 0.148880 -0.234055 0.0745 0.1176 0.1608
v -0.067131 0.015804 -0.189529 0.3961 0.1961 0.1451
v -0.067192 0.078888 -0.216492 0.7176 0.5608 0.4980
v -0.067238 0.362427 -0.150620 0.0941 0.1373 0.2039
v -0.067253 -0.242462 -0.330292 0.0196 0.0235 0.0353
v -0.067299 -0.107307 -0.182587 0.0667 0.0824 0.1176
v -0.067406 -0.203354 0.242111 0.0471 0.0431 0.0667
v -0.067421 -0.169769 0.343384 0.0902 0.1176 0.1608
v -0.067528 0.025076 0.211319 0.4510 0.2118 0.1412
v -0.067596 0.383179 -0.128860 0.1059 0.1451 0.2078
v -0.067604 0.041695 0.193802 0.2235 0.1020 0.0706
v -0.067673 -0.255585 -0.334869 0.0078 0.0275 0.0471
v -0.067772 0.338837 0.196960 0.0824 0.1059 0.1608
v -0.067818 -0.220200 0.335663 0.0196 0.0314 0.0510
v -0.067825 0.022373 -0.184769 0.3647 0.1530 0.0941
v -0.067825 0.422150 -0.006389 0.0588 0.1098 0.1765
v -0.067947 -0.230499 0.252747 0.0471 0.0510 0.0588
v -0.067955 0.044357 0.201187 0.4078 0.1804 0.0941
v -0.068222 0.242233 0.249130 0.0863 0.1059 0.1530
v -0.068222 0.424561 0.039494 0.2078 0.3686 0.5294
v -0.068237 -0.201233 0.145828 0.3098 0.1686 0.0941
v -0.068291 -0.100136 -0.165512 0.0353 0.0392 0.0588
v -0.068336 0.096008 0.245346 0.8509 0.6980 0.6393
v -0.068489 0.156509 0.254028 0.0784 0.0902 0.1530
v -0.068504 -0.182098 0.345398 0.1020 0.1176 0.1608
v -0.068520 0.420074 -0.023411 0.0588 0.1059 0.1686
v -0.068581 -0.191742 -0.351135 0.0510 0.0824 0.1333
v -0.068611 -0.034393 0.153091 0.4353 0.1922 0.1490
v -0.068665 -0.235275 0.356506 0.1137 0.1176 0.1333
v -0.068703 -0.218018 -0.273499 0.0510 0.0627 0.0824
v -0.068779 0.102859 0.243607 0.8509 0.7059 0.6510
v -0.068802 -0.301453 0.408783 0.1020 0.1137 0.1373
v -0.068810 -0.382568 0.467712 0.0784 0.1059 0.1451
v -0.068893 -0.223129 0.267273 0.0314 0.0353 0.0431
v -0.069122 -0.126419 0.144592 0.3921 0.2196 0.1294
v -0.069130 -0.335693 -0.435638 0.0471 0.0588 0.1020
v -0.069145 0.336700 -0.177322 0.1059 0.1490 0.2275
v -0.069191 -0.019577 -0.146881 0.0980 0.0627 0.0667
v -0.069214 0.112206 0.235153 0.0667 0.0745 0.1216
v -0.069237 0.071693 0.235260 0.7529 0.5764 0.4863
v -0.069252 -0.245560 0.365143 0.0980 0.1137 0.1333
v -0.069328 0.416779 0.057911 0.2549 0.4432 0.6039
v -0.069534 0.320374 0.213425 0.0902 0.1216 0.1725
v -0.069603 -0.162933 0.330383 0.0118 0.0353 0.0824
v -0.069733 -0.335236 0.440765 0.0863 0.1137 0.1530
v -0.069740 -0.079285 -0.137894 0.3765 0.2392 0.1725
v -0.069771 -0.229126 0.215073 0.1412 0.1059 0.0824
v -0.069778 -0.189621 0.241440 0.0471 0.0510 0.0667
v -0.070007 -0.354309 -0.449860 0.0431 0.0706 0.1098
v -0.070045 -0.111992 0.219650 0.0902 0.0941 0.1020
v -0.070076 -0.203186 0.214828 0.0471 0.0510 0.0667
v -0.070084 0.259155 -0.225769 0.0824 0.1137 0.1608
v -0.070084 -0.165405 -0.168198 0.0235 0.0353 0.0627
v -0.070129 -0.184067 -0.130417 0.1373 0.0863 0.0471
v -0.070160 0.349365 0.186096 0.0706 0.1020 0.1530
v -0.070198 -0.189560 -0.339111 0.0078 0.0196 0.0745
v -0.070251 -0.234390 -0.310425 0.0510 0.0549 0.0706
v -0.070267 0.125916 -0.226013 0.3216 0.2706 0.2667
v -0.070282 0.286835 -0.211182 0.0980 0.1294 0.1961
v -0.070343 0.168503 0.256073 0.0824 0.0941 0.1530
v -0.070366 0.415894 -0.040874 0.0549 0.1020 0.1569
v -0.070480 0.293610 0.230042 0.0980 0.1333 0.1961
v -0.070580 -0.221069 0.153214 0.2157 0.1020 0.0471
v -0.070663 -0.172379 0.144043 0.3216 0.1843 0.1020
v -0.070694 0.385101 0.142227 0.0510 0.1059 0.1843
v -0.070709 0.080750 0.239655 0.7216 0.5647 0.4706
v -0.070732 0.008232 -0.163879 0.0588 0.0471 0.0667
v -0.070801 -0.254730 0.370544 0.1020 0.1176 0.1333
v -0.070862 0.377380 -0.137924 0.1020 0.1412 0.2039
v -0.070869 -0.153610 -0.130051 0.1451 0.0902 0.0471
v -0.070877 -0.083763 -0.169357 0.0314 0.0431 0.0627
v -0.070923 0.221497 0.254395 0.0784 0.0902 0.1490
v -0.071175 -0.236053 0.170166 0.2823 0.1608 0.0863
v -0.071205 -0.140289 -0.190735 0.0471 0.0627 0.0980
v -0.071243 0.161942 -0.238205 0.0863 0.1098 0.1647
v -0.071243 -0.225296 0.313843 0.0392 0.0431 0.0588
v -0.071350 0.367889 0.168182 0.0627 0.1020 0.1530
v -0.071404 0.191223 0.258240 0.0706 0.0941 0.1412
v -0.071404 -0.131668 0.213303 0.0314 0.0471 0.0588
v -0.071449 0.402405 -0.081429 0.0706 0.1176 0.1804
v -0.071526 0.234970 -0.234314 0.0824 0.1020 0.1608
v -0.071602 -0.428131 -0.474976 0.0431 0.0549 0.0824
v -0.071663 -0.244247 0.336761 0.0275 0.0314 0.0471
v -0.071678 0.126968 0.242828 0.0745 0.0980 0.1530
v -0.071686 0.269165 0.242615 0.0941 0.1255 0.1882
v -0.071861 0.394135 0.119957 0.0392 0.1647 0.3294
v -0.071877 -0.261414 0.217102 0.0706 0.0471 0.0471
v -0.071922 0.395111 -0.106651 0.0784 0.1255 0.1882
v -0.072014 0.149033 0.250732 0.0706 0.0980 0.1608
v -0.072258 0.191376 -0.241440 0.0784 0.1020 0.1490
v -0.072327 0.223038 -0.237137 0.0784 0.0941 0.1412
v -0.072350 -0.202759 -0.338684 0.0157 0.0314 0.0745
v -0.072464 -0.275238 0.370331 0.0392 0.0431 0.0627
v -0.072823 0.421814 0.034767 0.2510 0.4000 0.5530
v -0.072845 -0.315063 0.425446 0.0980 0.1098 0.1373
v -0.072975 -0.197983 -0.141220 0.1294 0.0784 0.0431
v -0.073036 -0.058514 0.147781 0.5294 0.3294 0.2392
v -0.073044 0.052681 -0.212936 0.6902 0.5961 0.5530
v -0.073044 -0.219604 0.306824 0.0431 0.0471 0.0627
v -0.073326 0.143768 -0.233536 0.0863 0.1176 0.1725
v -0.073395 -0.428345 0.498962 0.0745 0.0902 0.1216
v -0.073540 -0.212418 -0.165176 0.0471 0.0471 0.0392
v -0.073792 -0.403809 0.481720 0.0824 0.0980 0.1412
v -0.073883 -0.242493 0.244293 0.0353 0.0392 0.0471
v -0.074036 -0.016766 0.166611 0.0863 0.0627 0.0549
v -0.074066 0.262238 -0.219574 0.0784 0.1137 0.1686
v -0.074120 0.041313 -0.180222 0.3686 0.1608 0.1020
v -0.074165 0.405670 0.083046 0.0784 0.2902 0.4784
v -0.074257 -0.167816 -0.128555 0.1333 0.0824 0.0471
v -0.074409 0.297058 0.223175 0.1020 0.1373 0.1961
v -0.074516 0.113754 -0.231598 0.7686 0.6745 0.6118
v -0.074585 -0.129517 -0.165192 0.0275 0.0392 0.0588
v -0.074646 -0.183960 -0.342865 0.0078 0.0314 0.0863
v -0.074829 0.220779 0.251740 0.0745 0.0902 0.1451
v -0.074951 0.354919 0.183228 0.0667 0.1059 0.1530
v -0.074989 0.321228 0.211060 0.0863 0.1176 0.1686
v -0.075089 0.318420 -0.194565 0.0902 0.1216 0.2039
v -0.075096 0.350739 -0.165390 0.0824 0.1255 0.1922
v -0.075401 0.024088 -0.202728 0.5961 0.4550 0.4196
v -0.075676 0.252808 0.247375 0.0941 0.1176 0.1725
v -0.075729 0.050095 0.197495 0.1216 0.0706 0.0706
v -0.076286 0.280975 0.231934 0.1059 0.1412 0.2000
v -0.076363 0.119720 0.240234 0.0941 0.1098 0.1569
v -0.076584 0.101685 0.231964 0.3372 0.2627 0.2627
v -0.076836 -0.187317 -0.214645 0.0431 0.0549 0.0745
v -0.076897 0.180435 0.253540 0.0667 0.0902 0.1451
v -0.076981 0.097923 0.238770 0.7804 0.6236 0.5882
v -0.077019 0.408997 -0.074570 0.0588 0.1059 0.1608
v -0.077209 0.019033 0.186859 0.0745 0.0549 0.0706
v -0.077225 0.289154 -0.211884 0.0824 0.1176 0.1765
v -0.077293 -0.095871 0.211777 0.0784 0.0824 0.0980
v -0.077461 0.144821 0.249176 0.0824 0.1059 0.1608
v -0.077492 -0.189682 -0.199600 0.0235 0.0353 0.0549
v -0.077713 -0.085335 -0.171814 0.0627 0.0745 0.1020
v -0.078133 -0.222656 0.160370 0.2471 0.1373 0.0824
v -0.078133 -0.245621 0.195236 0.1922 0.1294 0.0784
v -0.078140 0.177200 -0.237442 0.1020 0.1137 0.1725
v -0.078308 -0.181885 0.238495 0.0431 0.0549 0.0745
v -0.078331 0.418213 -0.040428 0.0549 0.1020 0.1569
v -0.078354 0.231796 -0.228714 0.0745 0.0980 0.1569
v -0.078377 0.338409 0.193573 0.0784 0.1020 0.1569
v -0.078384 0.383759 -0.126556 0.0902 0.1255 0.1843
v -0.078392 0.148285 -0.233276 0.0745 0.1137 0.1569
v -0.078461 0.034672 0.219864 0.5921 0.3843 0.3294
v -0.078636 -0.258331 -0.332092 0.0078 0.0275 0.0510
v -0.078949 -0.035183 -0.138962 0.1765 0.1020 0.0745
v -0.078964 0.048939 0.232635 0.7686 0.6315 0.5843
v -0.078979 0.200439 -0.236298 0.0667 0.0902 0.1451
v -0.079231 0.029003 -0.193390 0.4432 0.2588 0.2000
v -0.079300 0.066109 0.208725 0.4275 0.2275 0.1490
v -0.079391 -0.103363 -0.161148 0.0392 0.0431 0.0588
v -0.079407 -0.287445 0.388702 0.0941 0.1176 0.1490
v -0.079514 0.003935 -0.168015 0.0549 0.0471 0.0667
v -0.079666 0.073112 0.239136 0.7960 0.6667 0.6354
v -0.079796 0.421936 -0.017439 0.0627 0.1059 0.1686
v -0.079819 0.391144 -0.114845 0.0784 0.1137 0.1725
v -0.079842 0.038742 0.227142 0.7216 0.5530 0.5019
v -0.079903 0.238281 0.254059 0.0902 0.1137 0.1608
v -0.080078 0.292908 0.230743 0.1216 0.1569 0.2157
v -0.080124 0.085335 0.240723 0.8313 0.7059 0.6785
v -0.080276 -0.199417 -0.349884 0.0510 0.0902 0.1373
v -0.080368 -0.047119 -0.135788 0.3176 0.1647 0.1255
v -0.080376 -0.222443 0.279724 0.0353 0.0392 0.0549
v -0.080391 -0.257507 0.215347 0.0627 0.0510 0.0510
v -0.080429 0.269592 0.240723 0.1216 0.1490 0.2118
v -0.080467 -0.268219 -0.349274 0.0314 0.0431 0.0706
v -0.080582 0.043621 -0.184921 0.3608 0.1490 0.0824
v -0.080589 0.219193 0.256653 0.0784 0.1020 0.1569
v -0.080688 -0.219513 0.244293 0.0431 0.0471 0.0588
v -0.080757 0.186905 0.254272 0.0745 0.0980 0.1530
v -0.080780 0.312042 -0.191360 0.0902 0.1255 0.1922
v -0.080887 0.118965 -0.221695 0.1490 0.0941 0.0941
v -0.081032 -0.386505 -0.459320 0.0510 0.0667 0.1098
v -0.081039 -0.245682 -0.344757 0.0314 0.0471 0.0902
v -0.081116 0.040138 -0.211777 0.7176 0.6236 0.5921
v -0.081223 -0.212296 0.347229 0.1020 0.1137 0.1333
v -0.081268 -0.270599 0.366577 0.0510 0.0510 0.0627
v -0.081345 0.167007 0.251556 0.0745 0.0980 0.1530
v -0.081497 -0.373871 -0.454010 0.0510 0.0667 0.1098
v -0.081551 0.256897 -0.223358 0.0706 0.1020 0.1530
v -0.081551 0.374481 -0.132462 0.0824 0.1176 0.1725
v -0.081772 -0.220627 0.310944 0.0353 0.0392 0.0549
v -0.081787 0.337311 -0.170074 0.0824 0.1216 0.1882
v -0.081795 -0.322083 -0.413330 0.0431 0.0588 0.0941
v -0.081848 -0.185898 0.144775 0.2980 0.1608 0.0941
v -0.081863 -0.303345 0.410248 0.0863 0.1176 0.1530
v -0.082367 -0.122940 0.140274 0.3804 0.2235 0.1255
v -0.082687 -0.201645 0.242264 0.0431 0.0510 0.0667
v -0.082848 -0.152924 0.332367 0.0157 0.0314 0.0784
v -0.082901 0.098579 -0.231339 0.7921 0.6745 0.6197
v -0.083000 0.061405 -0.217163 0.7255 0.6118 0.5804
v -0.083092 -0.236649 -0.331635 0.0235 0.0314 0.0471
v -0.083206 -0.223175 0.255402 0.0314 0.0353 0.0431
v -0.083298 0.043861 0.217972 0.5137 0.2980 0.2392
v -0.083305 -0.208099 -0.165649 0.0471 0.0471 0.0431
v -0.083328 0.286438 -0.205368 0.0941 0.1373 0.1961
v -0.083344 0.075294 -0.220871 0.7294 0.6039 0.5412
v -0.083565 -0.005064 -0.157562 0.0510 0.0510 0.0549
v -0.083565 -0.017717 0.173004 0.0784 0.0627 0.0784
v -0.083572 -0.202072 0.149719 0.2588 0.1490 0.0824
v -0.083672 0.008083 0.184708 0.0627 0.0627 0.0706
v -0.083694 -0.206879 0.333954 0.0235 0.0353 0.0549
v -0.083817 -0.215607 -0.262146 0.0588 0.0706 0.0902
v -0.083862 0.144180 0.245987 0.0784 0.1020 0.1569
v -0.083885 -0.260773 0.370056 0.1059 0.1137 0.1333
v -0.083908 -0.125107 0.204620 0.0392 0.0431 0.0588
v -0.083916 -0.221893 -0.334869 0.0275 0.0392 0.0667
v -0.083931 0.086662 0.221054 0.3098 0.1608 0.1216
v -0.083946 -0.159256 0.213943 0.0392 0.0431 0.0510
v -0.084091 0.309540 0.217621 0.0902 0.1255 0.1843
v -0.084137 0.234955 -0.231583 0.0745 0.0980 0.1530
v -0.084335 0.197601 0.251953 0.0706 0.0941 0.1490
v -0.084366 -0.431000 -0.208145 0.0863 0.0863 0.0941
v -0.084534 0.182953 -0.238281 0.0863 0.0980 0.1490
v -0.084663 -0.028608 -0.139938 0.0706 0.0588 0.0549
v -0.084740 -0.201111 -0.242767 0.0549 0.0667 0.0863
v -0.084816 -0.152802 0.139969 0.3490 0.1961 0.1098
v -0.084846 0.151169 -0.235107 0.0863 0.1098 0.1608
v -0.084885 -0.106415 -0.129440 0.2432 0.1530 0.0824
v -0.084991 -0.195801 0.213272 0.0431 0.0471 0.0627
v -0.085144 0.226120 0.252106 0.0745 0.0980 0.1451
v -0.085197 0.094276 0.224030 0.0667 0.0706 0.0902
v -0.085258 0.130264 -0.226547 0.0902 0.1020 0.1490
v -0.085342 -0.149155 0.222427 0.0627 0.0667 0.0863
v -0.085365 0.026339 0.190857 0.0667 0.0627 0.0706
v -0.085388 -0.127304 -0.162811 0.0353 0.0392 0.0549
v -0.085388 -0.211380 -0.254425 0.0549 0.0667 0.0902
v -0.085411 -0.225143 -0.291351 0.0667 0.0706 0.0863
v -0.085426 0.209641 -0.236694 0.0784 0.1020 0.1569
v -0.085464 -0.092773 0.198181 0.0392 0.0510 0.0784
v -0.085571 0.257141 -0.222977 0.0824 0.1059 0.1608
v -0.085571 -0.224289 0.213318 0.0588 0.0431 0.0392
v -0.085587 0.023163 -0.170639 0.0588 0.0549 0.0745
v -0.085594 0.354095 0.179596 0.0627 0.1020 0.1490
v -0.085602 -0.159042 0.326233 0.0157 0.0314 0.0784
v -0.085609 -0.229294 0.244110 0.0353 0.0392 0.0471
v -0.085617 0.116890 0.235260 0.0863 0.0980 0.1490
v -0.085625 0.421631 0.000620 0.0588 0.1255 0.1961
v -0.085632 -0.079742 -0.161362 0.0275 0.0392 0.0588
v -0.085762 -0.159241 -0.125885 0.1216 0.0824 0.0431
v -0.085968 0.248459 0.245087 0.0824 0.1059 0.1569
v -0.086082 -0.335083 0.440033 0.0863 0.1137 0.1490
v -0.086090 -0.030144 0.153305 0.0980 0.0627 0.0824
v -0.086128 0.292023 0.227188 0.0863 0.1216 0.1804
v -0.086143 -0.431000 0.494354 0.0824 0.0902 0.1176
v -0.086151 0.071472 0.208649 0.1373 0.0549 0.0431
v -0.086174 -0.412262 -0.464081 0.0549 0.0706 0.1059
v -0.086220 -0.147858 -0.189224 0.0392 0.0549 0.0980
v -0.086258 0.037086 -0.205902 0.6315 0.5098 0.4784
v -0.086380 0.400421 -0.087364 0.0627 0.1098 0.1647
v -0.086456 -0.224365 0.270691 0.0471 0.0510 0.0667
v -0.086670 0.056919 -0.186798 0.3372 0.1686 0.1216
v -0.086670 -0.229294 0.246628 0.0353 0.0392 0.0471
v -0.086723 0.399506 0.099098 0.0078 0.1216 0.2510
v -0.086815 0.269897 0.238083 0.0824 0.1098 0.1725
v -0.086830 -0.219284 0.294525 0.0353 0.0392 0.0549
v -0.086891 0.059986 0.232864 0.7764 0.6471 0.6039
v -0.086922 0.355743 -0.155823 0.0941 0.1333 0.1804
v -0.087135 0.166565 0.250793 0.0706 0.1020 0.1490
v -0.087151 0.327515 0.203278 0.0824 0.1059 0.1608
v -0.087219 -0.168457 -0.193924 0.0275 0.0471 0.0745
v -0.087242 -0.227554 0.176102 0.2353 0.1333 0.0745
v -0.087303 0.384827 -0.113297 0.0745 0.1098 0.1686
v -0.087318 0.062061 0.219849 0.5451 0.3098 0.2353
v -0.087364 -0.252655 0.216141 0.0353 0.0510 0.0510
v -0.087372 0.341125 0.196625 0.0824 0.1059 0.1608
v -0.087418 -0.368988 0.456024 0.0824 0.1098 0.1490
v -0.087585 -0.431030 -0.433777 0.0824 0.0824 0.0784
v -0.087593 0.052982 0.222641 0.6039 0.4078 0.3529
v -0.087601 0.410858 -0.060680 0.0549 0.1020 0.1569
v -0.087769 -0.015167 0.166840 0.0706 0.0588 0.0627
v -0.087822 -0.238220 -0.326691 0.0275 0.0314 0.0510
v -0.087952 -0.351837 -0.435974 0.0471 0.0627 0.1098
v -0.088104 0.087189 -0.227402 0.7451 0.6628 0.5843
v -0.088142 0.278198 -0.212006 0.1216 0.1530 0.2275
v -0.088150 0.412506 0.058891 0.1686 0.3529 0.5294
v -0.088203 -0.213959 -0.347900 0.0431 0.0745 0.1176
v -0.088211 0.310211 -0.194229 0.0980 0.1451 0.2000
v -0.088226 0.077690 0.229095 0.6824 0.4745 0.4157
v -0.088242 -0.181549 0.329895 0.0275 0.0431 0.0784
v -0.088341 -0.418701 0.487610 0.0784 0.0941 0.1373
v -0.088570 0.013364 0.181427 0.0667 0.0588 0.0706
v -0.088585 -0.180237 -0.332031 0.0039 0.0196 0.0667
v -0.088593 -0.083054 -0.128983 0.3216 0.1765 0.1255
v -0.088631 0.063675 -0.190811 0.3843 0.1922 0.1333
v -0.088890 0.215286 0.254333 0.0745 0.0941 0.1530
v -0.089165 -0.431061 -0.033146 0.0863 0.0902 0.0980
v -0.089279 0.104195 -0.209824 0.2235 0.1176 0.1059
v -0.089325 0.242432 -0.223663 0.0745 0.0980 0.1686
v -0.089333 0.065636 0.227753 0.6863 0.5019 0.4471
v -0.089333 -0.297485 -0.383850 0.0392 0.0549 0.0902
v -0.089340 0.252350 0.243240 0.0863 0.1098 0.1608
v -0.089340 -0.155426 0.335114 0.0824 0.0980 0.1412
v -0.089622 -0.158646 0.226303 0.0549 0.0667 0.0863
v -0.090019 -0.431000 0.220840 0.0863 0.0863 0.0941
v -0.090286 -0.129059 -0.176880 0.0510 0.0667 0.1020
v -0.090317 0.213608 -0.230392 0.0824 0.1059 0.1686
v -0.090340 -0.021835 -0.145828 0.0510 0.0667 0.0706
v -0.090355 0.373291 0.157990 0.0549 0.0941 0.1333
v -0.090416 0.049789 0.198486 0.0745 0.0784 0.0980
v -0.090485 0.178223 0.251984 0.0706 0.0941 0.1490
v -0.090515 0.415955 -0.034615 0.0510 0.0980 0.1530
v -0.090515 -0.179550 -0.167999 0.0235 0.0353 0.0549
v -0.090546 0.141266 0.245819 0.0824 0.1059 0.1530
v -0.090546 0.400513 -0.079445 0.0667 0.1137 0.1686
v -0.090660 -0.191711 0.342804 0.1020 0.1176 0.1530
v -0.090706 0.273438 0.231949 0.0980 0.1333 0.1961
v -0.090858 0.102913 -0.225311 0.7451 0.5725 0.5333
v -0.091339 0.062416 -0.218674 0.7333 0.6276 0.6039
v -0.091431 0.046551 -0.199265 0.5451 0.3647 0.3019
v -0.091446 0.110298 0.235611 0.0863 0.1098 0.1412
v -0.091461 -0.124214 0.210510 0.0824 0.0863 0.0941
v -0.091522 -0.188156 -0.225494 0.0549 0.0667 0.0863
v -0.091591 -0.066521 0.140808 0.4589 0.2784 0.2000
v -0.091667 -0.188080 0.211060 0.0431 0.0471 0.0627
v -0.091949 0.341614 -0.169891 0.0863 0.1333 0.1961
v -0.091949 -0.316742 0.424011 0.0902 0.1137 0.1569
v -0.092049 0.084900 0.221268 0.0863 0.0863 0.1216
v -0.092117 0.403046 0.087646 0.0039 0.1608 0.3098
v -0.092140 0.080635 -0.197418 0.3804 0.2039 0.1686
v -0.092224 -0.428711 -0.462402 0.0549 0.0667 0.0863
v -0.092239 -0.039967 0.144913 0.1765 0.0745 0.0784
v -0.092384 -0.239273 0.364044 0.1059 0.1176 0.1373
v -0.092552 0.188934 -0.234482 0.0902 0.1059 0.1530
v -0.092613 0.323303 0.203293 0.0824 0.1098 0.1647
v -0.092720 0.230423 0.250946 0.0824 0.1059 0.1530
v -0.092926 -0.234833 0.338654 0.0157 0.0314 0.0431
v -0.093048 -0.396118 -0.455292 0.0510 0.0667 0.1098
v -0.093132 0.266327 -0.214371 0.0784 0.1020 0.1608
v -0.093315 -0.174316 -0.129059 0.1176 0.0784 0.0392
v -0.093338 0.161316 0.246872 0.0745 0.0980 0.1490
v -0.093452 -0.082253 -0.154709 0.0314 0.0431 0.0588
v -0.093552 0.295929 -0.206909 0.0863 0.1176 0.1765
v -0.093590 0.232666 0.246994 0.0863 0.1137 0.1647
v -0.093666 -0.428558 0.494293 0.0824 0.0941 0.1216
v -0.093674 0.166855 -0.232513 0.0863 0.1020 0.1490
v -0.093925 0.326935 -0.182297 0.0863 0.1216 0.1843
v -0.093925 -0.283569 -0.365845 0.0353 0.0510 0.0863
v -0.094093 0.381561 -0.119896 0.0863 0.1216 0.1882
v -0.094124 0.051125 -0.210861 0.6785 0.5725 0.5490
v -0.094254 -0.272888 0.362335 0.0510 0.0549 0.0627
v -0.094299 0.370270 -0.137070 0.0863 0.1216 0.1882
v -0.094353 -0.190506 -0.143204 0.1059 0.0706 0.0353
v -0.094383 -0.090942 0.200043 0.0863 0.0902 0.1059
v -0.094666 0.001485 -0.161346 0.0510 0.0471 0.0627
v -0.094772 -0.180206 -0.340179 0.0706 0.1020 0.1530
v -0.094780 -0.183670 -0.134644 0.1137 0.0745 0.0392
v -0.094795 -0.139389 -0.121552 0.1373 0.0902 0.0471
v -0.094810 0.109505 -0.211853 0.0941 0.1020 0.1373
v -0.094841 0.125732 0.237701 0.0902 0.1059 0.1530
v -0.094940 0.043491 0.192215 0.0784 0.0745 0.0941
v -0.094971 -0.253113 -0.334961 0.0078 0.0235 0.0549
v -0.094978 0.240784 0.241119 0.0863 0.1020 0.1490
v -0.095024 -0.217316 0.290222 0.0392 0.0431 0.0588
v -0.095154 -0.013736 0.166443 0.0627 0.0588 0.0667
v -0.095207 -0.218292 0.303406 0.0431 0.0471 0.0627
v -0.095222 -0.347900 -0.426361 0.0510 0.0627 0.1020
v -0.095261 0.226654 -0.228699 0.0784 0.1059 0.1530
v -0.095276 -0.257507 -0.325623 0.0196 0.0235 0.0431
v -0.095497 0.298126 0.219437 0.0980 0.1333 0.1922
v -0.095612 0.354034 -0.153854 0.0824 0.1176 0.1765
v -0.095657 -0.049793 -0.127869 0.1451 0.0667 0.0745
v -0.095764 -0.238586 0.202271 0.1373 0.0980 0.0745
v -0.095772 0.205338 -0.230240 0.0784 0.1020 0.1569
v -0.095818 -0.024584 0.157867 0.0667 0.0588 0.0667
v -0.095863 -0.237915 -0.343414 0.0431 0.0588 0.1059
v -0.095871 0.415802 0.026871 0.0510 0.1725 0.3098
v -0.095963 0.137039 -0.222885 0.0941 0.1059 0.1490
v -0.095985 0.411316 -0.044384 0.0510 0.0980 0.1530
v -0.095993 -0.105057 0.191315 0.0392 0.0431 0.0824
v -0.096008 0.389740 0.129807 0.0235 0.0745 0.1490
v -0.096031 0.200562 0.253510 0.0667 0.0863 0.1294
v -0.096054 -0.112907 -0.155350 0.0353 0.0392 0.0549
v -0.096115 0.398560 -0.083649 0.0667 0.1020 0.1608
v -0.096138 0.085045 -0.223831 0.7568 0.6550 0.6079
v -0.096161 -0.198792 0.152359 0.2471 0.1373 0.0824
v -0.096237 0.028713 0.185196 0.0745 0.0667 0.0784
v -0.096542 0.040283 -0.175903 0.0667 0.0627 0.0863
v -0.096664 -0.175201 -0.335205 0.0157 0.0431 0.0941
v -0.096680 -0.133438 -0.175507 0.0471 0.0627 0.0980
v -0.096756 -0.245651 0.213440 0.0314 0.0549 0.0510
v -0.096931 -0.209366 -0.332153 0.0157 0.0275 0.0627
v -0.096977 0.162933 -0.227371 0.0863 0.1020 0.1490
v -0.097015 -0.169266 0.140259 0.2863 0.1725 0.0902
v -0.097084 0.416748 -0.018166 0.0549 0.0863 0.1608
v -0.097305 0.077240 0.214157 0.0824 0.0980 0.1412
v -0.097435 -0.150803 0.321960 0.0118 0.0275 0.0745
v -0.097488 0.292023 -0.200180 0.0824 0.1176 0.1647
v -0.097519 0.332703 0.199112 0.0784 0.1020 0.1569
v -0.097542 -0.218613 0.172852 0.2078 0.1294 0.0706
v -0.097672 -0.217834 0.253326 0.0157 0.0275 0.0353
v -0.097748 -0.030928 -0.134628 0.0588 0.0549 0.0627
v -0.097786 -0.293091 0.391815 0.1137 0.1137 0.1530
v -0.097801 0.064514 -0.215881 0.7451 0.6393 0.5843
v -0.098091 -0.259827 -0.324524 0.0235 0.0275 0.0471
v -0.098114 0.067436 -0.205139 0.6197 0.4471 0.3921
v -0.098389 -0.269562 0.355530 0.0196 0.0157 0.0196
v -0.098450 0.275665 0.229263 0.1020 0.1373 0.2039
v -0.098465 -0.236511 -0.326660 0.0235 0.0275 0.0471
v -0.098480 -0.010669 -0.156219 0.0471 0.0510 0.0667
v -0.098587 -0.221237 0.244034 0.0275 0.0392 0.0471
v -0.098602 -0.218857 0.209778 0.0510 0.0471 0.0510
v -0.098671 -0.164948 -0.166351 0.0235 0.0353 0.0549
v -0.098701 0.085030 -0.213348 0.6980 0.5294 0.4745
v -0.098747 -0.176514 0.230347 0.0431 0.0549 0.0745
v -0.098793 0.205704 0.247314 0.0824 0.0980 0.1412
v -0.098816 -0.274109 -0.347534 0.0392 0.0510 0.0784
v -0.098839 -0.139740 -0.161285 0.0275 0.0314 0.0471
v -0.098869 -0.181808 -0.203491 0.0275 0.0392 0.0588
v -0.098923 0.253601 0.236694 0.0745 0.0980 0.1530
v -0.099098 -0.219864 0.353577 0.1059 0.1176 0.1373
v -0.099121 0.349518 0.181946 0.0706 0.1059 0.1569
v -0.099159 -0.149292 0.201431 0.0431 0.0431 0.0510
v -0.099220 -0.183273 -0.192719 0.0235 0.0353 0.0549
v -0.099258 -0.263824 -0.329773 0.0314 0.0353 0.0549
v -0.099358 0.176422 0.249283 0.0784 0.0941 0.1530
v -0.099373 -0.184845 -0.340729 0.0627 0.0941 0.1451
v -0.099388 0.238449 -0.219055 0.0824 0.1059 0.1608
v -0.099480 -0.144485 0.212051 0.0667 0.0706 0.0863
v -0.099564 0.063683 -0.187424 0.0784 0.0667 0.0941
v -0.099579 -0.084244 0.184860 0.0431 0.0471 0.0627
v -0.099632 -0.370148 -0.438049 0.0471 0.0627 0.1059
v -0.099678 -0.246521 -0.339172 0.0275 0.0431 0.0863
v -0.099838 0.271149 -0.207596 0.0784 0.1020 0.1569
v -0.099846 0.215485 0.246033 0.0745 0.0902 0.1412
v -0.099899 -0.203629 0.346375 0.1020 0.1216 0.1490
v -0.099991 0.111038 0.229507 0.0863 0.1137 0.1530
v -0.100037 0.083252 -0.195786 0.1020 0.0784 0.0902
v -0.100258 -0.336761 -0.413940 0.0471 0.0627 0.1059
v -0.100288 0.406891 0.071053 0.0941 0.2863 0.4510
v -0.100578 0.214233 -0.225067 0.0745 0.0980 0.1451
v -0.100594 0.294342 -0.196686 0.0745 0.1137 0.1608
v -0.100693 0.316101 0.213165 0.0824 0.1255 0.1725
v -0.101082 -0.431000 0.490143 0.0824 0.0941 0.1137
v -0.101341 -0.004971 0.175339 0.0627 0.0588 0.0784
v -0.101418 -0.008327 0.172592 0.0588 0.0549 0.0784
v -0.101532 -0.114319 0.132370 0.3529 0.2039 0.1098
v -0.101593 0.326447 -0.172073 0.0784 0.1137 0.1686
v -0.101646 0.121140 -0.216110 0.0824 0.1059 0.1569
v -0.101646 -0.214600 0.265900 0.0392 0.0471 0.0667
v -0.101692 -0.160904 0.321411 0.0196 0.0353 0.0706
v -0.101807 -0.431061 0.434174 0.0667 0.0824 0.1020
v -0.101852 -0.032887 0.148788 0.0745 0.0549 0.0745
v -0.101860 -0.384460 0.462341 0.0784 0.1059 0.1451
v -0.101875 0.411072 0.052223 0.1059 0.2980 0.4784
v -0.101967 -0.157501 0.219833 0.0549 0.0667 0.0863
v -0.101967 -0.202866 0.157562 0.1961 0.0941 0.0431
v -0.102119 -0.051758 0.138092 0.2823 0.1530 0.1294
v -0.102211 0.038399 -0.176971 0.0627 0.0667 0.0863
v -0.102295 0.307281 -0.186737 0.0784 0.1176 0.1647
v -0.102333 -0.182770 -0.135040 0.1059 0.0706 0.0392
v -0.102356 0.210266 0.246277 0.0706 0.0863 0.1333
v -0.102371 0.008138 -0.167831 0.0549 0.0588 0.0745
v -0.102425 0.040051 0.196564 0.0824 0.0784 0.0980
v -0.102448 0.360077 0.171677 0.0667 0.1020 0.1608
v -0.102669 0.304596 0.221451 0.0980 0.1333 0.1922
v -0.102737 0.183884 0.247818 0.0824 0.0941 0.1530
v -0.102753 0.146606 -0.224258 0.0941 0.1059 0.1608
v -0.102783 0.014692 0.184982 0.0667 0.0627 0.0824
v -0.102798 -0.151794 0.213562 0.0588 0.0706 0.0902
v -0.102905 0.415039 -0.004404 0.0431 0.0902 0.1608
v -0.102921 -0.017139 -0.142853 0.0431 0.0431 0.0627
v -0.103012 -0.204391 0.331451 0.0235 0.0353 0.0549
v -0.103035 -0.146332 0.322418 0.0196 0.0392 0.0941
v -0.103058 0.412811 0.036842 0.1137 0.2667 0.4275
v -0.103065 -0.240723 0.211075 0.0471 0.0510 0.0431
v -0.103241 0.376434 -0.121849 0.0745 0.1098 0.1686
v -0.103317 -0.200073 -0.341919 0.0549 0.0863 0.1333
v -0.103401 0.358490 -0.144470 0.0863 0.1216 0.1843
v -0.103409 0.095024 -0.203232 0.0745 0.1059 0.1608
v -0.103477 -0.220184 -0.329773 0.0157 0.0275 0.0549
v -0.103676 -0.312225 0.414703 0.0980 0.1137 0.1490
v -0.103699 0.245285 -0.217087 0.0784 0.0980 0.1490
v -0.103706 0.066422 0.212051 0.0863 0.0941 0.1255
v -0.103722 0.412323 -0.035179 0.0471 0.0941 0.1451
v -0.103874 0.056477 -0.185867 0.0627 0.0824 0.0980
v -0.103935 -0.171707 -0.325684 0.0078 0.0235 0.0706
v -0.103943 0.330170 0.195984 0.0863 0.0980 0.1569
v -0.104012 -0.126526 -0.115929 0.1569 0.1020 0.0588
v -0.104034 -0.048660 -0.123558 0.0667 0.0510 0.0588
v -0.104073 -0.139587 0.132416 0.3451 0.1961 0.1059
v -0.104141 -0.000071 -0.158737 0.0549 0.0588 0.0745
v -0.104286 -0.202469 -0.166275 0.0392 0.0392 0.0471
v -0.104378 0.241440 0.241272 0.0824 0.0980 0.1451
v -0.104500 0.152023 0.244965 0.0902 0.1020 0.1608
v -0.104698 -0.256439 0.364777 0.1059 0.1098 0.1255
v -0.104729 0.218842 -0.222626 0.0706 0.0941 0.1451
v -0.104736 0.190002 -0.226532 0.0863 0.1020 0.1569
v -0.104980 0.130096 0.238327 0.0902 0.1059 0.1530
v -0.105034 -0.364594 0.450409 0.0784 0.1059 0.1490
v -0.105049 0.096123 0.225037 0.0902 0.1059 0.1490
v -0.105057 -0.073875 -0.155807 0.0549 0.0667 0.0824
v -0.105186 0.286407 -0.205841 0.0824 0.1137 0.1725
v -0.105278 -0.131851 0.190704 0.0275 0.0275 0.0275
v -0.105301 -0.177902 0.203064 0.0471 0.0471 0.0549
v -0.105354 -0.229324 0.338196 0.0157 0.0314 0.0431
v -0.105392 -0.069359 -0.119446 0.1843 0.0941 0.0627
v -0.105499 -0.431061 0.042667 0.0863 0.0863 0.1059
v -0.105507 -0.192825 0.341644 0.1020 0.1176 0.1530
v -0.105522 -0.009110 -0.148499 0.0471 0.0510 0.0667
v -0.105598 -0.026188 0.157852 0.0745 0.0510 0.0549
v -0.105820 0.223145 0.243347 0.0784 0.0941 0.1412
v -0.105957 -0.181488 -0.324005 0.0078 0.0196 0.0549
v -0.105995 0.119835 -0.212723 0.0824 0.1098 0.1530
v -0.106056 0.171555 -0.227020 0.0941 0.1137 0.1686
v -0.106339 0.079590 -0.198532 0.0667 0.0941 0.1176
v -0.106392 0.148453 -0.222305 0.0863 0.1059 0.1608
v -0.106400 -0.158737 -0.119431 0.1098 0.0706 0.0314
v -0.106476 -0.314392 -0.387909 0.0431 0.0588 0.0941
v -0.106628 -0.145340 -0.180939 0.0392 0.0549 0.0980
v -0.106667 0.214371 0.243988 0.0784 0.0941 0.1412
v -0.106789 0.401276 0.088219 0.0078 0.1176 0.2235
v -0.106918 -0.208176 0.239746 0.0314 0.0392 0.0549
v -0.107063 -0.147354 0.327179 0.0275 0.0549 0.1059
v -0.107193 -0.219711 0.309296 0.0314 0.0353 0.0510
v -0.107292 -0.028418 -0.133438 0.0471 0.0510 0.0549
v -0.107353 -0.172256 -0.125885 0.1059 0.0706 0.0392
v -0.107445 -0.151184 0.316925 0.0275 0.0431 0.0863
v -0.107468 0.014069 0.179886 0.0667 0.0627 0.0784
v -0.107513 -0.231171 -0.307343 0.0314 0.0353 0.0510
v -0.107605 -0.081467 -0.159317 0.0824 0.0941 0.1216
v -0.107620 0.268036 -0.216614 0.0784 0.1216 0.1804
v -0.107674 0.178467 0.243668 0.0824 0.0941 0.1530
v -0.107735 -0.431000 -0.449280 0.0627 0.0784 0.1020
v -0.107773 0.406769 -0.051311 0.0471 0.0941 0.1412
v -0.107864 0.311676 -0.187424 0.0824 0.1216 0.1725
v -0.107964 0.069931 0.207031 0.0824 0.0980 0.1333
v -0.108040 -0.333679 0.433838 0.0863 0.1137 0.1530
v -0.108070 0.050919 0.197495 0.0863 0.0902 0.1098
v -0.108299 0.096001 -0.202469 0.0902 0.0941 0.1569
v -0.108345 -0.422699 0.484863 0.0784 0.0941 0.1373
v -0.108467 0.302307 0.216949 0.0863 0.1216 0.1804
v -0.108551 -0.225693 0.330750 0.0275 0.0314 0.0431
v -0.108574 0.286255 0.233109 0.1137 0.1608 0.2235
v -0.108658 0.381317 0.141418 0.0431 0.0902 0.1530
v -0.108696 0.045288 -0.174835 0.0706 0.0706 0.1020
v -0.108864 -0.171417 0.333466 0.0941 0.1216 0.1608
v -0.108879 -0.193085 -0.233795 0.0549 0.0667 0.0863
v -0.108894 -0.075119 -0.147186 0.0353 0.0471 0.0667
v -0.109177 -0.177399 0.141846 0.2432 0.1412 0.0745
v -0.109344 0.370667 -0.133469 0.0745 0.1216 0.1765
v -0.109398 0.107361 0.226959 0.0824 0.1176 0.1530
v -0.109428 0.142517 0.237869 0.0863 0.1020 0.1490
v -0.109436 0.118088 -0.211151 0.0784 0.1137 0.1451
v -0.109467 0.246933 -0.221603 0.0863 0.1059 0.1647
v -0.109467 -0.213760 0.203857 0.0392 0.0431 0.0471
v -0.109619 0.382324 -0.109558 0.0706 0.1098 0.1647
v -0.109680 0.065147 -0.192978 0.0745 0.0824 0.0980
v -0.109711 -0.210037 0.278137 0.0314 0.0353 0.0510
v -0.109779 0.192505 0.244766 0.0745 0.0863 0.1451
v -0.109802 0.076225 -0.196793 0.0784 0.0863 0.1137
v -0.110130 0.359406 -0.147903 0.0863 0.1216 0.1804
v -0.110130 -0.107162 -0.165100 0.0667 0.0824 0.1176
v -0.110207 0.019924 -0.162048 0.0588 0.0627 0.0824
v -0.110214 -0.411621 0.475952 0.0824 0.0980 0.1412
v -0.110352 -0.293335 0.386383 0.0902 0.1255 0.1608
v -0.110359 -0.213669 0.291351 0.0431 0.0471 0.0627
v -0.110519 -0.220627 -0.280884 0.0392 0.0431 0.0588
v -0.110565 -0.202637 -0.325958 0.0157 0.0275 0.0627
v -0.110603 0.333130 -0.169815 0.0784 0.1216 0.1725
v -0.110672 -0.214005 0.240845 0.0275 0.0314 0.0471
v -0.110794 0.349182 0.182388 0.0784 0.1020 0.1569
v -0.110916 -0.014366 0.164734 0.0549 0.0549 0.0784
v -0.111092 -0.261963 0.357635 0.0745 0.0745 0.0824
v -0.111267 0.293457 -0.197678 0.0863 0.1216 0.1804
v -0.111549 -0.428558 -0.447906 0.0588 0.0745 0.0980
v -0.111572 0.117241 0.230576 0.0902 0.1059 0.1490
v -0.111618 -0.082695 0.172668 0.0353 0.0392 0.0471
v -0.111649 0.156036 0.241089 0.0745 0.0863 0.1451
v -0.111816 0.219421 -0.226776 0.0784 0.1020 0.1569
v -0.111870 0.407013 0.054672 0.0627 0.2235 0.3961
v -0.112015 -0.414703 -0.446472 0.0471 0.0745 0.1137
v -0.112175 -0.012389 -0.150543 0.0510 0.0471 0.0667
v -0.112198 0.119705 -0.207703 0.0745 0.1137 0.1490
v -0.112198 0.263397 0.242615 0.1176 0.1451 0.2078
v -0.112244 -0.227493 0.197601 0.1255 0.0902 0.0667
v -0.112305 -0.128845 -0.167114 0.0471 0.0627 0.0980
v -0.112488 0.393646 0.108009 0.0510 0.0863 0.1608
v -0.112595 0.144394 -0.223953 0.0902 0.1137 0.1686
v -0.112686 -0.269470 -0.328979 0.0314 0.0431 0.0667
v -0.112724 0.243729 0.247574 0.0824 0.0980 0.1451
v -0.112915 0.186615 -0.229630 0.0863 0.1098 0.1725
v -0.113014 0.318970 0.202621 0.0824 0.1059 0.1608
v -0.113037 -0.296387 -0.366333 0.0392 0.0549 0.0902
v -0.113174 0.411072 0.010736 0.0471 0.0902 0.1647
v -0.113190 0.399628 -0.064934 0.0510 0.0980 0.1490
v -0.113228 0.163925 -0.228745 0.0824 0.1059 0.1569
v -0.113327 -0.256958 -0.315552 0.0235 0.0275 0.0471
v -0.113586 0.394562 -0.077095 0.0510 0.0980 0.1451
v -0.113693 -0.083504 0.182602 0.0902 0.0941 0.1020
v -0.113770 -0.183243 -0.214447 0.0510 0.0627 0.0824
v -0.113785 0.272919 0.237778 0.0902 0.1255 0.1882
v -0.113853 0.257416 -0.214996 0.0706 0.1176 0.1647
v -0.113892 0.354370 0.172714 0.0706 0.0980 0.1530
v -0.113907 -0.122551 0.194000 0.0824 0.0863 0.0941
v -0.114059 0.014027 0.175919 0.0627 0.0667 0.0863
v -0.114105 0.066521 -0.184082 0.0902 0.0863 0.1137
v -0.114113 -0.032551 -0.128799 0.0431 0.0431 0.0471
v -0.114395 -0.179382 0.225357 0.0431 0.0549 0.0745
v -0.114449 0.045849 0.190308 0.0784 0.0824 0.1020
v -0.114449 -0.196701 0.233521 0.0314 0.0471 0.0588
v -0.114853 -0.232803 0.206116 0.0510 0.0510 0.0392
v -0.114899 -0.253082 -0.326904 0.0157 0.0235 0.0471
v -0.114944 -0.152145 0.202774 0.0510 0.0627 0.0824
v -0.115005 0.226913 -0.223999 0.0784 0.1020 0.1569
v -0.115051 -0.188446 -0.145004 0.0902 0.0667 0.0510
v -0.115112 -0.204956 -0.249222 0.0549 0.0667 0.0902
v -0.115150 -0.159225 0.133423 0.2863 0.1647 0.0824
v -0.115166 -0.260193 -0.314301 0.0235 0.0275 0.0471
v -0.115265 -0.242157 0.363190 0.1059 0.1176 0.1373
v -0.115273 -0.206604 0.257294 0.0314 0.0353 0.0314
v -0.115417 0.341187 -0.163101 0.0824 0.1216 0.1804
v -0.115456 0.206329 0.251068 0.0784 0.0941 0.1412
v -0.115578 -0.076805 0.172852 0.0549 0.0588 0.0667
v -0.115601 -0.231705 0.359772 0.1059 0.1176 0.1373
v -0.115837 0.117805 0.233521 0.0941 0.1098 0.1530
v -0.115883 -0.198822 -0.162827 0.0431 0.0431 0.0510
v -0.115936 0.003652 -0.159027 0.0549 0.0588 0.0745
v -0.116013 -0.065559 0.129532 0.2784 0.1412 0.1059
v -0.116074 0.222641 0.251587 0.0784 0.0941 0.1412
v -0.116074 0.329193 0.195541 0.0902 0.1059 0.1530
v -0.116325 -0.150604 0.130356 0.3098 0.1686 0.0902
v -0.116386 0.147491 -0.217957 0.1059 0.1020 0.1569
v -0.116409 -0.383148 -0.431915 0.0510 0.0667 0.1059
v -0.116547 -0.169052 -0.183792 0.0314 0.0392 0.0784
v -0.116562 -0.179260 -0.131592 0.0980 0.0706 0.0471
v -0.116585 -0.022366 -0.145264 0.0471 0.0431 0.0627
v -0.116608 0.150467 0.244888 0.0863 0.1020 0.1530
v -0.116791 -0.360992 -0.419769 0.0431 0.0588 0.0980
v -0.116882 0.047974 -0.173874 0.0706 0.0706 0.1137
v -0.116913 -0.088814 -0.108284 0.1961 0.1255 0.0863
v -0.117004 0.288849 0.222778 0.1059 0.1490 0.2078
v -0.117020 0.103012 -0.198807 0.0863 0.1020 0.1412
v -0.117134 0.250793 0.245605 0.0902 0.1137 0.1686
v -0.117149 -0.228653 0.337219 0.0235 0.0275 0.0431
v -0.117195 0.237106 0.248703 0.0863 0.1020 0.1490
v -0.117264 0.139984 0.242599 0.0902 0.1098 0.1569
v -0.117294 0.071388 0.207214 0.0902 0.1020 0.1373
v -0.117302 -0.399902 -0.437744 0.0510 0.0667 0.1098
v -0.117516 -0.170349 -0.328796 0.0510 0.0784 0.1294
v -0.117554 0.205933 0.251190 0.0745 0.0902 0.1373
v -0.117630 -0.130356 0.125214 0.3216 0.1882 0.0941
v -0.117874 -0.286041 -0.349976 0.0392 0.0510 0.0863
v -0.117912 0.405640 -0.036617 0.0510 0.0902 0.1373
v -0.117958 -0.428894 0.485809 0.0784 0.0902 0.1294
v -0.118149 0.407715 0.018250 0.0392 0.0902 0.1686
v -0.118362 -0.021280 0.163818 0.0510 0.0510 0.0824
v -0.118408 -0.205795 0.170654 0.1961 0.1059 0.0510
v -0.118454 -0.240265 -0.334381 0.0431 0.0588 0.1059
v -0.118576 0.380249 0.133896 0.0471 0.0941 0.1530
v -0.118629 0.277039 -0.207840 0.0784 0.1137 0.1725
v -0.118759 0.182907 0.248825 0.0784 0.0941 0.1412
v -0.118851 0.408020 -0.017702 0.0471 0.0902 0.1333
v -0.118881 -0.166122 -0.324127 0.0118 0.0275 0.0824
v -0.118942 0.248398 -0.218353 0.0784 0.1098 0.1608
v -0.119110 0.353210 -0.144165 0.0706 0.1059 0.1647
v -0.119179 0.272614 0.229706 0.1020 0.1373 0.1961
v -0.119217 -0.012408 -0.150238 0.0471 0.0471 0.0588
v -0.119301 -0.085068 -0.140625 0.0353 0.0392 0.0588
v -0.119339 -0.222260 0.312775 0.0275 0.0314 0.0471
v -0.119461 -0.249863 -0.329559 0.0196 0.0314 0.0667
v -0.119522 0.305725 -0.190796 0.0745 0.1098 0.1686
v -0.119537 -0.125626 -0.103943 0.1255 0.0863 0.0471
v -0.119644 -0.169540 -0.155045 0.0275 0.0314 0.0471
v -0.119736 0.384949 -0.091881 0.0627 0.1020 0.1490
v -0.119865 -0.132339 -0.148270 0.0353 0.0314 0.0510
v -0.119904 -0.182190 0.145065 0.2314 0.1255 0.0745
v -0.120064 0.175583 -0.223877 0.0902 0.1020 0.1608
v -0.120110 -0.142487 0.310272 0.0275 0.0431 0.0902
v -0.120125 0.021418 -0.164001 0.0667 0.0706 0.0902
v -0.120361 -0.188934 -0.332977 0.0745 0.0980 0.1530
v -0.120430 0.193695 -0.226303 0.0863 0.0980 0.1569
v -0.120514 0.012453 0.177429 0.0627 0.0706 0.0902
v -0.120514 0.368439 -0.119637 0.0627 0.1098 0.1490
v -0.120590 0.109261 0.224670 0.0902 0.1059 0.1490
v -0.120636 -0.143570 -0.105522 0.1098 0.0706 0.0392
v -0.121017 0.122124 -0.207626 0.0824 0.1059 0.1647
v -0.121017 -0.330170 0.423401 0.0863 0.1137 0.1530
v -0.121094 0.029625 0.183533 0.0706 0.0745 0.0941
v -0.121109 -0.045811 -0.116791 0.0471 0.0471 0.0549
v -0.121193 -0.064278 -0.107780 0.0627 0.0510 0.0471
v -0.121223 0.321106 -0.180405 0.0824 0.1098 0.1725
v -0.121269 0.255188 0.237366 0.0824 0.1059 0.1608
v -0.121323 0.149277 -0.216446 0.0902 0.1059 0.1490
v -0.121330 0.215897 -0.225296 0.0824 0.1059 0.1608
v -0.121353 -0.009918 0.169983 0.0510 0.0588 0.0745
v -0.121429 -0.194275 0.338959 0.0980 0.1176 0.1569
v -0.121529 -0.181610 -0.183502 0.0235 0.0353 0.0549
v -0.121635 -0.080353 0.175369 0.0941 0.0980 0.1059
v -0.121696 -0.190353 0.152832 0.2196 0.1137 0.0706
v -0.121719 0.368286 0.154510 0.0588 0.1059 0.1569
v -0.121765 0.078789 -0.187698 0.0706 0.0980 0.1373
v -0.121773 -0.280518 0.361847 0.1020 0.1059 0.1216
v -0.121864 -0.231308 -0.316193 0.0235 0.0275 0.0431
v -0.121864 -0.231995 -0.308868 0.0275 0.0314 0.0392
v -0.121918 -0.034389 0.146881 0.0431 0.0588 0.0706
v -0.122032 -0.368713 0.446411 0.0863 0.1059 0.1490
v -0.122063 -0.028030 -0.131561 0.0431 0.0392 0.0588
v -0.122162 -0.265686 0.341583 0.0078 0.0157 0.0196
v -0.122261 -0.223572 -0.290009 0.0392 0.0392 0.0588
v -0.122269 0.407043 -0.000579 0.0392 0.0863 0.1490
v -0.122398 0.327545 0.191742 0.0745 0.0980 0.1451
v -0.122505 -0.180267 -0.188339 0.0275 0.0392 0.0588
v -0.122696 -0.017523 -0.138290 0.0392 0.0471 0.0667
v -0.122932 -0.174301 0.217941 0.0431 0.0549 0.0745
v -0.122963 0.348969 0.176117 0.0745 0.0980 0.1530
v -0.122986 -0.126053 0.172363 0.0392 0.0392 0.0431
v -0.122986 -0.355103 -0.409698 0.0471 0.0627 0.1059
v -0.122993 0.307404 0.210983 0.0745 0.1216 0.1725
v -0.123131 -0.217957 -0.269806 0.0314 0.0353 0.0510
v -0.123276 0.033581 -0.163574 0.0627 0.0706 0.1059
v -0.123283 -0.043892 0.134628 0.0627 0.0549 0.0745
v -0.123367 0.406525 0.030426 0.0275 0.0863 0.1569
v -0.123390 0.057686 -0.173035 0.0824 0.0824 0.1137
v -0.123405 -0.168381 -0.118080 0.0980 0.0627 0.0353
v -0.123497 -0.169281 0.327820 0.0980 0.1255 0.1647
v -0.123505 0.175369 -0.218216 0.1020 0.1137 0.1725
v -0.123634 0.145660 0.236099 0.0863 0.1098 0.1608
v -0.123795 0.003776 -0.149979 0.0549 0.0627 0.0824
v -0.123810 0.276825 -0.199432 0.0902 0.1216 0.1804
v -0.123848 0.388519 0.114098 0.0510 0.0980 0.1530
v -0.123894 0.261322 -0.207382 0.0863 0.1176 0.1686
v -0.123909 -0.224365 0.199600 0.0588 0.0510 0.0431
v -0.123947 0.059002 0.199753 0.0824 0.0980 0.1333
v -0.124016 0.213303 -0.219437 0.0824 0.1059 0.1608
v -0.124023 0.354218 0.167618 0.0706 0.1020 0.1530
v -0.124092 0.236511 -0.215683 0.0824 0.1020 0.1608
v -0.124245 0.326782 -0.166458 0.0784 0.1098 0.1608
v -0.124275 -0.179886 -0.195480 0.0510 0.0627 0.0824
v -0.124420 0.196716 0.244431 0.0706 0.0863 0.1333
v -0.124420 -0.164246 -0.315369 0.0157 0.0235 0.0706
v -0.124504 0.307495 -0.181778 0.0784 0.1176 0.1686
v -0.124672 -0.349213 0.436188 0.0902 0.1059 0.1412
v -0.124748 -0.373138 -0.420532 0.0471 0.0627 0.1020
v -0.124870 -0.228958 0.333282 0.0314 0.0353 0.0510
v -0.124901 0.084641 0.216309 0.0941 0.1020 0.1490
v -0.124992 -0.111595 0.119972 0.2706 0.1569 0.0863
v -0.125198 -0.200363 0.326355 0.0235 0.0353 0.0627
v -0.125320 -0.208954 0.277435 0.0353 0.0392 0.0549
v -0.125381 -0.215744 -0.331024 0.0549 0.0784 0.1255
v -0.125565 0.256195 0.235275 0.0941 0.1176 0.1765
v -0.125595 -0.141144 0.318481 0.0510 0.0745 0.1294
v -0.125702 -0.299561 0.385223 0.0941 0.1098 0.1451
v -0.125931 -0.067162 -0.140991 0.0392 0.0510 0.0706
v -0.125946 0.165649 -0.216507 0.0941 0.1020 0.1608
v -0.126053 0.370117 0.143066 0.0471 0.0941 0.1490
v -0.126175 0.211609 -0.218704 0.0784 0.1020 0.1569
v -0.126297 -0.198318 -0.316254 0.0118 0.0235 0.0588
v -0.126328 0.233322 0.240417 0.0824 0.0980 0.1451
v -0.126328 -0.005705 0.164978 0.0627 0.0627 0.0706
v -0.126404 0.008060 0.174118 0.0627 0.0706 0.0902
v -0.126511 -0.141800 -0.146439 0.0275 0.0314 0.0471
v -0.126602 0.278748 0.228928 0.1059 0.1333 0.1961
v -0.126770 0.146194 -0.211868 0.0863 0.1020 0.1490
v -0.126938 -0.150986 0.308746 0.0392 0.0510 0.0824
v -0.126953 0.085480 -0.188568 0.0863 0.1020 0.1451
v -0.126999 -0.393799 0.457001 0.0784 0.1059 0.1412
v -0.127060 0.401276 -0.038967 0.0549 0.0902 0.1490
v -0.127106 -0.075546 0.156662 0.0471 0.0510 0.0588
v -0.127121 -0.246078 0.358856 0.1059 0.1098 0.1294
v -0.127136 -0.153854 -0.104782 0.0980 0.0627 0.0353
v -0.127228 -0.166702 0.209061 0.0549 0.0667 0.0863
v -0.127258 -0.141022 -0.167633 0.0392 0.0549 0.0980
v -0.127533 -0.157242 0.182892 0.0353 0.0353 0.0392
v -0.127945 -0.168869 -0.310791 0.0275 0.0353 0.0667
v -0.128128 0.238419 -0.212296 0.0863 0.1059 0.1608
v -0.128311 0.039654 -0.169312 0.0667 0.0784 0.1137
v -0.128464 -0.135849 0.310822 0.0078 0.0314 0.0863
v -0.128464 -0.194168 -0.154770 0.0392 0.0392 0.0392
v -0.128540 0.101357 -0.195618 0.0902 0.1059 0.1530
v -0.128540 0.401398 0.067070 0.0157 0.1137 0.2392
v -0.128677 0.215134 0.242416 0.0863 0.1020 0.1490
v -0.128723 0.112823 0.228928 0.0980 0.1137 0.1569
v -0.128784 -0.072296 0.160812 0.0588 0.0627 0.0706
v -0.128860 -0.150970 0.189987 0.0549 0.0706 0.0824
v -0.128906 -0.182404 -0.175995 0.0235 0.0353 0.0549
v -0.128952 0.029791 -0.160461 0.0627 0.0745 0.1098
v -0.129044 -0.269531 0.343445 0.0549 0.0549 0.0549
v -0.129105 0.286377 0.220215 0.0902 0.1255 0.1922
v -0.129288 -0.113541 0.177582 0.0824 0.0863 0.0941
v -0.129288 -0.418274 0.470032 0.0784 0.0941 0.1294
v -0.129303 0.302582 -0.181992 0.0824 0.1137 0.1647
v -0.129517 -0.071999 -0.144913 0.0784 0.0941 0.1176
v -0.129547 0.147354 0.238754 0.0863 0.1059 0.1530
v -0.129608 -0.167725 0.134033 0.2549 0.1412 0.0784
v -0.129639 -0.232681 -0.329010 0.0431 0.0667 0.1137
v -0.129669 -0.205475 0.230896 0.0275 0.0353 0.0392
v -0.129730 0.018095 0.178574 0.0706 0.0745 0.0941
v -0.129822 -0.136063 0.120087 0.2823 0.1608 0.0824
v -0.129837 0.280731 -0.195984 0.0941 0.1216 0.1843
v -0.129959 -0.211563 -0.317169 0.0118 0.0235 0.0510
v -0.130051 0.050312 0.191269 0.0784 0.0902 0.1176
v -0.130096 0.300018 0.211426 0.0824 0.1294 0.1843
v -0.130096 -0.056164 -0.104401 0.0431 0.0471 0.0549
v -0.130249 -0.102394 0.156082 0.0314 0.0353 0.0431
v -0.130447 0.398285 0.079803 0.0392 0.0941 0.1725
v -0.130447 -0.297852 -0.351868 0.0392 0.0549 0.0902
v -0.130661 -0.252838 0.354156 0.0941 0.0980 0.1137
v -0.130737 -0.120705 -0.157654 0.0549 0.0706 0.1059
v -0.130783 -0.032608 -0.125595 0.0471 0.0392 0.0588
v -0.130814 -0.086800 0.152481 0.0431 0.0471 0.0549
v -0.130844 0.367340 -0.112343 0.0706 0.1098 0.1530
v -0.130844 -0.119049 -0.138977 0.0392 0.0431 0.0588
v -0.130951 -0.013483 0.156433 0.0510 0.0627 0.0745
v -0.130951 -0.070099 -0.132675 0.0314 0.0431 0.0627
v -0.130966 0.354279 0.165482 0.0667 0.1059 0.1530
v -0.130966 -0.164917 0.311798 0.0275 0.0353 0.0784
v -0.131088 -0.229279 0.354828 0.1059 0.1176 0.1412
v -0.131393 -0.034019 0.146774 0.0510 0.0471 0.0667
v -0.131699 0.174484 0.242325 0.0902 0.1059 0.1530
v -0.132034 0.206802 -0.218872 0.0824 0.1059 0.1608
v -0.132095 -0.279114 -0.326080 0.0314 0.0431 0.0706
v -0.132324 -0.149231 -0.167252 0.0353 0.0510 0.0863
v -0.132355 -0.088287 -0.147675 0.0784 0.0941 0.1294
v -0.132431 0.015394 0.171143 0.0667 0.0745 0.0941
v -0.132431 -0.038410 -0.117325 0.0471 0.0392 0.0588
v -0.132431 -0.216141 0.192139 0.0431 0.0353 0.0235
v -0.132507 0.321320 0.194504 0.0863 0.1059 0.1530
v -0.132721 0.067245 -0.180756 0.0784 0.0980 0.1216
v -0.132812 -0.200836 0.187027 0.0196 0.0235 0.0314
v -0.132919 -0.182739 -0.208344 0.0588 0.0745 0.0863
v -0.132996 0.024012 -0.155396 0.0549 0.0667 0.0980
v -0.132996 -0.257538 -0.297577 0.0275 0.0314 0.0471
v -0.133011 0.182663 -0.220627 0.0863 0.0980 0.1569
v -0.133041 -0.004885 -0.143784 0.0549 0.0588 0.0745
v -0.133072 0.346130 -0.138199 0.0706 0.1059 0.1608
v -0.133270 0.047298 -0.166763 0.0745 0.0863 0.1216
v -0.133392 -0.128754 -0.158081 0.0431 0.0588 0.0941
v -0.133423 -0.078186 -0.130615 0.0353 0.0471 0.0667
v -0.133469 0.163162 -0.218735 0.0941 0.1059 0.1647
v -0.133469 0.402191 0.041634 0.0235 0.0980 0.2000
v -0.133530 -0.076881 0.163055 0.0863 0.0902 0.0980
v -0.133560 0.243927 -0.211075 0.0706 0.0863 0.1451
v -0.133743 0.126831 -0.208313 0.0863 0.1137 0.1530
v -0.133743 -0.188095 0.320557 0.0275 0.0353 0.0784
v -0.133774 -0.332733 -0.379089 0.0431 0.0588 0.0941
v -0.133835 -0.071243 0.148697 0.0471 0.0510 0.0588
v -0.133987 0.149033 -0.215866 0.0902 0.1059 0.1530
v -0.134155 0.360352 0.145737 0.0627 0.1020 0.1490
v -0.134186 -0.094643 -0.131760 0.0353 0.0471 0.0667
v -0.134277 0.224457 0.244339 0.0784 0.1020 0.1647
v -0.134338 0.255524 -0.202164 0.0863 0.1059 0.1569
v -0.134338 0.333191 -0.150421 0.0784 0.1176 0.1647
v -0.134338 -0.155457 -0.143204 0.0196 0.0235 0.0431
v -0.134445 0.228699 -0.216400 0.0706 0.0941 0.1490
v -0.134491 -0.217438 0.328979 0.0353 0.0392 0.0588
v -0.134537 0.244125 0.241776 0.0902 0.1098 0.1686
v -0.134674 -0.229660 -0.305115 0.0235 0.0275 0.0353
v -0.134705 -0.431061 0.302032 0.0863 0.0863 0.0980
v -0.134933 0.370789 0.135742 0.0588 0.0941 0.1530
v -0.135056 -0.105995 -0.090233 0.1412 0.0902 0.0549
v -0.135269 -0.068100 -0.094368 0.0627 0.0471 0.0510
v -0.135284 -0.191467 0.222763 0.0392 0.0431 0.0588
v -0.135300 0.076958 0.205612 0.0863 0.1020 0.1373
v -0.135361 -0.215912 -0.266510 0.0196 0.0235 0.0431
v -0.135574 -0.373871 -0.410431 0.0471 0.0627 0.1059
v -0.135895 -0.066116 0.118446 0.0745 0.0627 0.0824
v -0.135925 -0.193512 -0.228210 0.0510 0.0627 0.0824
v -0.135971 -0.175797 0.184174 0.0235 0.0235 0.0314
v -0.136032 -0.146149 0.168457 0.0392 0.0392 0.0471
v -0.136032 -0.231522 0.326813 0.0314 0.0353 0.0510
v -0.136200 0.095512 -0.193542 0.0902 0.1059 0.1412
v -0.136215 0.401306 -0.015673 0.0431 0.0784 0.1373
v -0.136414 -0.026661 -0.131348 0.0471 0.0392 0.0627
v -0.136475 0.192963 -0.218018 0.0824 0.1059 0.1608
v -0.136566 0.142746 0.229248 0.0902 0.1098 0.1569
v -0.136597 0.251801 0.232361 0.0824 0.1059 0.1686
v -0.136612 -0.178375 0.212326 0.0392 0.0549 0.0706
v -0.136612 -0.252869 -0.313568 0.0118 0.0235 0.0471
v -0.136642 0.190750 0.245026 0.0784 0.0941 0.1412
v -0.136688 -0.260437 0.341431 0.0314 0.0353 0.0471
v -0.136871 0.001587 0.157684 0.0627 0.0627 0.0863
v -0.136978 0.010262 0.166519 0.0627 0.0706 0.0941
v -0.137070 0.165756 0.238892 0.0941 0.1098 0.1569
v -0.137344 0.221497 -0.209747 0.0863 0.1098 0.1647
v -0.137405 -0.200745 0.237793 0.0353 0.0353 0.0392
v -0.137512 -0.416718 -0.422913 0.0510 0.0667 0.1020
v -0.137665 -0.158630 0.190384 0.0510 0.0627 0.0824
v -0.137741 0.322205 0.188751 0.0745 0.0980 0.1451
v -0.138031 0.310089 -0.166214 0.0824 0.1098 0.1725
v -0.138138 0.220291 0.243866 0.0824 0.1059 0.1608
v -0.138245 0.192551 -0.212601 0.0824 0.1059 0.1608
v -0.138260 0.401428 0.010096 0.0471 0.0784 0.1255
v -0.138397 -0.128525 0.112976 0.2432 0.1333 0.0627
v -0.138504 -0.224457 0.304047 0.0235 0.0275 0.0353
v -0.138535 -0.147705 -0.137833 0.0275 0.0314 0.0471
v -0.138550 0.011527 -0.148758 0.0588 0.0627 0.0784
v -0.138596 0.155853 -0.211639 0.0902 0.1059 0.1569
v -0.138641 0.109512 0.219208 0.0941 0.1098 0.1569
v -0.138641 -0.155243 0.122971 0.2353 0.1294 0.0745
v -0.138763 0.088600 -0.184830 0.0902 0.1059 0.1412
v -0.138779 -0.173386 -0.121384 0.0824 0.0627 0.0392
v -0.138809 0.044106 0.191345 0.0784 0.0863 0.1333
v -0.138931 0.270569 0.221085 0.1137 0.1255 0.1961
v -0.138962 -0.308044 0.384949 0.0980 0.1137 0.1490
v -0.138977 -0.186493 0.151901 0.2078 0.1176 0.0627
v -0.138992 -0.021334 0.149780 0.0588 0.0510 0.0706
v -0.139145 0.386841 0.101982 0.0549 0.0941 0.1412
v -0.139267 -0.227005 -0.295349 0.0235 0.0275 0.0392
v -0.139282 0.236725 0.234268 0.0784 0.1020 0.1569
v -0.139313 0.063629 -0.175797 0.0745 0.0980 0.1333
v -0.139404 -0.172806 -0.320038 0.0824 0.1059 0.1608
v -0.139450 0.192368 0.242691 0.0824 0.0941 0.1530
v -0.139496 0.347137 0.165787 0.0667 0.0980 0.1451
v -0.139587 -0.137268 0.298279 0.0235 0.0392 0.0902
v -0.139648 0.290955 -0.177567 0.0824 0.1137 0.1647
v -0.139801 -0.363586 0.434052 0.0824 0.1098 0.1490
v -0.139832 -0.160568 -0.103264 0.0824 0.0588 0.0353
v -0.139923 -0.131012 -0.085320 0.0980 0.0667 0.0392
v -0.139954 -0.145889 0.117348 0.2314 0.1294 0.0667
v -0.139969 0.382660 -0.080414 0.0627 0.1020 0.1490
v -0.140106 0.350464 0.153931 0.0627 0.0980 0.1490
v -0.140106 -0.185028 -0.304230 0.0157 0.0235 0.0510
v -0.140228 -0.131592 0.156433 0.0510 0.0510 0.0588
v -0.140259 0.130676 -0.205948 0.0863 0.1137 0.1530
v -0.140259 0.357880 -0.124237 0.0745 0.1098 0.1647
v -0.140305 0.120567 -0.202179 0.0863 0.1137 0.1530
v -0.140381 -0.140152 -0.156906 0.0392 0.0549 0.0902
v -0.140503 0.039707 -0.159775 0.0627 0.0745 0.1137
v -0.140610 -0.057808 0.119347 0.0627 0.0549 0.0667
v -0.140625 0.040535 0.180161 0.0784 0.0902 0.1255
v -0.140762 0.209106 0.235641 0.0784 0.1020 0.1569
v -0.140778 -0.115486 -0.128601 0.0353 0.0510 0.0627
v -0.140884 0.364410 0.140594 0.0549 0.0902 0.1490
v -0.140961 0.182938 0.234604 0.0941 0.1059 0.1608
v -0.141068 -0.157333 -0.160080 0.0275 0.0431 0.0627
v -0.141083 0.382233 0.114746 0.0588 0.0941 0.1490
v -0.141205 -0.156891 -0.304749 0.0157 0.0314 0.0706
v -0.141327 -0.124893 -0.149841 0.0431 0.0588 0.0941
v -0.141342 -0.210175 0.273407 0.0275 0.0314 0.0392
v -0.141418 0.269257 -0.189667 0.0627 0.1059 0.1608
v -0.141418 -0.222626 -0.279785 0.0196 0.0275 0.0431
v -0.141479 -0.039757 0.131531 0.0549 0.0510 0.0667
v -0.141602 0.168671 0.233597 0.0902 0.1059 0.1530
v -0.141602 -0.163116 -0.300903 0.0196 0.0392 0.0667
v -0.141968 -0.431030 0.473480 0.0824 0.0902 0.1176
v -0.141983 -0.010620 -0.139420 0.0510 0.0549 0.0784
v -0.142120 -0.180695 -0.183411 0.0431 0.0549 0.0745
v -0.142136 -0.063629 -0.132263 0.0510 0.0627 0.0824
v -0.142258 -0.201416 0.250519 0.0314 0.0353 0.0510
v -0.142273 0.138565 0.228561 0.0980 0.1137 0.1608
v -0.142365 0.344788 -0.139450 0.0745 0.1098 0.1686
v -0.142502 -0.186890 -0.140457 0.0431 0.0431 0.0431
v -0.142685 0.399658 0.029093 0.0235 0.0784 0.1647
v -0.142761 -0.391754 -0.412750 0.0471 0.0627 0.0980
v -0.142853 -0.255219 -0.291595 0.0275 0.0314 0.0471
v -0.142914 -0.159576 -0.312958 0.0706 0.0863 0.1294
v -0.143005 -0.168869 0.175034 0.0235 0.0235 0.0314
v -0.143127 -0.023947 -0.122726 0.0471 0.0431 0.0627
v -0.143341 0.072411 0.204712 0.0863 0.1020 0.1451
v -0.143341 -0.175186 0.202072 0.0431 0.0549 0.0745
v -0.143524 0.056442 -0.165314 0.0784 0.0941 0.1255
v -0.143539 -0.132553 0.307007 0.0588 0.0863 0.1451
v -0.143600 0.246384 -0.197540 0.0745 0.0941 0.1490
v -0.143860 -0.203781 0.321442 0.0118 0.0157 0.0314
v -0.143875 0.123093 -0.196793 0.0863 0.1137 0.1530
v -0.143890 0.298096 0.202774 0.0824 0.1216 0.1686
v -0.143967 -0.165665 0.317963 0.0980 0.1255 0.1647
v -0.144058 0.398346 0.011803 0.0471 0.0745 0.1333
v -0.144089 -0.140839 -0.084534 0.0824 0.0627 0.0392
v -0.144089 -0.206329 -0.247772 0.0196 0.0314 0.0431
v -0.144165 0.241394 0.225220 0.0784 0.1059 0.1608
v -0.144241 0.287659 -0.178619 0.0824 0.1137 0.1647
v -0.144241 -0.241699 0.349335 0.1098 0.1137 0.1333
v -0.144394 -0.108437 0.106560 0.2000 0.1216 0.0667
v -0.144470 -0.080208 0.109116 0.1255 0.0784 0.0627
v -0.144577 -0.263031 0.326050 0.0235 0.0235 0.0275
v -0.144653 -0.200607 0.221161 0.0314 0.0353 0.0431
v -0.144714 0.318085 -0.163132 0.0784 0.1137 0.1725
v -0.144745 0.021042 -0.153366 0.0588 0.0706 0.0980
v -0.144760 -0.192276 -0.319885 0.0745 0.0941 0.1412
v -0.144775 -0.149109 -0.089058 0.0824 0.0588 0.0353
v -0.145004 0.265381 0.216797 0.0980 0.1216 0.1922
v -0.145096 -0.341217 0.413513 0.0902 0.1098 0.1490
v -0.145142 0.092644 0.214890 0.0941 0.1098 0.1530
v -0.145340 -0.066315 0.146164 0.0667 0.0706 0.0784
v -0.145477 -0.264801 -0.299530 0.0275 0.0353 0.0510
v -0.145508 -0.202332 0.333099 0.1020 0.1176 0.1569
v -0.145569 -0.418121 0.459045 0.0824 0.0980 0.1333
v -0.145645 -0.427948 0.473511 0.0824 0.0941 0.1216
v -0.145660 0.368500 -0.105728 0.0745 0.1216 0.1765
v -0.145920 -0.225525 -0.296356 0.0235 0.0275 0.0353
v -0.145950 0.392395 -0.031082 0.0510 0.0902 0.1373
v -0.145981 0.287994 0.207214 0.0941 0.1333 0.1922
v -0.145981 -0.227112 0.325378 0.0353 0.0392 0.0510
v -0.146011 -0.183060 0.310425 0.0157 0.0275 0.0510
v -0.146057 0.372650 0.126511 0.0549 0.0902 0.1490
v -0.146072 -0.197205 -0.301300 0.0157 0.0235 0.0510
v -0.146118 -0.211151 -0.307190 0.0157 0.0275 0.0471
v -0.146240 0.391205 -0.045338 0.0627 0.1020 0.1490
v -0.146255 0.025345 0.169220 0.0706 0.0824 0.1176
v -0.146286 0.180191 -0.207825 0.0745 0.0980 0.1530
v -0.146362 0.204590 0.231506 0.0824 0.1059 0.1686
v -0.146362 0.208862 -0.205673 0.0745 0.0980 0.1530
v -0.146484 0.003964 -0.137665 0.0510 0.0627 0.0824
v -0.146515 0.146118 -0.203903 0.0824 0.1059 0.1530
v -0.146530 -0.070854 -0.132690 0.0824 0.0980 0.1294
v -0.146561 0.334167 0.165680 0.0706 0.0941 0.1412
v -0.146561 -0.431091 0.155365 0.0863 0.0863 0.0902
v -0.146637 -0.296082 -0.332550 0.0431 0.0549 0.0863
v -0.146774 0.005672 0.159134 0.0588 0.0627 0.0784
v -0.146957 0.387177 -0.061859 0.0588 0.0980 0.1451
v -0.147018 -0.063171 -0.120537 0.0353 0.0471 0.0667
v -0.147247 0.065292 0.193054 0.0863 0.1020 0.1412
v -0.147354 -0.261444 0.324829 0.0235 0.0157 0.0196
v -0.147415 -0.197098 0.166534 0.1490 0.1020 0.0471
v -0.147537 0.307007 0.193283 0.0863 0.1059 0.1530
v -0.147583 0.080025 -0.180573 0.0863 0.1020 0.1373
v -0.147598 0.321533 0.183746 0.0745 0.0980 0.1451
v -0.147675 -0.074776 -0.079361 0.0667 0.0510 0.0471
v -0.147705 -0.321228 -0.357697 0.0392 0.0549 0.0902
v -0.147858 -0.183029 -0.163864 0.0314 0.0353 0.0549
v -0.147919 -0.076691 0.146942 0.0824 0.0863 0.1020
v -0.148163 0.046448 -0.160233 0.0784 0.0902 0.1255
v -0.148163 -0.173233 0.137390 0.2118 0.1216 0.0667
v -0.148285 0.147415 0.222580 0.0980 0.1137 0.1686
v -0.148499 -0.150558 -0.150894 0.0353 0.0549 0.0784
v -0.148514 -0.358124 -0.382446 0.0392 0.0549 0.0902
v -0.148544 0.096092 0.208878 0.0941 0.1098 0.1530
v -0.148575 -0.102058 0.134705 0.0392 0.0431 0.0510
v -0.148590 0.031834 -0.149887 0.0745 0.0824 0.1294
v -0.148621 -0.189346 -0.154282 0.0235 0.0353 0.0549
v -0.148666 0.335144 -0.148224 0.0824 0.1176 0.1765
v -0.148712 0.079109 0.202087 0.0863 0.1020 0.1451
v -0.148712 0.180069 0.229401 0.0980 0.1098 0.1647
v -0.148941 0.122612 0.219040 0.0902 0.1059 0.1530
v -0.149185 -0.078697 -0.116158 0.0353 0.0471 0.0667
v -0.149445 -0.175201 0.196625 0.0431 0.0549 0.0745
v -0.149567 -0.279510 0.340942 0.0980 0.1020 0.1098
v -0.149673 0.345032 -0.130814 0.0784 0.1176 0.1647
v -0.149719 0.112625 -0.191635 0.0824 0.1098 0.1490
v -0.149796 -0.020426 -0.122910 0.0471 0.0471 0.0627
v -0.149811 -0.116844 -0.137222 0.0510 0.0667 0.1020
v -0.149933 0.395111 0.056881 0.0353 0.0784 0.1412
v -0.150055 -0.431000 -0.360016 0.0863 0.0863 0.0863
v -0.150284 -0.149521 -0.124306 0.0235 0.0275 0.0431
v -0.150314 -0.221573 -0.301239 0.0235 0.0275 0.0392
v -0.150360 -0.223312 -0.278961 0.0196 0.0275 0.0510
v -0.150375 0.366119 0.133545 0.0549 0.0902 0.1412
v -0.150391 -0.011878 0.145996 0.0588 0.0588 0.0784
v -0.150574 0.395386 -0.003399 0.0588 0.0941 0.1530
v -0.150818 -0.105537 -0.072235 0.0980 0.0706 0.0392
v -0.150879 -0.114517 -0.117195 0.0314 0.0431 0.0627
v -0.150909 -0.039669 0.126678 0.0549 0.0549 0.0627
v -0.150940 -0.001259 -0.133438 0.0549 0.0588 0.0784
v -0.151047 0.342834 0.158493 0.0667 0.0902 0.1451
v -0.151108 0.091812 -0.185577 0.0902 0.1059 0.1490
v -0.151154 -0.061749 0.128448 0.0431 0.0588 0.0706
v -0.151215 -0.116707 0.157135 0.0745 0.0784 0.0941
v -0.151230 0.017895 0.163513 0.0627 0.0745 0.1098
v -0.151230 -0.065506 -0.114662 0.0392 0.0510 0.0706
v -0.151260 -0.358978 0.422363 0.0902 0.1059 0.1412
v -0.151794 0.317047 -0.163620 0.0824 0.1176 0.1765
v -0.151886 -0.234650 0.321808 0.0353 0.0392 0.0549
v -0.151947 -0.430939 -0.406189 0.0627 0.0745 0.0941
v -0.151962 0.049393 0.184525 0.0745 0.0902 0.1255
v -0.152161 0.086739 -0.176361 0.0863 0.1020 0.1412
v -0.152420 0.268585 0.214996 0.0902 0.1176 0.1843
v -0.152435 0.293549 -0.179413 0.0824 0.1098 0.1725
v -0.152481 -0.160233 0.121429 0.2000 0.1098 0.0549
v -0.152557 0.387634 0.085281 0.0471 0.0863 0.1333
v -0.152664 0.040833 0.172806 0.0706 0.0863 0.1216
v -0.152664 0.143753 -0.203445 0.0824 0.1059 0.1530
v -0.152740 -0.386566 0.436981 0.0863 0.1020 0.1373
v -0.152893 0.395325 0.019800 0.0314 0.0667 0.1333
v -0.153137 -0.136185 0.104172 0.1882 0.1137 0.0510
v -0.153198 -0.187973 0.197647 0.0392 0.0431 0.0588
v -0.153351 -0.038345 -0.106544 0.0471 0.0431 0.0627
v -0.153351 -0.062935 -0.082222 0.0431 0.0431 0.0510
v -0.153381 -0.326782 0.390808 0.0941 0.1098 0.1451
v -0.153442 -0.061527 0.108345 0.0549 0.0510 0.0588
v -0.153488 -0.409363 -0.406586 0.0510 0.0667 0.1020
v -0.153564 -0.070061 0.121483 0.0471 0.0627 0.0667
v -0.153564 -0.140701 0.164047 0.0549 0.0667 0.0863
v -0.153564 -0.185089 -0.202362 0.0588 0.0706 0.0863
v -0.153748 0.225784 -0.204346 0.0745 0.0980 0.1530
v -0.153854 0.182175 -0.209991 0.0824 0.1059 0.1608
v -0.153915 0.026268 -0.145508 0.0667 0.0745 0.1176
v -0.153961 0.079636 0.195541 0.0902 0.1059 0.1490
v -0.154068 0.053158 -0.158081 0.0745 0.0941 0.1216
v -0.154083 0.307251 0.193085 0.0784 0.1020 0.1490
v -0.154114 -0.126083 0.100418 0.1843 0.1098 0.0549
v -0.154175 -0.058990 0.130051 0.0431 0.0510 0.0627
v -0.154205 0.019415 0.158936 0.0627 0.0745 0.1059
v -0.154556 0.248596 -0.194305 0.0824 0.1059 0.1608
v -0.154556 -0.177689 -0.146042 0.0275 0.0392 0.0588
v -0.154587 -0.181961 -0.167053 0.0392 0.0431 0.0627
v -0.154709 0.066612 -0.167831 0.0784 0.0941 0.1373
v -0.154709 0.306030 -0.169281 0.0824 0.1176 0.1765
v -0.154953 -0.162445 0.297485 0.0275 0.0392 0.0745
v -0.154999 0.384369 0.091965 0.0627 0.0941 0.1451
v -0.155045 0.210281 0.229050 0.0824 0.0980 0.1647
v -0.155060 -0.144150 0.145645 0.0314 0.0353 0.0431
v -0.155334 0.135635 -0.197723 0.0863 0.1098 0.1569
v -0.155350 0.323822 -0.147385 0.0824 0.1098 0.1608
v -0.155762 -0.047482 -0.096680 0.0471 0.0471 0.0549
v -0.155807 -0.218918 0.317505 0.0392 0.0471 0.0471
v -0.155975 -0.182556 0.188431 0.0510 0.0549 0.0706
v -0.156082 0.236053 0.224609 0.0824 0.1059 0.1647
v -0.156265 0.146683 0.224991 0.0902 0.1020 0.1608
v -0.156281 -0.185364 0.167404 0.0118 0.0078 0.0235
v -0.156326 -0.204437 0.168839 0.0706 0.0510 0.0392
v -0.156479 -0.018961 -0.116470 0.0510 0.0510 0.0667
v -0.156647 -0.002099 0.150757 0.0549 0.0588 0.0784
v -0.156647 -0.188110 0.153610 0.1725 0.1020 0.0549
v -0.156662 -0.163986 -0.098633 0.0706 0.0549 0.0353
v -0.156738 -0.175934 -0.287323 0.0275 0.0431 0.0510
v -0.156906 0.264954 -0.190796 0.0902 0.1255 0.1922
v -0.156906 -0.428589 -0.403717 0.0471 0.0627 0.0902
v -0.157013 0.197189 0.228241 0.0902 0.1059 0.1725
v -0.157104 -0.135941 -0.068718 0.0706 0.0588 0.0392
v -0.157196 -0.120651 -0.064644 0.0745 0.0549 0.0353
v -0.157257 0.185226 -0.205215 0.0902 0.1137 0.1686
v -0.157272 -0.200623 0.206284 0.0353 0.0392 0.0471
v -0.157425 0.109039 0.210434 0.0941 0.1098 0.1530
v -0.157455 -0.204285 0.327118 0.1020 0.1176 0.1608
v -0.157562 -0.237869 0.314545 0.0314 0.0353 0.0510
v -0.157593 0.384796 -0.043346 0.0667 0.0980 0.1490
v -0.157623 0.352600 -0.115829 0.0784 0.1137 0.1725
v -0.157623 -0.146347 0.106468 0.1686 0.0980 0.0431
v -0.157654 -0.025461 0.139389 0.0549 0.0588 0.0745
v -0.157700 -0.240814 -0.312134 0.0471 0.0627 0.0980
v -0.157806 -0.086678 -0.125183 0.0745 0.0902 0.1255
v -0.158020 -0.211823 0.263763 0.0196 0.0275 0.0235
v -0.158249 -0.124992 0.295929 0.1098 0.1294 0.1882
v -0.158279 0.311584 0.181152 0.0745 0.0980 0.1530
v -0.158432 -0.190628 -0.212906 0.0510 0.0627 0.0745
v -0.158493 0.112511 -0.192001 0.0863 0.1137 0.1530
v -0.158585 0.050819 0.177399 0.0745 0.0902 0.1255
v -0.158752 -0.084663 0.095535 0.1137 0.0784 0.0549
v -0.158859 -0.252228 0.333191 0.0980 0.1020 0.1176
v -0.158875 -0.071144 -0.105087 0.0392 0.0510 0.0706
v -0.158905 0.280548 0.204559 0.1020 0.1373 0.2039
v -0.158966 -0.065933 -0.120346 0.0745 0.0941 0.1176
v -0.159042 -0.390228 -0.391785 0.0392 0.0549 0.0902
v -0.159119 0.133224 0.218506 0.0941 0.1098 0.1569
v -0.159271 0.113174 -0.185226 0.0863 0.1098 0.1569
v -0.159363 0.373444 0.108994 0.0627 0.0941 0.1451
v -0.159409 0.012456 -0.134079 0.0549 0.0667 0.0902
v -0.159470 -0.176682 -0.118500 0.0314 0.0314 0.0235
v -0.159531 0.347809 0.148514 0.0706 0.0941 0.1490
v -0.159561 0.304047 -0.158691 0.0784 0.1059 0.1686
v -0.159607 0.284821 -0.172867 0.0745 0.1059 0.1647
v -0.159607 -0.228943 0.292633 0.0235 0.0275 0.0353
v -0.159637 0.271973 0.214508 0.1216 0.1569 0.2157
v -0.159668 -0.198181 0.225021 0.0314 0.0353 0.0431
v -0.159683 0.372803 -0.089165 0.0706 0.1137 0.1686
v -0.159729 -0.299713 0.356659 0.1020 0.1137 0.1333
v -0.159821 0.273468 -0.186569 0.0706 0.1059 0.1686
v -0.159851 -0.094215 -0.104546 0.0353 0.0471 0.0667
v -0.159851 -0.155716 -0.084061 0.0667 0.0549 0.0353
v -0.159882 0.086433 -0.177689 0.0863 0.1020 0.1490
v -0.159912 0.341949 -0.125305 0.0784 0.1176 0.1647
v -0.160141 0.223602 -0.198883 0.0784 0.0902 0.1490
v -0.160217 0.353577 0.141693 0.0627 0.0863 0.1412
v -0.160446 -0.261444 0.311096 0.0235 0.0275 0.0196
v -0.160538 -0.200409 0.303986 0.0588 0.0627 0.0627
v -0.160599 0.126190 -0.195709 0.0824 0.1059 0.1530
v -0.160767 0.038662 -0.148392 0.0745 0.0863 0.1216
v -0.160828 -0.261078 -0.287170 0.0353 0.0392 0.0549
v -0.160858 0.110893 0.204346 0.0902 0.1059 0.1530
v -0.160934 0.078606 -0.168777 0.0863 0.1020 0.1451
v -0.160995 0.330994 -0.135880 0.0745 0.1137 0.1647
v -0.161133 0.391296 -0.021805 0.0627 0.1020 0.1490
v -0.161133 -0.431061 0.376282 0.0863 0.0824 0.0902
v -0.161148 0.035450 0.164856 0.0706 0.0863 0.1216
v -0.161240 -0.061298 -0.104652 0.0431 0.0549 0.0745
v -0.161255 -0.362579 0.415558 0.0902 0.1059 0.1412
v -0.161270 -0.250488 -0.299164 0.0235 0.0275 0.0471
v -0.161316 0.023699 -0.142120 0.0667 0.0745 0.1176
v -0.161346 -0.149399 -0.295990 0.0157 0.0275 0.0824
v -0.161362 -0.222137 0.332703 0.1020 0.1137 0.1412
v -0.161484 0.062759 0.186935 0.0863 0.1020 0.1451
v -0.161499 -0.021313 0.134537 0.0549 0.0588 0.0745
v -0.161667 -0.226410 -0.310425 0.0510 0.0784 0.1216
v -0.161728 -0.247635 -0.304352 0.0314 0.0431 0.0667
v -0.161758 0.039738 0.173050 0.0706 0.0863 0.1216
v -0.161774 -0.377777 0.423248 0.0863 0.1020 0.1373
v -0.161789 -0.184082 0.298431 0.0196 0.0314 0.0510
v -0.161850 0.379211 -0.057323 0.0588 0.0863 0.1373
v -0.161911 -0.043690 0.116737 0.0549 0.0549 0.0667
v -0.161926 -0.228638 -0.285370 0.0196 0.0275 0.0431
v -0.161926 -0.252014 -0.292175 0.0235 0.0275 0.0431
v -0.161972 -0.004403 -0.123627 0.0549 0.0588 0.0784
v -0.162262 -0.219070 0.271179 0.0157 0.0157 0.0235
v -0.162308 0.283569 0.201324 0.0941 0.1294 0.1961
v -0.162369 -0.190903 -0.286499 0.0235 0.0314 0.0510
v -0.162460 -0.148056 -0.287842 0.0118 0.0275 0.0745
v -0.162506 -0.108505 0.089828 0.1569 0.0941 0.0392
v -0.162537 -0.332581 -0.352051 0.0392 0.0549 0.0902
v -0.162643 -0.209885 -0.308502 0.0706 0.0902 0.1294
v -0.162659 0.374298 0.102760 0.0588 0.0863 0.1490
v -0.162689 0.256897 0.220963 0.0980 0.1098 0.1686
v -0.162872 -0.155319 -0.301178 0.0902 0.1059 0.1647
v -0.162918 -0.118858 -0.123756 0.0510 0.0667 0.1020
v -0.163040 0.192535 -0.201202 0.0667 0.0902 0.1530
v -0.163162 -0.104607 0.116180 0.0235 0.0431 0.0588
v -0.163315 -0.314362 -0.333710 0.0392 0.0549 0.0902
v -0.163345 0.183975 0.228882 0.0784 0.1020 0.1569
v -0.163361 -0.070724 0.095276 0.0824 0.0588 0.0471
v -0.163391 0.062206 -0.161255 0.0784 0.0941 0.1294
v -0.163437 0.223862 0.226929 0.0745 0.0980 0.1569
v -0.163452 0.124954 0.208435 0.0863 0.1020 0.1490
v -0.163513 -0.162201 0.306549 0.0980 0.1255 0.1647
v -0.163544 0.385895 0.073921 0.0510 0.0941 0.1490
v -0.163681 0.300934 -0.154877 0.0824 0.1137 0.1686
v -0.163712 -0.211777 -0.295746 0.0275 0.0275 0.0431
v -0.163940 -0.026100 -0.112495 0.0510 0.0471 0.0667
v -0.163956 -0.188339 0.178391 0.0314 0.0471 0.0588
v -0.164062 -0.083809 0.105896 0.0510 0.0549 0.0510
v -0.164062 -0.150192 -0.283417 0.0157 0.0314 0.0745
v -0.164108 0.364471 -0.097176 0.0784 0.1176 0.1765
v -0.164169 0.318207 0.173553 0.0706 0.0941 0.1412
v -0.164185 0.157623 -0.199539 0.0824 0.1059 0.1530
v -0.164322 0.143036 -0.191238 0.0863 0.1059 0.1530
v -0.164337 0.387695 0.003731 0.0392 0.0745 0.1333
v -0.164383 -0.319244 0.373535 0.0941 0.1098 0.1451
v -0.164413 -0.258087 0.309082 0.0118 0.0196 0.0196
v -0.164459 0.389099 0.017883 0.0392 0.0745 0.1333
v -0.164459 -0.065735 0.127151 0.0706 0.0824 0.0863
v -0.164597 -0.431030 0.450775 0.0784 0.0902 0.1098
v -0.164673 -0.129272 -0.056263 0.0588 0.0431 0.0314
v -0.164719 0.008207 -0.130646 0.0588 0.0667 0.0824
v -0.164795 0.240997 -0.196213 0.0706 0.0980 0.1569
v -0.164871 -0.424042 0.449310 0.0824 0.0980 0.1294
v -0.164917 0.388000 -0.014120 0.0510 0.0902 0.1373
v -0.164978 -0.223862 -0.293091 0.0235 0.0275 0.0353
v -0.165039 -0.052296 0.115379 0.0510 0.0588 0.0549
v -0.165146 -0.344940 -0.357361 0.0392 0.0549 0.0902
v -0.165268 0.140289 0.214218 0.0863 0.1020 0.1490
v -0.165359 0.251068 -0.192123 0.0745 0.0980 0.1569
v -0.165405 0.165939 0.219925 0.0824 0.1059 0.1530
v -0.165909 -0.131958 0.144608 0.0588 0.0745 0.0863
v -0.165939 0.044720 0.167633 0.0745 0.0902 0.1255
v -0.166031 0.357635 0.127670 0.0510 0.0902 0.1373
v -0.166153 -0.058304 0.102852 0.0510 0.0627 0.0627
v -0.166168 -0.097702 -0.051743 0.0549 0.0431 0.0275
v -0.166229 0.388367 0.032501 0.0196 0.0667 0.1216
v -0.166260 -0.055027 -0.075020 0.0431 0.0431 0.0510
v -0.166275 0.346985 0.140076 0.0549 0.0863 0.1373
v -0.166275 -0.177551 0.137497 0.1647 0.0941 0.0392
v -0.166306 -0.170990 0.149673 0.0196 0.0235 0.0314
v -0.166489 0.240921 0.221924 0.0863 0.1098 0.1608
v -0.166504 0.080780 0.194656 0.0902 0.1059 0.1490
v -0.166519 -0.149841 0.101959 0.1569 0.0902 0.0275
v -0.166565 -0.162766 0.119118 0.1647 0.0980 0.0431
v -0.166580 -0.182999 0.314301 0.0941 0.1216 0.1608
v -0.166656 0.327759 0.162537 0.0667 0.0902 0.1373
v -0.166656 0.366272 0.112473 0.0588 0.0902 0.1412
v -0.166687 -0.000714 0.147552 0.0588 0.0627 0.0824
v -0.166702 0.252350 0.212891 0.0902 0.1137 0.1686
v -0.166794 0.248581 -0.186798 0.0824 0.1020 0.1530
v -0.166809 0.226562 -0.199707 0.0863 0.1020 0.1608
v -0.166824 -0.057289 -0.104805 0.0588 0.0706 0.0902
v -0.166855 0.031696 0.162811 0.0667 0.0784 0.1137
v -0.166916 -0.138092 0.092178 0.1530 0.0824 0.0275
v -0.166931 -0.087364 0.127991 0.0824 0.0863 0.1020
v -0.166946 -0.148636 -0.068489 0.0549 0.0431 0.0235
v -0.167053 -0.071762 -0.053303 0.0471 0.0471 0.0471
v -0.167145 -0.129913 0.279175 0.0275 0.0431 0.0902
v -0.167175 0.216141 0.226059 0.0824 0.1059 0.1608
v -0.167191 -0.281311 -0.298279 0.0275 0.0471 0.0627
v -0.167282 -0.242279 0.331207 0.1059 0.1176 0.1373
v -0.167328 -0.368774 -0.367950 0.0392 0.0549 0.0902
v -0.167343 0.372314 -0.059067 0.0706 0.1020 0.1530
v -0.167374 0.166107 -0.198578 0.0863 0.1098 0.1647
v -0.167404 0.121529 -0.184982 0.0863 0.1098 0.1569
v -0.167404 -0.055840 0.121880 0.0745 0.0667 0.0667
v -0.167419 -0.145508 -0.130402 0.0353 0.0549 0.0784
v -0.167435 -0.171036 -0.301910 0.0863 0.1137 0.1608
v -0.167450 0.038177 -0.141113 0.0706 0.0824 0.1176
v -0.167450 0.091736 0.199844 0.0902 0.1059 0.1490
v -0.167480 -0.162155 0.174850 0.0471 0.0588 0.0784
v -0.167526 -0.027472 -0.105064 0.0510 0.0471 0.0667
v -0.167618 0.313782 -0.143875 0.0745 0.1098 0.1647
v -0.167633 0.340973 0.147842 0.0588 0.0824 0.1373
v -0.167664 -0.032566 0.123276 0.0549 0.0510 0.0706
v -0.167862 0.320801 -0.136963 0.0784 0.1137 0.1725
v -0.167877 -0.145294 0.151627 0.0510 0.0627 0.0784
v -0.167923 -0.191620 0.155396 0.0314 0.0275 0.0235
v -0.167969 0.018269 -0.134277 0.0588 0.0706 0.1020
v -0.168015 0.270874 -0.167755 0.0745 0.1020 0.1647
v -0.168030 -0.184998 -0.139786 0.0235 0.0353 0.0510
v -0.168213 -0.232010 0.287811 0.0235 0.0275 0.0353
v -0.168274 -0.272003 0.314362 0.0745 0.0745 0.0824
v -0.168320 0.187515 0.221771 0.0824 0.1059 0.1608
v -0.168411 -0.230789 0.310547 0.0392 0.0431 0.0627
v -0.168442 0.266357 -0.177155 0.0824 0.1176 0.1765
v -0.168442 0.386810 0.059006 0.0392 0.0784 0.1255
v -0.168594 0.342987 -0.116241 0.0784 0.1137 0.1725
v -0.168732 0.198730 -0.202682 0.0824 0.1059 0.1608
v -0.168747 0.377747 0.086296 0.0471 0.0824 0.1412
v -0.168823 -0.075684 0.085350 0.0863 0.0667 0.0549
v -0.168823 -0.234467 0.298584 0.0314 0.0353 0.0510
v -0.168869 0.081497 0.185059 0.0902 0.1059 0.1490
v -0.168915 0.307739 0.182251 0.0745 0.0980 0.1451
v -0.168915 0.367554 -0.077972 0.0667 0.1020 0.1569
v -0.168930 0.224625 -0.197754 0.0824 0.1059 0.1608
v -0.169037 -0.088333 0.081314 0.1255 0.0824 0.0471
v -0.169052 0.060280 0.177353 0.0784 0.0941 0.1373
v -0.169067 -0.184784 -0.174713 0.0510 0.0627 0.0784
v -0.169205 -0.047993 0.106087 0.0510 0.0510 0.0588
v -0.169235 0.124580 0.208328 0.0863 0.1020 0.1490
v -0.169250 -0.198715 0.152573 0.0863 0.0549 0.0314
v -0.169388 0.097946 -0.172470 0.0902 0.1059 0.1490
v -0.169586 -0.238403 -0.304474 0.0549 0.0667 0.1059
v -0.169662 0.024906 0.155411 0.0627 0.0745 0.1098
v -0.169662 -0.172760 -0.104408 0.0353 0.0314 0.0235
v -0.169678 -0.112335 -0.094292 0.0314 0.0471 0.0588
v -0.169724 0.177948 -0.196320 0.0902 0.1137 0.1686
v -0.169724 0.265289 0.205811 0.1020 0.1333 0.1843
v -0.169800 0.219833 0.220718 0.0863 0.1098 0.1647
v -0.169876 -0.410370 0.436371 0.0824 0.0980 0.1333
v -0.169891 -0.252930 -0.276398 0.0275 0.0314 0.0510
v -0.170181 0.336609 -0.126343 0.0863 0.1255 0.1725
v -0.170273 0.205505 -0.194244 0.0824 0.1059 0.1608
v -0.170273 -0.212204 -0.250519 0.0118 0.0235 0.0431
v -0.170303 0.050468 -0.151321 0.0745 0.0902 0.1255
v -0.170349 0.167389 -0.195129 0.0784 0.1059 0.1686
v -0.170395 -0.000688 0.141678 0.0627 0.0667 0.0863
v -0.170456 -0.165070 -0.132462 0.0353 0.0431 0.0627
v -0.170502 0.145599 0.215363 0.0902 0.1059 0.1530
v -0.170547 -0.169968 0.174332 0.0431 0.0549 0.0745
v -0.170639 -0.122765 0.080986 0.1412 0.0784 0.0275
v -0.170731 -0.139572 -0.053440 0.0471 0.0314 0.0196
v -0.170761 -0.120293 0.278229 0.0118 0.0353 0.0824
v -0.170792 -0.132019 -0.120605 0.0431 0.0588 0.0941
v -0.170959 0.073593 -0.160706 0.0824 0.0980 0.1412
v -0.170990 -0.019377 0.131149 0.0510 0.0549 0.0745
v -0.171066 -0.148621 -0.097374 0.0314 0.0353 0.0510
v -0.171066 -0.175262 0.165726 0.0392 0.0510 0.0706
v -0.171219 0.282837 0.194473 0.1216 0.1530 0.2275
v -0.171265 -0.196762 0.177475 0.0353 0.0392 0.0471
v -0.171341 -0.182281 -0.279572 0.0235 0.0353 0.0627
v -0.171478 -0.206467 0.239563 0.0235 0.0275 0.0392
v -0.171524 -0.182312 -0.144440 0.0314 0.0431 0.0549
v -0.171570 -0.167755 0.139771 0.0235 0.0275 0.0353
v -0.172028 -0.062191 0.092712 0.0392 0.0510 0.0588
v -0.172211 -0.431061 0.271790 0.0902 0.0902 0.0902
v -0.172302 0.002730 0.147690 0.0627 0.0667 0.0863
v -0.172379 0.313568 -0.143936 0.0745 0.1098 0.1686
v -0.172424 -0.199112 0.187607 0.0353 0.0431 0.0431
v -0.172516 0.144135 0.211075 0.0941 0.1098 0.1569
v -0.172516 -0.205414 -0.231689 0.0196 0.0275 0.0510
v -0.172531 -0.163147 -0.277313 0.0039 0.0157 0.0510
v -0.172623 -0.233017 0.326538 0.1020 0.1137 0.1333
v -0.172974 -0.171143 0.122711 0.1412 0.0863 0.0431
v -0.173004 -0.230087 0.269745 0.0196 0.0196 0.0275
v -0.173019 -0.226700 0.305725 0.0431 0.0471 0.0667
v -0.173050 0.235703 -0.187180 0.0784 0.1020 0.1569
v -0.173065 0.378174 -0.037758 0.0667 0.0902 0.1451
v -0.173065 -0.061890 0.129898 0.0549 0.0471 0.0431
v -0.173355 0.136719 -0.182541 0.0941 0.1098 0.1569
v -0.173386 -0.099037 0.101395 0.0431 0.0431 0.0549
v -0.173416 -0.059742 -0.103256 0.0745 0.0863 0.1098
v -0.173477 0.240448 -0.177521 0.0745 0.0980 0.1530
v -0.173615 -0.076324 -0.040287 0.0314 0.0353 0.0353
v -0.173752 -0.112099 -0.038235 0.0275 0.0235 0.0078
v -0.173843 -0.138870 0.120071 0.0392 0.0431 0.0510
v -0.173859 0.110085 0.205124 0.0980 0.1137 0.1608
v -0.173859 0.160629 -0.192825 0.0824 0.1059 0.1608
v -0.173859 -0.121094 0.285217 0.1098 0.1333 0.1804
v -0.173874 0.304688 0.175262 0.0706 0.0980 0.1412
v -0.174026 0.104599 0.193420 0.0941 0.1098 0.1530
v -0.174042 -0.162079 0.165390 0.0431 0.0549 0.0745
v -0.174072 0.188507 -0.193497 0.0784 0.1020 0.1569
v -0.174072 -0.181519 -0.297913 0.0863 0.1137 0.1490
v -0.174179 0.064034 0.171432 0.0824 0.0980 0.1412
v -0.174225 0.238892 0.215820 0.0824 0.1059 0.1608
v -0.174225 -0.140671 0.277893 0.0314 0.0431 0.0745
v -0.174271 -0.253174 0.315643 0.0667 0.0667 0.0784
v -0.174286 -0.010218 -0.110268 0.0510 0.0549 0.0745
v -0.174347 0.291351 0.189270 0.0941 0.1216 0.1804
v -0.174347 -0.082977 0.092636 0.0353 0.0471 0.0471
v -0.174576 0.256989 0.204407 0.0902 0.1137 0.1686
v -0.174683 -0.123886 0.110291 0.0353 0.0392 0.0471
v -0.174713 0.155975 -0.185379 0.0863 0.1098 0.1647
v -0.174789 -0.192123 0.143845 0.0510 0.0353 0.0275
v -0.174850 0.035919 0.159210 0.0706 0.0863 0.1216
v -0.175110 -0.431091 -0.066032 0.0784 0.0824 0.0941
v -0.175217 -0.001290 -0.117523 0.0588 0.0627 0.0824
v -0.175232 0.278748 -0.161942 0.0784 0.1137 0.1804
v -0.175232 -0.410004 -0.378601 0.0314 0.0431 0.0784
v -0.175247 -0.058224 0.114380 0.0667 0.0627 0.0784
v -0.175308 0.348358 -0.101219 0.0941 0.1294 0.1882
v -0.175323 0.053867 -0.143494 0.0784 0.0941 0.1294
v -0.175461 -0.151749 -0.272705 0.0039 0.0196 0.0588
v -0.175598 0.018555 -0.124916 0.0627 0.0745 0.1020
v -0.175613 -0.068359 -0.041264 0.0353 0.0392 0.0431
v -0.175735 0.172287 -0.190826 0.0824 0.1059 0.1608
v -0.175980 0.217850 -0.182907 0.0784 0.1020 0.1569
v -0.176041 0.321289 0.164185 0.0706 0.0941 0.1412
v -0.176086 0.295654 -0.152786 0.0667 0.1020 0.1647
v -0.176132 -0.172012 0.288483 0.0235 0.0353 0.0667
v -0.176163 -0.088661 0.091118 0.0353 0.0431 0.0431
v -0.176178 0.211014 -0.190552 0.0784 0.1020 0.1569
v -0.176193 -0.188583 0.135513 0.1020 0.0667 0.0314
v -0.176254 0.066002 -0.152100 0.0824 0.0980 0.1333
v -0.176361 -0.066055 -0.082001 0.0471 0.0510 0.0667
v -0.176361 -0.138870 0.079880 0.1373 0.0745 0.0392
v -0.176697 0.322662 0.156296 0.0627 0.0863 0.1333
v -0.176727 0.197388 0.220367 0.1059 0.1294 0.1922
v -0.176743 0.193573 -0.191025 0.0824 0.1059 0.1608
v -0.176819 0.357422 -0.075760 0.0667 0.1059 0.1530
v -0.176865 0.169418 0.211121 0.0824 0.1059 0.1569
v -0.176865 0.378143 -0.018335 0.0549 0.0941 0.1412
v -0.176956 0.181976 0.219574 0.1020 0.1255 0.1804
v -0.176971 -0.162277 -0.077812 0.0431 0.0314 0.0235
v -0.177017 0.206009 -0.184464 0.0784 0.1020 0.1569
v -0.177032 -0.230209 0.298798 0.0275 0.0392 0.0471
v -0.177094 0.308411 -0.141937 0.0784 0.1137 0.1725
v -0.177216 0.215744 0.219070 0.0863 0.1098 0.1647
v -0.177231 -0.024027 0.119827 0.0510 0.0510 0.0706
v -0.177292 -0.104408 0.095161 0.0392 0.0431 0.0510
v -0.177475 -0.103645 0.066528 0.1098 0.0706 0.0392
v -0.177490 0.168884 -0.183044 0.0863 0.1098 0.1647
v -0.177490 -0.141129 -0.277161 0.0078 0.0235 0.0667
v -0.177505 -0.126129 -0.032787 0.0235 0.0196 0.0118
v -0.177582 0.232819 0.210129 0.0902 0.1098 0.1608
v -0.177597 -0.216660 0.297791 0.0275 0.0392 0.0588
v -0.177628 0.193466 -0.184967 0.0784 0.1020 0.1569
v -0.177673 -0.041954 -0.079353 0.0471 0.0431 0.0627
v -0.177673 -0.090118 -0.028358 0.0196 0.0157 0.0118
v -0.177750 -0.428528 0.439117 0.0784 0.0902 0.1255
v -0.177795 0.381409 0.051861 0.0510 0.0902 0.1373
v -0.177856 0.089378 0.189041 0.0941 0.1098 0.1530
v -0.177856 -0.213654 0.252289 0.0078 0.0196 0.0314
v -0.177887 -0.196304 0.198059 0.0314 0.0353 0.0510
v -0.178009 -0.189407 0.309113 0.0941 0.1216 0.1608
v -0.178024 -0.147873 0.085106 0.1451 0.0784 0.0353
v -0.178146 0.218491 0.213409 0.0863 0.1098 0.1647
v -0.178162 -0.029783 -0.090500 0.0471 0.0431 0.0627
v -0.178192 0.020008 0.155014 0.0627 0.0745 0.1020
v -0.178223 -0.161163 0.148849 0.0392 0.0510 0.0706
v -0.178268 -0.160721 -0.124802 0.0392 0.0510 0.0706
v -0.178421 -0.207397 0.309662 0.0980 0.1137 0.1490
v -0.178436 0.099823 -0.164062 0.0824 0.1098 0.1490
v -0.178482 0.322998 -0.129639 0.0745 0.1098 0.1686
v -0.178513 -0.168182 0.299164 0.0941 0.1294 0.1608
v -0.178513 -0.382172 -0.361603 0.0314 0.0471 0.0824
v -0.178574 -0.189575 0.165283 0.0392 0.0431 0.0510
v -0.178604 0.189163 0.213287 0.1137 0.1373 0.1922
v -0.178604 0.365692 0.094902 0.0627 0.0863 0.1412
v -0.178619 0.353271 -0.086174 0.0824 0.1216 0.1686
v -0.178848 -0.182541 0.121101 0.0510 0.0314 0.0157
v -0.178909 0.336365 -0.113251 0.0784 0.1176 0.1765
v -0.178955 -0.142487 0.106720 0.0314 0.0353 0.0510
v -0.179367 0.041161 -0.137726 0.0706 0.0863 0.1216
v -0.179443 -0.137070 -0.035645 0.0235 0.0196 0.0078
v -0.179474 -0.278961 -0.285339 0.0275 0.0431 0.0706
v -0.179504 -0.199509 0.233475 0.0196 0.0235 0.0392
v -0.179520 -0.147003 0.132202 0.0510 0.0627 0.0824
v -0.179581 0.227768 0.210098 0.0784 0.1020 0.1569
v -0.179596 -0.099098 -0.104614 0.0627 0.0784 0.1137
v -0.179642 -0.074959 0.065857 0.1020 0.0588 0.0431
v -0.179642 -0.430939 -0.371643 0.0588 0.0627 0.0784
v -0.179657 -0.185303 0.125351 0.0392 0.0353 0.0275
v -0.179855 0.192810 0.212265 0.0980 0.1216 0.1765
v -0.179977 -0.025209 -0.096817 0.0510 0.0471 0.0667
v -0.179977 -0.218491 -0.263702 0.0235 0.0275 0.0471
v -0.180008 -0.045639 0.101036 0.0471 0.0510 0.0667
v -0.180161 -0.061108 -0.043800 0.0392 0.0431 0.0510
v -0.180328 0.022400 0.143875 0.0667 0.0784 0.1059
v -0.180374 -0.198380 0.290497 0.0392 0.0392 0.0510
v -0.180405 -0.048119 -0.066574 0.0471 0.0471 0.0549
v -0.180511 -0.195755 -0.198883 0.0431 0.0549 0.0667
v -0.180710 0.262207 0.203201 0.1059 0.1333 0.1961
v -0.180786 -0.017469 -0.106369 0.0510 0.0549 0.0706
v -0.180847 -0.033821 0.113945 0.0471 0.0510 0.0667
v -0.181000 0.123764 0.197906 0.1020 0.1176 0.1647
v -0.181015 -0.149689 -0.052677 0.0353 0.0275 0.0157
v -0.181076 0.142502 -0.174606 0.0902 0.1020 0.1608
v -0.181091 -0.074150 0.106705 0.0784 0.0824 0.0902
v -0.181305 -0.067169 0.075424 0.0471 0.0471 0.0392
v -0.181320 -0.138077 -0.079811 0.0353 0.0392 0.0549
v -0.181366 0.271637 0.193268 0.0902 0.1255 0.1843
v -0.181381 -0.152786 0.290771 0.0980 0.1255 0.1647
v -0.181519 0.355286 0.108284 0.0588 0.0824 0.1373
v -0.181519 -0.431000 -0.266418 0.0863 0.0941 0.0941
v -0.181595 0.369446 -0.045666 0.0784 0.0902 0.1490
v -0.181686 -0.171661 -0.085266 0.0314 0.0235 0.0157
v -0.181747 -0.222229 -0.275177 0.0275 0.0314 0.0471
v -0.181854 0.288818 0.180801 0.0941 0.1255 0.1765
v -0.181992 -0.224136 0.287292 0.0235 0.0275 0.0353
v -0.182053 0.139359 0.207474 0.1020 0.1176 0.1647
v -0.182068 0.061924 0.171371 0.0784 0.0941 0.1373
v -0.182175 -0.057850 -0.075142 0.0431 0.0471 0.0627
v -0.182205 -0.210846 -0.281067 0.0275 0.0314 0.0471
v -0.182312 0.001036 0.133301 0.0627 0.0667 0.0863
v -0.182404 -0.167755 0.107300 0.0588 0.0392 0.0235
v -0.182419 0.094460 0.180801 0.0902 0.1059 0.1490
v -0.182434 -0.428589 -0.370544 0.0314 0.0392 0.0706
v -0.182465 -0.147583 0.075821 0.1098 0.0627 0.0196
v -0.182465 -0.183044 -0.165756 0.0510 0.0627 0.0784
v -0.182495 0.041088 -0.128891 0.0706 0.0863 0.1216
v -0.182571 -0.120865 -0.016470 0.0157 0.0157 0.0078
v -0.182602 -0.067978 -0.026449 0.0353 0.0392 0.0471
v -0.182632 0.064758 -0.146194 0.0824 0.0980 0.1333
v -0.182724 -0.197540 -0.277954 0.0118 0.0235 0.0510
v -0.182877 -0.056179 -0.089760 0.0706 0.0824 0.0980
v -0.182938 -0.141022 -0.278076 0.0157 0.0392 0.0863
v -0.182953 -0.185013 0.114922 0.0314 0.0275 0.0314
v -0.183060 -0.218414 -0.279938 0.0314 0.0353 0.0510
v -0.183136 -0.097054 -0.074402 0.0392 0.0431 0.0588
v -0.183289 0.337860 0.132111 0.0549 0.0863 0.1373
v -0.183365 -0.217407 -0.294647 0.0706 0.0863 0.1294
v -0.183517 -0.186417 -0.132690 0.0353 0.0392 0.0549
v -0.183578 0.371948 0.073105 0.0549 0.0863 0.1373
v -0.183609 0.343079 0.127045 0.0588 0.0902 0.1412
v -0.183853 -0.209824 0.239624 0.0157 0.0196 0.0353
v -0.183868 -0.036102 0.106026 0.0471 0.0510 0.0706
v -0.183990 -0.068550 -0.067368 0.0431 0.0471 0.0627
v -0.184006 -0.107841 0.076103 0.0314 0.0392 0.0510
v -0.184036 0.047489 0.156235 0.0745 0.0902 0.1255
v -0.184052 -0.077995 0.071503 0.0353 0.0510 0.0549
v -0.184052 -0.192947 -0.181274 0.0510 0.0667 0.0784
v -0.184204 -0.161499 0.095390 0.0667 0.0471 0.0235
v -0.184219 -0.081566 -0.007753 0.0235 0.0275 0.0314
v -0.184265 0.235153 0.209518 0.0863 0.1020 0.1608
v -0.184357 0.374939 -0.008198 0.0588 0.0980 0.1451
v -0.184555 -0.127365 0.079605 0.0314 0.0392 0.0353
v -0.184616 0.261871 -0.166534 0.0706 0.1059 0.1647
v -0.184616 -0.126480 0.264374 0.0275 0.0392 0.0824
v -0.184631 -0.223236 0.312378 0.0941 0.1098 0.1412
v -0.184692 0.011109 0.139465 0.0588 0.0706 0.0941
v -0.184708 -0.082809 0.050190 0.0980 0.0627 0.0314
v -0.184753 -0.361145 0.385498 0.0902 0.1059 0.1412
v -0.184799 -0.118851 0.263306 0.0235 0.0392 0.0824
v -0.184860 -0.135361 0.117332 0.0510 0.0667 0.0824
v -0.184967 0.223038 -0.179306 0.0706 0.0980 0.1530
v -0.184998 0.320465 0.152267 0.0627 0.0863 0.1333
v -0.185257 0.305542 -0.138214 0.0745 0.1098 0.1686
v -0.185272 0.249542 0.200394 0.0902 0.1137 0.1686
v -0.185333 -0.157516 0.087303 0.0863 0.0549 0.0275
v -0.185471 0.124092 0.195663 0.0980 0.1137 0.1608
v -0.185562 0.166000 0.210663 0.0902 0.1137 0.1686
v -0.185593 -0.052334 -0.075745 0.0549 0.0588 0.0745
v -0.185638 0.095734 -0.161514 0.0784 0.1059 0.1451
v -0.185684 -0.258026 0.280670 0.0314 0.0353 0.0353
v -0.185760 -0.104050 0.071365 0.0392 0.0392 0.0471
v -0.185806 0.375031 0.035725 0.0510 0.0863 0.1333
v -0.185806 -0.093796 0.104141 0.0745 0.0784 0.0941
v -0.185822 0.215118 0.211380 0.1020 0.1255 0.1804
v -0.185822 0.286774 -0.147766 0.0588 0.0941 0.1530
v -0.185822 0.322357 -0.121834 0.0784 0.1176 0.1765
v -0.185944 -0.070030 -0.010900 0.0314 0.0353 0.0431
v -0.185944 -0.140457 -0.023909 0.0235 0.0235 0.0157
v -0.185974 0.362518 0.085648 0.0588 0.0863 0.1412
v -0.185989 0.011840 -0.113739 0.0588 0.0706 0.0941
v -0.186035 -0.402954 -0.359863 0.0353 0.0431 0.0784
v -0.186310 0.188675 0.211884 0.1098 0.1333 0.1882
v -0.186447 -0.180008 -0.127701 0.0314 0.0353 0.0510
v -0.186462 -0.246796 0.309479 0.1020 0.0980 0.1176
v -0.186478 -0.160400 0.276794 0.0275 0.0353 0.0510
v -0.186630 0.277863 -0.157776 0.0667 0.1098 0.1804
v -0.186691 -0.175552 -0.272430 0.0235 0.0275 0.0549
v -0.186752 0.140121 -0.173721 0.1059 0.1294 0.1843
v -0.186813 -0.241852 -0.285522 0.0471 0.0627 0.0980
v -0.186905 0.023195 -0.122032 0.0667 0.0745 0.1216
v -0.187073 -0.070915 0.045456 0.0627 0.0471 0.0392
v -0.187210 -0.221878 0.285095 0.0275 0.0314 0.0353
v -0.187271 0.110809 0.185516 0.0902 0.1059 0.1490
v -0.187286 0.063225 -0.139008 0.0824 0.0980 0.1333
v -0.187317 0.204926 -0.181198 0.0863 0.1098 0.1647
v -0.187332 0.221390 0.209244 0.0863 0.1098 0.1608
v -0.187332 0.364990 -0.040890 0.0706 0.0941 0.1490
v -0.187363 0.370117 -0.021833 0.0588 0.0824 0.1373
v -0.187378 -0.166595 -0.069099 0.0314 0.0314 0.0118
v -0.187439 -0.144028 -0.066116 0.0314 0.0314 0.0353
v -0.187485 0.092484 -0.153854 0.0784 0.1059 0.1451
v -0.187500 -0.015167 0.122383 0.0549 0.0588 0.0784
v -0.187500 -0.079605 0.015508 0.0353 0.0314 0.0275
v -0.187500 -0.115234 -0.100075 0.0549 0.0706 0.1059
v -0.187515 -0.105400 0.045437 0.0941 0.0431 0.0078
v -0.187515 -0.117760 0.005246 0.0314 0.0196 0.0078
v -0.187576 -0.090561 -0.092819 0.0667 0.0824 0.1255
v -0.187851 -0.145844 -0.279175 0.0863 0.1098 0.1686
v -0.187881 -0.154694 0.078140 0.0549 0.0392 0.0157
v -0.187897 -0.021330 -0.093910 0.0549 0.0510 0.0706
v -0.187912 0.048340 0.150558 0.0745 0.0902 0.1255
v -0.188156 0.075951 0.165588 0.0902 0.1059 0.1490
v -0.188156 0.340179 0.120750 0.0627 0.0902 0.1451
v -0.188171 0.371735 0.062344 0.0549 0.0863 0.1373
v -0.188248 -0.204697 -0.214111 0.0118 0.0235 0.0471
v -0.188278 -0.092102 0.028978 0.0510 0.0314 0.0196
v -0.188354 0.185181 0.206268 0.1059 0.1294 0.1922
v -0.188431 -0.055733 -0.081512 0.0667 0.0706 0.0902
v -0.188461 -0.305786 0.332062 0.0980 0.1059 0.1216
v -0.188507 -0.253479 -0.260620 0.0392 0.0431 0.0588
v -0.188568 0.088814 0.179398 0.0902 0.1059 0.1490
v -0.188568 -0.220535 0.258698 0.0118 0.0275 0.0392
v -0.188583 -0.353302 -0.338562 0.0353 0.0510 0.0863
v -0.188629 -0.194885 0.209122 0.0275 0.0314 0.0471
v -0.188644 -0.149628 0.064888 0.0706 0.0471 0.0196
v -0.188644 -0.201630 -0.273865 0.0275 0.0235 0.0392
v -0.188660 0.286896 0.178299 0.0902 0.1137 0.1686
v -0.188721 0.211014 0.204208 0.0941 0.1176 0.1725
v -0.188797 0.159653 0.202057 0.1020 0.1176 0.1647
v -0.188873 -0.130310 0.051186 0.0863 0.0431 0.0078
v -0.188889 -0.006570 0.124542 0.0588 0.0627 0.0824
v -0.188965 0.297089 0.165634 0.0706 0.0941 0.1490
v -0.188980 0.321503 -0.114563 0.0784 0.1137 0.1725
v -0.189056 0.002694 -0.105865 0.0627 0.0667 0.0863
v -0.189072 0.304657 -0.133163 0.0706 0.1059 0.1647
v -0.189087 0.372864 0.043865 0.0471 0.0784 0.1294
v -0.189102 -0.254486 0.277679 0.0196 0.0235 0.0275
v -0.189133 0.339569 -0.093391 0.0941 0.1294 0.1882
v -0.189133 -0.111954 0.264801 0.0157 0.0392 0.0941
v -0.189270 -0.140594 -0.258636 0.0078 0.0235 0.0627
v -0.189285 0.179672 -0.180649 0.0784 0.1020 0.1569
v -0.189362 0.254883 -0.165878 0.0667 0.0980 0.1490
v -0.189423 -0.185684 0.280060 0.0353 0.0353 0.0471
v -0.189438 -0.149826 -0.259888 0.0196 0.0392 0.0667
v -0.189484 0.315125 0.149246 0.0588 0.0824 0.1294
v -0.189499 -0.044994 0.090874 0.0392 0.0353 0.0549
v -0.189514 0.220566 -0.176102 0.0784 0.1020 0.1569
v -0.189514 -0.085922 -0.050510 0.0392 0.0431 0.0588
v -0.189514 -0.331207 0.357056 0.0941 0.1098 0.1451
v -0.189529 -0.251343 0.297363 0.0667 0.0706 0.0667
v -0.189575 0.079872 0.173599 0.0902 0.1059 0.1490
v -0.189606 -0.068771 0.023945 0.0353 0.0353 0.0392
v -0.189682 -0.207886 0.283997 0.0314 0.0431 0.0627
v -0.189713 0.370270 0.054935 0.0549 0.0863 0.1373
v -0.189941 -0.388763 0.398254 0.0863 0.1020 0.1373
v -0.189972 -0.115852 0.272827 0.0980 0.1216 0.1686
v -0.190033 -0.051582 0.092560 0.0667 0.0745 0.0824
v -0.190033 -0.147995 0.069443 0.0392 0.0353 0.0157
v -0.190262 0.330994 -0.103073 0.0784 0.1137 0.1725
v -0.190308 0.047871 -0.129517 0.0745 0.0902 0.1255
v -0.190308 -0.192642 0.138580 0.0314 0.0353 0.0431
v -0.190369 -0.422333 -0.356689 0.0314 0.0353 0.0745
v -0.190445 0.364838 -0.035423 0.0667 0.0902 0.1451
v -0.190475 -0.417603 0.416534 0.0824 0.0980 0.1333
v -0.190628 -0.251282 -0.259430 0.0314 0.0353 0.0549
v -0.190628 -0.278320 -0.275208 0.0353 0.0353 0.0627
v -0.190643 -0.013631 0.116478 0.0549 0.0588 0.0784
v -0.190659 0.369568 0.000346 0.0510 0.0863 0.1373
v -0.190674 0.144058 0.193802 0.0902 0.1059 0.1530
v -0.190704 -0.145142 0.055454 0.0902 0.0392 0.0196
v -0.190735 -0.056995 -0.054420 0.0431 0.0471 0.0627
v -0.190765 -0.131989 0.005939 0.0353 0.0235 0.0157
v -0.190781 -0.199493 0.176483 0.0314 0.0353 0.0510
v -0.190964 0.128098 -0.166626 0.0824 0.1059 0.1530
v -0.191101 0.085976 -0.147827 0.0863 0.1020 0.1451
v -0.191132 0.369446 0.013654 0.0431 0.0824 0.1294
v -0.191223 -0.177475 0.291077 0.0941 0.1216 0.1647
v -0.191330 0.270569 0.186340 0.0863 0.1176 0.1765
v -0.191406 0.287170 -0.146378 0.0824 0.1176 0.1765
v -0.191559 -0.192520 0.156906 0.0353 0.0392 0.0471
v -0.191666 -0.240173 0.307037 0.1020 0.1020 0.1412
v -0.191696 -0.136154 -0.258209 0.0078 0.0235 0.0706
v -0.191788 0.154541 -0.171326 0.0863 0.1098 0.1647
v -0.191956 0.188232 0.202148 0.1216 0.1451 0.2078
v -0.191956 0.237778 -0.170670 0.0745 0.1020 0.1569
v -0.192001 0.230606 0.198654 0.0745 0.0980 0.1490
v -0.192017 0.064995 0.158722 0.0824 0.0980 0.1412
v -0.192093 -0.201141 -0.188416 0.0196 0.0353 0.0471
v -0.192184 0.342560 -0.081123 0.0745 0.1098 0.1686
v -0.192291 -0.128036 0.023399 0.0275 0.0235 0.0078
v -0.192291 -0.303375 -0.293091 0.0353 0.0471 0.0824
v -0.192429 0.319397 0.141571 0.0588 0.0824 0.1294
v -0.192459 0.098396 -0.154205 0.0824 0.1098 0.1490
v -0.192490 -0.031292 -0.078987 0.0510 0.0471 0.0667
v -0.192566 -0.160736 -0.049484 0.0275 0.0235 0.0118
v -0.192642 -0.059601 0.056408 0.0431 0.0471 0.0549
v -0.192673 -0.262390 0.274658 0.0549 0.0549 0.0549
v -0.192871 -0.067284 0.055847 0.0392 0.0431 0.0510
v -0.193008 0.190704 -0.175186 0.0902 0.1137 0.1725
v -0.193054 0.120193 -0.161011 0.0863 0.1098 0.1569
v -0.193054 -0.154404 0.282532 0.1020 0.1216 0.1647
v -0.193100 -0.247360 -0.269867 0.0353 0.0471 0.0745
v -0.193146 -0.146896 0.057121 0.0667 0.0314 0.0157
v -0.193146 -0.375732 0.385834 0.0863 0.1020 0.1373
v -0.193237 -0.132904 -0.042519 0.0314 0.0314 0.0353
v -0.193237 -0.202087 0.234360 0.0118 0.0157 0.0314
v -0.193405 -0.279846 0.291809 0.0863 0.0902 0.0980
v -0.193451 0.257355 -0.159409 0.0588 0.0980 0.1451
v -0.193451 -0.132324 0.033360 0.0392 0.0275 0.0078
v -0.193466 0.027443 -0.112595 0.0745 0.0863 0.1216
v -0.193558 -0.138824 0.044647 0.0431 0.0392 0.0118
v -0.193634 0.279663 0.174225 0.0902 0.1137 0.1765
v -0.193756 -0.203232 -0.200851 0.0118 0.0235 0.0431
v -0.193802 0.183151 0.197556 0.0863 0.1098 0.1686
v -0.193817 -0.224030 -0.285309 0.0706 0.0863 0.1294
v -0.193832 -0.119415 0.057484 0.0314 0.0314 0.0314
v -0.194016 -0.178955 -0.265839 0.0157 0.0353 0.0745
v -0.194046 -0.025642 0.105682 0.0510 0.0549 0.0745
v -0.194183 -0.156876 -0.033802 0.0314 0.0275 0.0118
v -0.194183 -0.431030 0.415405 0.0784 0.0824 0.1020
v -0.194305 0.022989 0.130539 0.0667 0.0784 0.1137
v -0.194305 -0.048344 -0.042217 0.0431 0.0431 0.0549
v -0.194351 0.301422 -0.127182 0.0784 0.1137 0.1725
v -0.194473 0.064156 -0.130157 0.0824 0.0980 0.1333
v -0.194489 0.043056 -0.119469 0.0706 0.0863 0.1255
v -0.194550 0.044613 0.149170 0.0745 0.0902 0.1255
v -0.194672 0.212570 0.197479 0.0863 0.1137 0.1608
v -0.194717 0.245102 0.193008 0.0784 0.1020 0.1569
v -0.194733 0.073639 -0.141388 0.0863 0.1020 0.1451
v -0.194748 0.275696 -0.148224 0.0784 0.1137 0.1725
v -0.194778 -0.217224 -0.254639 0.0275 0.0314 0.0471
v -0.194962 -0.072395 0.085472 0.0784 0.0824 0.0980
v -0.195007 -0.146545 0.002109 0.0157 0.0157 0.0039
v -0.195129 -0.335999 -0.317261 0.0314 0.0471 0.0824
v -0.195190 0.040081 0.140961 0.0706 0.0863 0.1216
v -0.195221 0.348663 -0.068192 0.0588 0.0941 0.1530
v -0.195221 -0.428772 0.417297 0.0784 0.0863 0.1176
v -0.195389 -0.082825 0.047123 0.0314 0.0392 0.0353
v -0.195709 -0.137680 0.047157 0.0314 0.0314 0.0039
v -0.195724 -0.171295 -0.280243 0.0902 0.1176 0.1569
v -0.195740 -0.183975 -0.146973 0.0431 0.0549 0.0667
v -0.195740 -0.193939 -0.282410 0.0784 0.1059 0.1451
v -0.195786 -0.158554 -0.105713 0.0314 0.0431 0.0627
v -0.195862 0.323669 0.134659 0.0549 0.0863 0.1373
v -0.195862 -0.186707 -0.124092 0.0235 0.0392 0.0510
v -0.195984 -0.162338 0.268585 0.0392 0.0431 0.0510
v -0.196091 -0.048809 -0.056084 0.0549 0.0588 0.0745
v -0.196091 -0.138916 0.256927 0.0353 0.0431 0.0667
v -0.196152 -0.139450 0.030752 0.0314 0.0196 0.0196
v -0.196167 0.099380 0.178940 0.0863 0.1020 0.1451
v -0.196198 0.300629 0.159866 0.0667 0.0902 0.1373
v -0.196274 0.205429 -0.173264 0.0863 0.1098 0.1725
v -0.196396 -0.186157 0.146667 0.0353 0.0471 0.0627
v -0.196594 0.226242 -0.168091 0.0784 0.1020 0.1569
v -0.196655 0.356659 0.076256 0.0549 0.0941 0.1412
v -0.196930 -0.056362 0.046444 0.0353 0.0510 0.0588
v -0.197083 0.289825 0.165359 0.0784 0.1020 0.1569
v -0.197113 -0.173065 0.133652 0.0314 0.0471 0.0667
v -0.197296 0.115639 -0.158249 0.0863 0.1137 0.1530
v -0.197433 0.142395 -0.164154 0.0863 0.1098 0.1647
v -0.197449 -0.009093 -0.092926 0.0549 0.0549 0.0745
v -0.197495 -0.143158 0.106598 0.0471 0.0627 0.0784
v -0.197540 -0.196365 0.287659 0.0980 0.1137 0.1569
v -0.197693 0.361633 -0.011308 0.0510 0.0745 0.1294
v -0.197906 -0.145752 0.013509 0.0275 0.0235 0.0157
v -0.197922 0.153595 -0.168991 0.0980 0.1216 0.1765
v -0.197922 -0.195099 0.184052 0.0314 0.0353 0.0510
v -0.197937 -0.195084 -0.177383 0.0196 0.0353 0.0471
v -0.198013 -0.084854 -0.075539 0.0706 0.0824 0.1059
v -0.198090 -0.049129 -0.026388 0.0392 0.0431 0.0549
v -0.198105 0.238419 -0.161743 0.0745 0.0980 0.1530
v -0.198135 -0.056900 0.027546 0.0471 0.0510 0.0588
v -0.198227 -0.196365 0.150040 0.0275 0.0314 0.0392
v -0.198242 -0.156845 -0.013727 0.0275 0.0196 0.0235
v -0.198441 0.076904 0.155350 0.0863 0.1020 0.1451
v -0.198517 -0.112068 0.264587 0.1020 0.1255 0.1725
v -0.198517 -0.152863 -0.028839 0.0275 0.0235 0.0235
v -0.198593 -0.132751 0.032429 0.0235 0.0235 0.0235
v -0.198730 -0.388824 -0.339081 0.0196 0.0314 0.0667
v -0.198746 0.036850 -0.114929 0.0745 0.0902 0.1333
v -0.198746 0.108017 0.171906 0.1020 0.1176 0.1647
v -0.198868 0.092659 -0.148041 0.0784 0.1059 0.1451
v -0.198868 0.259399 0.180725 0.0941 0.1176 0.1804
v -0.198883 0.124893 0.187729 0.0902 0.1059 0.1530
v -0.198914 -0.217224 -0.257690 0.0275 0.0314 0.0431
v -0.198959 -0.219147 0.268097 0.0235 0.0314 0.0471
v -0.198975 0.011982 -0.100868 0.0745 0.0745 0.1020
v -0.199020 -0.139999 -0.097435 0.0431 0.0549 0.0824
v -0.199081 0.333496 0.119530 0.0549 0.0824 0.1451
v -0.199112 -0.110176 0.247025 0.0196 0.0353 0.0824
v -0.199219 -0.234161 -0.276367 0.0588 0.0745 0.1176
v -0.199234 0.214630 -0.169754 0.0863 0.1098 0.1686
v -0.199249 0.164490 0.196228 0.1020 0.1176 0.1647
v -0.199249 -0.133011 -0.258057 0.0118 0.0314 0.0863
v -0.199646 -0.153992 -0.250092 0.0314 0.0392 0.0667
v -0.199661 0.177582 -0.171066 0.0784 0.1020 0.1569
v -0.199661 -0.098915 -0.028120 0.0353 0.0392 0.0510
v -0.199707 0.275024 0.173874 0.0863 0.1098 0.1647
v -0.199722 0.132065 -0.160095 0.0824 0.1059 0.1530
v -0.199860 -0.218506 0.252350 0.0078 0.0275 0.0431
v -0.199875 0.216721 -0.165253 0.1059 0.1294 0.1843
v -0.199936 -0.355438 -0.323303 0.0275 0.0392 0.0745
v -0.199982 0.206543 0.196625 0.0784 0.1020 0.1569
v -0.200043 0.148636 0.191284 0.0941 0.1098 0.1569
v -0.200058 -0.071960 -0.028540 0.0392 0.0549 0.0588
v -0.200104 0.234253 0.189819 0.0902 0.1137 0.1686
v -0.200150 0.168533 -0.165405 0.0863 0.1098 0.1647
v -0.200241 0.267090 -0.149231 0.0745 0.1020 0.1647
v -0.200272 0.118019 -0.155045 0.0824 0.1098 0.1530
v -0.200287 -0.043980 0.068420 0.0471 0.0431 0.0627
v -0.200302 0.283569 -0.138702 0.0667 0.1020 0.1608
v -0.200378 -0.034966 -0.069344 0.0471 0.0431 0.0627
v -0.200378 -0.139328 0.019142 0.0235 0.0235 0.0235
v -0.200394 -0.010036 0.109535 0.0588 0.0627 0.0824
v -0.200409 -0.084465 0.078789 0.0745 0.0784 0.0941
v -0.200439 0.307709 -0.118858 0.0824 0.1137 0.1765
v -0.200516 -0.139557 -0.244415 0.0118 0.0275 0.0745
v -0.200546 0.195663 -0.166199 0.1020 0.1255 0.1882
v -0.200562 -0.071930 0.024153 0.0392 0.0431 0.0510
v -0.200668 0.343170 0.091721 0.0549 0.0863 0.1412
v -0.200684 0.358582 0.069771 0.0549 0.0941 0.1412
v -0.200760 -0.148575 -0.007865 0.0235 0.0235 0.0235
v -0.200775 -0.051910 -0.057121 0.0431 0.0471 0.0627
v -0.201065 0.314789 -0.112610 0.0784 0.1137 0.1725
v -0.201218 0.272491 0.169327 0.0824 0.1137 0.1647
v -0.201279 -0.106949 0.249283 0.0118 0.0275 0.0706
v -0.201355 0.019659 0.126419 0.0667 0.0784 0.1137
v -0.201431 0.320648 0.127457 0.0510 0.0824 0.1333
v -0.201431 -0.430847 -0.334442 0.0275 0.0353 0.0588
v -0.201447 0.121544 0.179321 0.1020 0.1176 0.1647
v -0.201508 -0.020916 0.100151 0.0510 0.0549 0.0745
v -0.201523 -0.108665 -0.012978 0.0314 0.0353 0.0431
v -0.201660 -0.121063 0.090462 0.0510 0.0667 0.0784
v -0.201721 -0.076126 -0.018034 0.0431 0.0510 0.0706
v -0.201736 0.298401 0.150436 0.0627 0.0863 0.1333
v -0.201920 0.043396 -0.111717 0.0745 0.0902 0.1333
v -0.201920 -0.196243 0.201782 0.0078 0.0235 0.0353
v -0.201950 -0.102661 0.006992 0.0353 0.0353 0.0353
v -0.202087 0.240997 -0.158981 0.0784 0.1020 0.1569
v -0.202209 -0.308472 -0.285583 0.0314 0.0431 0.0784
v -0.202332 0.331238 0.112434 0.0510 0.0863 0.1451
v -0.202377 0.141495 -0.158615 0.0863 0.1098 0.1569
v -0.202393 0.340881 0.097488 0.0627 0.0902 0.1451
v -0.202499 0.288025 -0.129898 0.0824 0.1176 0.1765
v -0.202530 -0.161835 0.113335 0.0353 0.0471 0.0667
v -0.202621 -0.081261 0.004795 0.0431 0.0471 0.0549
v -0.202682 0.199127 0.193344 0.0980 0.1216 0.1765
v -0.202728 0.321960 -0.095978 0.0863 0.1216 0.1804
v -0.202850 -0.008957 -0.084106 0.0510 0.0627 0.0745
v -0.202866 0.359131 0.040123 0.0588 0.0824 0.1373
v -0.202942 0.090744 -0.133194 0.0784 0.1059 0.1451
v -0.203079 -0.118774 -0.082283 0.0510 0.0627 0.0980
v -0.203125 -0.195572 0.168228 0.0275 0.0353 0.0431
v -0.203430 0.098549 -0.139679 0.0784 0.1059 0.1451
v -0.203476 -0.061272 0.018717 0.0510 0.0549 0.0627
v -0.203537 0.357574 0.003232 0.0510 0.0824 0.1333
v -0.203537 -0.230682 0.294495 0.0902 0.1098 0.1490
v -0.203552 -0.035797 0.085114 0.0431 0.0471 0.0627
v -0.203568 0.345520 -0.058609 0.0784 0.1137 0.1725
v -0.203613 0.354645 -0.004837 0.0627 0.0941 0.1451
v -0.203766 -0.050789 0.066452 0.0706 0.0706 0.0784
v -0.203827 -0.071594 0.068474 0.0745 0.0784 0.0941
v -0.203873 0.255219 0.179749 0.0863 0.1098 0.1725
v -0.203903 -0.041191 -0.048534 0.0431 0.0392 0.0588
v -0.203918 0.069023 -0.126022 0.0824 0.0980 0.1412
v -0.204056 -0.050453 -0.033390 0.0706 0.0706 0.0824
v -0.204071 -0.157608 -0.095352 0.0314 0.0431 0.0706
v -0.204224 -0.065575 -0.000591 0.0510 0.0627 0.0667
v -0.204285 0.151749 0.187241 0.0902 0.1059 0.1530
v -0.204285 -0.032120 0.093864 0.0471 0.0510 0.0667
v -0.204529 0.350128 -0.039036 0.0706 0.1020 0.1530
v -0.204620 -0.048557 0.031914 0.0392 0.0431 0.0510
v -0.204681 0.220688 -0.163483 0.0902 0.1137 0.1725
v -0.204697 -0.043736 0.056049 0.0471 0.0431 0.0588
v -0.204865 -0.045811 -0.002658 0.0431 0.0471 0.0627
v -0.205017 0.332397 -0.079338 0.0667 0.1020 0.1608
v -0.205093 -0.212708 -0.255890 0.0235 0.0392 0.0510
v -0.205109 0.277405 0.162262 0.0824 0.1059 0.1608
v -0.205139 -0.020048 -0.079872 0.0549 0.0510 0.0706
v -0.205276 0.303253 -0.117096 0.0784 0.1059 0.1686
v -0.205276 -0.330322 -0.298187 0.0275 0.0431 0.0784
v -0.205307 0.355957 0.025412 0.0588 0.0902 0.1412
v -0.205383 0.176178 -0.162384 0.0824 0.1059 0.1686
v -0.205521 0.254059 -0.147049 0.0667 0.0941 0.1490
v -0.205521 -0.201141 -0.188797 0.0157 0.0275 0.0471
v -0.205551 -0.195129 0.128174 0.0314 0.0392 0.0471
v -0.205597 0.116440 -0.147156 0.0824 0.1098 0.1490
v -0.205597 0.229111 0.188034 0.0902 0.1059 0.1647
v -0.205643 0.236404 0.178375 0.0980 0.1216 0.1843
v -0.205704 0.226334 -0.157745 0.0824 0.1059 0.1608
v -0.205734 0.193817 -0.163055 0.1020 0.1255 0.1882
v -0.205765 0.212418 0.191086 0.1020 0.1255 0.1804
v -0.205963 -0.171585 0.274689 0.0980 0.1176 0.1569
v -0.205978 0.107368 0.167130 0.0902 0.1059 0.1530
v -0.206238 -0.187881 -0.112839 0.0314 0.0353 0.0510
v -0.206268 -0.194962 -0.271362 0.0784 0.0980 0.1412
v -0.206268 -0.212204 -0.223694 0.0157 0.0314 0.0431
v -0.206268 -0.431091 0.009210 0.0784 0.0902 0.0902
v -0.206329 0.212524 0.182312 0.0863 0.1137 0.1686
v -0.206345 -0.099403 0.072205 0.0627 0.0706 0.0863
v -0.206345 -0.129120 -0.237061 0.0157 0.0314 0.0784
v -0.206421 0.059406 -0.114563 0.0824 0.0980 0.1412
v -0.206436 -0.185577 -0.129852 0.0392 0.0510 0.0627
v -0.206451 0.190552 0.190674 0.1137 0.1373 0.2000
v -0.206528 0.306183 -0.108643 0.0863 0.1137 0.1765
v -0.206543 -0.052967 -0.020027 0.0627 0.0745 0.0745
v -0.206558 0.078079 0.151520 0.0863 0.1020 0.1451
v -0.206573 -0.134552 -0.254395 0.0745 0.0980 0.1530
v -0.206787 -0.190903 -0.158157 0.0392 0.0549 0.0667
v -0.206879 0.355682 0.035599 0.0588 0.0863 0.1412
v -0.206909 -0.114853 0.256989 0.0941 0.1176 0.1647
v -0.206940 0.194031 0.183578 0.1098 0.1333 0.1882
v -0.206985 0.214127 0.189102 0.0980 0.1216 0.1686
v -0.206985 -0.074966 -0.055584 0.0745 0.0902 0.0941
v -0.207016 0.136887 -0.154816 0.0863 0.1098 0.1569
v -0.207108 0.060745 0.141876 0.0824 0.0980 0.1412
v -0.207367 -0.043205 0.004112 0.0431 0.0471 0.0627
v -0.207413 -0.111450 0.236588 0.0235 0.0392 0.0745
v -0.207550 -0.250366 0.270844 0.0353 0.0353 0.0353
v -0.207611 -0.043507 0.039703 0.0314 0.0314 0.0392
v -0.207718 -0.208527 0.281799 0.0980 0.1098 0.1451
v -0.207733 -0.412079 -0.325012 0.0235 0.0353 0.0706
v -0.207932 -0.133118 0.086082 0.0549 0.0706 0.0863
v -0.207932 -0.225037 -0.268524 0.0706 0.0863 0.1294
v -0.207962 -0.018070 -0.074516 0.0549 0.0510 0.0745
v -0.208008 -0.343201 -0.305786 0.0314 0.0431 0.0784
v -0.208130 0.019485 -0.093857 0.0667 0.0706 0.1216
v -0.208313 0.056374 0.135437 0.0824 0.0980 0.1412
v -0.208328 -0.050621 -0.037712 0.0745 0.0745 0.0863
v -0.208359 0.287994 -0.128143 0.0706 0.0980 0.1608
v -0.208359 -0.048195 0.052643 0.0745 0.0745 0.0824
v -0.208527 -0.050022 0.007006 0.0510 0.0510 0.0588
v -0.208572 0.084785 -0.130249 0.0863 0.1020 0.1451
v -0.208664 0.006240 0.108856 0.0588 0.0706 0.0941
v -0.208786 -0.210678 0.259064 0.0275 0.0275 0.0431
v -0.208893 -0.050877 -0.006966 0.0510 0.0549 0.0627
v -0.208893 -0.126205 -0.241119 0.0078 0.0275 0.0784
v -0.208939 -0.195969 0.176575 0.0275 0.0314 0.0353
v -0.208984 -0.252808 -0.236267 0.0353 0.0471 0.0667
v -0.209045 0.037163 -0.099266 0.0784 0.0902 0.1255
v -0.209061 -0.212341 0.242783 0.0431 0.0275 0.0235
v -0.209152 -0.022774 0.095451 0.0510 0.0549 0.0745
v -0.209183 -0.145706 0.248169 0.0431 0.0471 0.0627
v -0.209229 0.143753 0.173889 0.0902 0.1059 0.1530
v -0.209259 -0.035629 0.062008 0.0471 0.0510 0.0706
v -0.209366 -0.134262 -0.231186 0.0196 0.0353 0.0784
v -0.209457 -0.291443 -0.263641 0.0275 0.0392 0.0627
v -0.209473 0.352814 0.053436 0.0549 0.0941 0.1412
v -0.209473 -0.195404 0.146347 0.0314 0.0353 0.0431
v -0.209503 0.232269 -0.151642 0.0706 0.0941 0.1490
v -0.209595 -0.193787 0.255737 0.0314 0.0314 0.0431
v -0.209656 -0.177246 -0.265900 0.0863 0.1137 0.1530
v -0.209686 -0.198013 -0.174103 0.0118 0.0275 0.0431
v -0.209839 -0.056416 -0.039951 0.0706 0.0745 0.0824
v -0.209854 0.154892 0.181137 0.0980 0.1137 0.1608
v -0.209854 0.254211 0.168350 0.1098 0.1333 0.1961
v -0.209961 0.335205 -0.062576 0.0824 0.1294 0.1843
v -0.210175 0.227798 0.177383 0.0941 0.1176 0.1765
v -0.210190 -0.184357 0.116173 0.0275 0.0431 0.0549
v -0.210220 -0.106934 0.247543 0.0980 0.1137 0.1608
v -0.210342 -0.368073 0.360901 0.0902 0.1020 0.1333
v -0.210358 -0.261292 -0.241806 0.0392 0.0510 0.0667
v -0.210434 0.283447 -0.123611 0.0902 0.1176 0.1804
v -0.210495 0.285553 0.149170 0.0627 0.0863 0.1412
v -0.210602 0.166733 -0.158066 0.0824 0.1059 0.1608
v -0.210602 0.213760 -0.154617 0.0902 0.1137 0.1725
v -0.210693 0.349365 -0.013120 0.0667 0.0980 0.1490
v -0.210693 -0.207718 -0.204163 0.0157 0.0275 0.0471
v -0.210724 0.347931 0.057869 0.0431 0.0902 0.1451
v -0.210724 -0.242264 0.281494 0.0863 0.0980 0.1255
v -0.210831 -0.426392 -0.316498 0.0196 0.0314 0.0667
v -0.210907 0.049644 -0.106438 0.0784 0.0941 0.1373
v -0.210907 0.255005 -0.141388 0.0706 0.1020 0.1530
v -0.210953 0.292419 0.141068 0.0627 0.0863 0.1412
v -0.211029 -0.140076 -0.072205 0.0392 0.0510 0.0706
v -0.211044 0.116417 0.158417 0.1020 0.1176 0.1647
v -0.211288 -0.032593 0.071854 0.0431 0.0471 0.0667
v -0.211304 -0.364319 -0.310852 0.0275 0.0392 0.0745
v -0.211319 -0.190933 -0.148041 0.0431 0.0471 0.0627
v -0.211517 0.269379 -0.135147 0.0824 0.1059 0.1686
v -0.211533 -0.000086 -0.083244 0.0588 0.0627 0.0824
v -0.211578 0.250275 -0.145142 0.0784 0.1098 0.1608
v -0.211746 -0.009930 -0.075027 0.0549 0.0588 0.0863
v -0.211792 -0.030407 -0.054443 0.0471 0.0431 0.0667
v -0.211853 -0.216019 0.251007 0.0353 0.0353 0.0353
v -0.211868 0.344299 -0.026075 0.0745 0.1059 0.1569
v -0.212036 0.317474 -0.087914 0.0745 0.1098 0.1686
v -0.212112 -0.002528 -0.077980 0.0588 0.0627 0.0824
v -0.212219 -0.121956 0.235733 0.0353 0.0471 0.0706
v -0.212280 -0.075699 0.045906 0.0784 0.0824 0.0902
v -0.212296 -0.048157 -0.017441 0.0706 0.0745 0.0784
v -0.212463 0.343536 0.064430 0.0471 0.0941 0.1490
v -0.212494 0.344666 -0.033031 0.0745 0.1137 0.1608
v -0.212494 0.347321 0.013043 0.0549 0.0902 0.1490
v -0.212509 -0.046135 0.025093 0.0157 0.0157 0.0235
v -0.212509 -0.430969 0.390411 0.0745 0.0863 0.1059
v -0.212524 0.144226 -0.146225 0.0824 0.1059 0.1530
v -0.212585 0.164215 0.173965 0.1020 0.1176 0.1686
v -0.212616 0.304565 0.126083 0.0627 0.0863 0.1412
v -0.212631 0.302094 -0.101570 0.0863 0.1216 0.1804
v -0.212631 -0.144028 -0.250427 0.0941 0.1176 0.1647
v -0.212692 0.178345 -0.154053 0.0824 0.1059 0.1608
v -0.212830 0.205673 0.179733 0.1020 0.1255 0.1804
v -0.212830 -0.080658 -0.045521 0.0667 0.0784 0.1098
v -0.212952 -0.052101 0.036121 0.0784 0.0745 0.0941
v -0.213028 -0.118698 -0.066620 0.0510 0.0627 0.0863
v -0.213120 0.032433 0.117912 0.0667 0.0824 0.1176
v -0.213226 -0.240982 -0.253296 0.0510 0.0667 0.1020
v -0.213242 0.113922 -0.140366 0.0784 0.1137 0.1490
v -0.213272 0.176178 0.180420 0.1020 0.1176 0.1647
v -0.213409 -0.230499 0.282166 0.0863 0.1137 0.1490
v -0.213516 -0.148361 0.260315 0.0980 0.1255 0.1647
v -0.213547 0.067184 -0.113525 0.0784 0.0941 0.1373
v -0.213623 0.094498 -0.121910 0.0784 0.1059 0.1451
v -0.213715 0.106583 -0.134109 0.0784 0.1137 0.1490
v -0.213776 0.323547 -0.076958 0.0784 0.1137 0.1725
v -0.213791 -0.208481 -0.261902 0.0784 0.0941 0.1373
v -0.213943 -0.252441 0.245956 0.0157 0.0235 0.0275
v -0.214081 -0.345825 -0.290833 0.0275 0.0392 0.0745
v -0.214127 0.137894 0.169601 0.1059 0.1216 0.1686
v -0.214142 -0.404938 0.377686 0.0824 0.0980 0.1333
v -0.214157 -0.431030 -0.197342 0.0902 0.0902 0.0980
v -0.214203 -0.205444 0.226807 0.0157 0.0196 0.0392
v -0.214310 0.054661 -0.101547 0.0824 0.0902 0.1373
v -0.214310 -0.148544 0.086655 0.0431 0.0549 0.0745
v -0.214371 -0.019131 -0.063820 0.0431 0.0471 0.0706
v -0.214401 -0.195618 0.112526 0.0353 0.0392 0.0510
v -0.214478 0.238876 -0.149231 0.0784 0.1020 0.1569
v -0.214508 0.193863 0.172607 0.1059 0.1294 0.1843
v -0.214523 0.236649 0.167938 0.0863 0.1098 0.1686
v -0.214569 -0.052612 -0.020746 0.0706 0.0824 0.0824
v -0.214645 -0.108330 -0.058167 0.0471 0.0627 0.0941
v -0.214722 0.151535 -0.146072 0.0824 0.1059 0.1530
v -0.214798 0.260406 -0.130859 0.0824 0.1059 0.1647
v -0.214798 -0.430969 -0.300446 0.0431 0.0471 0.0667
v -0.214951 0.282532 -0.116035 0.0863 0.1137 0.1765
v -0.214951 -0.177017 0.250610 0.0314 0.0353 0.0431
v -0.214966 0.294373 -0.108414 0.0784 0.1098 0.1686
v -0.215012 0.333008 0.085030 0.0549 0.0941 0.1490
v -0.215042 -0.010305 0.090157 0.0549 0.0588 0.0784
v -0.215149 -0.035557 -0.016432 0.0431 0.0471 0.0627
v -0.215195 -0.358185 -0.301178 0.0235 0.0353 0.0706
v -0.215240 0.230209 -0.144684 0.0667 0.0902 0.1451
v -0.215240 0.332520 -0.053673 0.0824 0.1176 0.1765
v -0.215240 0.341370 -0.012403 0.0627 0.1020 0.1490
v -0.215576 0.057346 0.130600 0.0784 0.0941 0.1373
v -0.215591 -0.114296 0.058990 0.0549 0.0667 0.0824
v -0.215607 -0.036259 -0.027029 0.0431 0.0471 0.0627
v -0.215805 0.134964 -0.142853 0.0824 0.1098 0.1530
v -0.215897 -0.073151 0.028339 0.0824 0.0863 0.0941
v -0.215912 -0.382019 -0.307068 0.0157 0.0275 0.0627
v -0.215912 -0.428467 0.388214 0.0824 0.0941 0.1216
v -0.215988 0.111969 -0.127594 0.0824 0.1098 0.1490
v -0.215988 -0.275360 0.257172 0.0745 0.0784 0.0824
v -0.216095 -0.193100 -0.134384 0.0392 0.0431 0.0510
v -0.216187 0.318756 0.103691 0.0588 0.0824 0.1373
v -0.216187 -0.327759 -0.279755 0.0235 0.0392 0.0745
v -0.216202 0.021912 0.103920 0.0627 0.0745 0.1098
v -0.216278 -0.049557 0.009131 0.0706 0.0706 0.0784
v -0.216309 -0.032543 -0.047523 0.0471 0.0431 0.0627
v -0.216400 -0.211029 -0.239258 0.0314 0.0471 0.0588
v -0.216507 -0.346924 0.338623 0.0863 0.0980 0.1255
v -0.216522 0.110626 0.154938 0.0941 0.1098 0.1530
v -0.216629 -0.108223 0.242157 0.0980 0.1176 0.1647
v -0.216675 -0.257172 0.240417 0.0510 0.0510 0.0549
v -0.216721 -0.053841 -0.006478 0.0784 0.0784 0.0863
v -0.216721 -0.150696 -0.225540 0.0235 0.0392 0.0745
v -0.216751 -0.034233 0.015881 0.0392 0.0431 0.0588
v -0.216751 -0.303162 0.291656 0.0941 0.0980 0.1059
v -0.217010 0.289673 0.136429 0.0627 0.0863 0.1412
v -0.217026 0.217621 -0.152237 0.0863 0.1098 0.1647
v -0.217056 -0.246490 -0.237701 0.0392 0.0510 0.0745
v -0.217087 0.188705 -0.152481 0.0863 0.1098 0.1725
v -0.217133 -0.100655 0.226776 0.0118 0.0275 0.0706
v -0.217133 -0.212067 0.246765 0.0510 0.0353 0.0275
v -0.217224 -0.102707 0.222214 0.0235 0.0353 0.0784
v -0.217361 0.191330 -0.146927 0.0745 0.0980 0.1569
v -0.217361 0.341217 -0.002090 0.0745 0.1098 0.1686
v -0.217361 -0.031918 0.056007 0.0431 0.0471 0.0667
v -0.217392 -0.246979 0.264191 0.0784 0.0863 0.0980
v -0.217697 0.016321 -0.080376 0.0667 0.0745 0.1137
v -0.217697 0.246674 0.162827 0.0980 0.1216 0.1843
v -0.217712 -0.264862 0.244507 0.0588 0.0627 0.0706
v -0.218018 -0.014547 -0.056824 0.0510 0.0510 0.0745
v -0.218018 -0.015440 0.080544 0.0510 0.0549 0.0745
v -0.218048 0.337067 -0.025784 0.0627 0.1020 0.1530
v -0.218201 0.339508 0.047539 0.0588 0.0980 0.1530
v -0.218552 0.023027 -0.085175 0.0706 0.0824 0.1176
v -0.218582 -0.330414 0.318817 0.0863 0.0980 0.1176
v -0.218628 -0.250549 -0.222672 0.0235 0.0353 0.0549
v -0.218735 0.320801 -0.066788 0.0784 0.1137 0.1725
v -0.218735 -0.030703 -0.038162 0.0471 0.0471 0.0667
v -0.218842 -0.103195 -0.044380 0.0510 0.0667 0.0980
v -0.218948 -0.190735 -0.108147 0.0314 0.0353 0.0510
v -0.218994 0.158737 0.163239 0.1176 0.1294 0.1882
v -0.219070 -0.022366 0.064095 0.0471 0.0471 0.0784
v -0.219086 -0.093536 -0.034542 0.0667 0.0784 0.1020
v -0.219116 -0.140930 -0.220306 0.0275 0.0392 0.0706
v -0.219208 0.303894 0.117455 0.0588 0.0824 0.1373
v -0.219223 0.084526 0.140167 0.0941 0.1098 0.1530
v -0.219254 -0.076790 0.003769 0.0784 0.0824 0.0980
v -0.219269 0.338837 -0.019892 0.0824 0.1216 0.1686
v -0.219284 -0.001688 -0.073189 0.0588 0.0627 0.0824
v -0.219559 0.319611 0.093910 0.0549 0.0863 0.1412
v -0.219666 -0.199036 -0.137711 0.0353 0.0392 0.0510
v -0.220001 0.099541 0.149384 0.0902 0.1059 0.1490
v -0.220032 -0.032707 -0.002702 0.0431 0.0471 0.0549
v -0.220032 -0.102356 0.031635 0.0549 0.0667 0.0863
v -0.220047 0.223175 -0.141541 0.0784 0.1020 0.1569
v -0.220062 -0.209381 0.267822 0.0902 0.1098 0.1490
v -0.220139 0.206879 0.167923 0.0941 0.1176 0.1725
v -0.220169 -0.191818 -0.090134 0.0353 0.0392 0.0471
v -0.220276 0.044197 -0.091614 0.0784 0.0941 0.1373
v -0.220352 0.057434 -0.097054 0.0784 0.0941 0.1373
v -0.220367 0.338531 0.018749 0.0627 0.0980 0.1569
v -0.220490 -0.087975 -0.017570 0.0667 0.0784 0.0980
v -0.220505 -0.196930 0.123070 0.0353 0.0392 0.0471
v -0.220627 0.304443 0.110451 0.0588 0.0824 0.1451
v -0.220749 0.135803 -0.135803 0.0824 0.1059 0.1530
v -0.220810 0.284729 0.130661 0.0627 0.0863 0.1412
v -0.220901 -0.197678 0.104202 0.0314 0.0353 0.0431
v -0.220978 -0.178223 0.258728 0.0941 0.1137 0.1530
v -0.221115 -0.188248 0.241623 0.0392 0.0431 0.0588
v -0.221176 0.334778 -0.000005 0.0627 0.0980 0.1569
v -0.221191 -0.029398 0.040382 0.0431 0.0471 0.0667
v -0.221222 0.181259 0.167480 0.0980 0.1216 0.1686
v -0.221359 -0.208817 0.243454 0.0706 0.0667 0.0745
v -0.221375 0.136139 0.154724 0.0902 0.1098 0.1608
v -0.221451 0.289948 -0.099785 0.0784 0.1137 0.1725
v -0.221542 0.305695 -0.083038 0.0706 0.1059 0.1647
v -0.221634 0.243729 0.154694 0.0863 0.1098 0.1725
v -0.221725 0.255859 -0.123299 0.0706 0.0941 0.1490
v -0.221741 0.098251 -0.117737 0.0824 0.1098 0.1490
v -0.221786 -0.374695 -0.287140 0.0118 0.0235 0.0588
v -0.221802 0.216553 0.161682 0.0941 0.1176 0.1686
v -0.221832 -0.404968 -0.286377 0.0078 0.0196 0.0549
v -0.221909 0.329224 0.073509 0.0588 0.0941 0.1608
v -0.221909 -0.193726 -0.233154 0.0314 0.0431 0.0706
v -0.221954 -0.095406 0.006225 0.0588 0.0706 0.0902
v -0.221970 0.052074 0.115967 0.0784 0.0941 0.1294
v -0.221970 0.180756 0.162277 0.0902 0.1137 0.1686
v -0.221970 -0.212845 -0.221558 0.0275 0.0431 0.0549
v -0.222031 -0.132629 0.245728 0.0980 0.1255 0.1647
v -0.222092 0.021076 0.101227 0.0667 0.0784 0.1059
v -0.222214 -0.358887 -0.281372 0.0157 0.0275 0.0627
v -0.222244 -0.022995 0.056000 0.0471 0.0510 0.0706
v -0.222244 -0.142685 -0.058407 0.0392 0.0510 0.0706
v -0.222275 -0.197861 0.093811 0.0353 0.0392 0.0471
v -0.222290 0.273346 -0.115181 0.0863 0.1137 0.1765
v -0.222290 -0.164886 0.080444 0.0353 0.0471 0.0667
v -0.222321 0.325287 -0.050007 0.0588 0.0941 0.1530
v -0.222427 -0.430969 -0.273834 0.0549 0.0706 0.0824
v -0.222458 -0.029182 0.025370 0.0392 0.0431 0.0588
v -0.222473 -0.167084 -0.074173 0.0275 0.0392 0.0588
v -0.222656 0.022804 -0.077408 0.0706 0.0824 0.1176
v -0.222900 -0.099998 0.225861 0.0627 0.0784 0.1216
v -0.222977 -0.208160 0.230133 0.0275 0.0314 0.0431
v -0.223129 -0.002286 0.077431 0.0588 0.0627 0.0824
v -0.223221 0.260071 0.144730 0.0824 0.1059 0.1608
v -0.223236 0.164917 -0.140381 0.0745 0.0980 0.1451
v -0.223282 0.087631 -0.113235 0.0863 0.1020 0.1451
v -0.223480 0.266296 -0.112137 0.0667 0.1020 0.1608
v -0.223679 0.086441 0.134537 0.0863 0.1020 0.1490
v -0.224014 0.226730 -0.134384 0.0667 0.0902 0.1451
v -0.224136 -0.024321 -0.014581 0.0471 0.0510 0.0706
v -0.224167 -0.355743 0.336090 0.0902 0.1020 0.1294
v -0.224258 -0.379791 0.352203 0.0824 0.0941 0.1216
v -0.224350 -0.115211 -0.033852 0.0510 0.0627 0.0902
v -0.224365 -0.125046 -0.227631 0.0745 0.1020 0.1451
v -0.224396 0.014048 -0.068489 0.0588 0.0706 0.1020
v -0.224411 0.332794 -0.011523 0.0784 0.1137 0.1725
v -0.224564 -0.201706 -0.156693 0.0157 0.0196 0.0392
v -0.224670 -0.408752 0.364594 0.0824 0.0980 0.1333
v -0.224777 -0.015357 -0.048508 0.0549 0.0549 0.0824
v -0.224838 0.320496 -0.045757 0.0902 0.1333 0.1961
v -0.224869 -0.148376 0.230469 0.0353 0.0471 0.0667
v -0.225067 -0.430969 0.338287 0.0863 0.0863 0.0863
v -0.225098 0.193924 -0.139343 0.0784 0.1020 0.1569
v -0.225159 -0.138458 0.049763 0.0431 0.0549 0.0745
v -0.225174 -0.130676 -0.047314 0.0431 0.0549 0.0824
v -0.225220 0.171051 0.156357 0.0980 0.1098 0.1686
v -0.225250 -0.428925 -0.271515 0.0196 0.0314 0.0588
v -0.225281 0.334015 0.007071 0.0627 0.0980 0.1569
v -0.225479 -0.023113 -0.024216 0.0510 0.0549 0.0784
v -0.225494 -0.166595 -0.221115 0.0235 0.0353 0.0706
v -0.225525 0.151794 -0.130203 0.0902 0.1059 0.1530
v -0.225739 0.205902 0.155441 0.0980 0.1176 0.1725
v -0.225800 -0.289520 -0.239578 0.0235 0.0353 0.0706
v -0.225983 0.112785 0.145935 0.1216 0.1373 0.1843
v -0.226044 0.311920 0.091858 0.0471 0.0863 0.1373
v -0.226074 -0.200241 0.237900 0.0353 0.0510 0.0627
v -0.226135 0.122559 0.152267 0.1020 0.1137 0.1725
v -0.226151 -0.020531 0.032455 0.0431 0.0471 0.0667
v -0.226196 0.329773 0.052235 0.0588 0.0941 0.1530
v -0.226288 0.286591 -0.093880 0.0824 0.1098 0.1725
v -0.226288 -0.253357 -0.206253 0.0314 0.0431 0.0627
v -0.226303 0.132416 -0.126892 0.0824 0.1098 0.1490
v -0.226334 -0.012263 -0.040390 0.0510 0.0588 0.0824
v -0.226334 -0.151855 0.061749 0.0353 0.0471 0.0667
v -0.226456 -0.147873 -0.052132 0.0353 0.0471 0.0667
v -0.226456 -0.204361 0.205719 0.0157 0.0235 0.0392
v -0.226562 -0.197372 -0.074104 0.0392 0.0431 0.0431
v -0.226593 0.009964 0.083862 0.0588 0.0706 0.0941
v -0.226608 -0.342804 -0.269226 0.0157 0.0275 0.0627
v -0.226639 -0.203354 -0.116440 0.0275 0.0353 0.0392
v -0.226654 -0.204849 0.087143 0.0353 0.0392 0.0471
v -0.226685 -0.019720 0.010697 0.0431 0.0471 0.0706
v -0.226761 -0.100563 0.204712 0.0353 0.0510 0.0941
v -0.226837 0.015970 -0.062088 0.0706 0.0745 0.1020
v -0.226898 -0.234955 -0.238403 0.0549 0.0706 0.1059
v -0.227036 0.078186 0.127670 0.0863 0.1020 0.1490
v -0.227081 -0.179337 -0.071182 0.0314 0.0392 0.0549
v -0.227142 0.310272 -0.062191 0.0784 0.1059 0.1686
v -0.227386 -0.118042 -0.203476 0.0275 0.0431 0.0863
v -0.227402 -0.016884 0.051426 0.0510 0.0510 0.0824
v -0.227402 -0.208069 -0.126266 0.0275 0.0314 0.0471
v -0.227524 0.328552 0.030788 0.0667 0.1020 0.1608
v -0.227631 0.054043 0.108170 0.0745 0.0902 0.1373
v -0.227646 0.025566 0.090355 0.0627 0.0784 0.1137
v -0.227661 -0.194260 -0.089668 0.0353 0.0392 0.0471
v -0.227676 -0.212997 -0.205139 0.0235 0.0392 0.0510
v -0.227737 0.217545 -0.128281 0.0706 0.0941 0.1490
v -0.227753 -0.248932 0.238800 0.0314 0.0353 0.0549
v -0.227814 -0.017582 -0.033615 0.0549 0.0588 0.0745
v -0.227814 -0.120941 -0.004694 0.0431 0.0549 0.0824
v -0.227890 -0.016855 0.004979 0.0510 0.0510 0.0667
v -0.227966 -0.155991 0.244873 0.0941 0.1216 0.1608
v -0.228073 0.013170 -0.055882 0.0706 0.0706 0.1059
v -0.228134 0.305939 -0.072212 0.0706 0.0980 0.1608
v -0.228180 0.180664 -0.130600 0.0824 0.1059 0.1530
v -0.228210 0.022427 -0.075233 0.0706 0.0824 0.1176
v -0.228287 -0.194138 -0.101509 0.0353 0.0392 0.0471
v -0.228287 -0.201294 0.147568 0.0314 0.0353 0.0510
v -0.228363 0.320374 -0.035439 0.0667 0.1020 0.1608
v -0.228455 -0.274231 -0.221832 0.0196 0.0314 0.0588
v -0.228485 -0.013010 0.046703 0.0510 0.0510 0.0824
v -0.228622 0.222275 0.151840 0.0863 0.1098 0.1686
v -0.228653 -0.145630 0.048275 0.0353 0.0471 0.0667
v -0.228745 0.321930 0.065063 0.0627 0.0980 0.1569
v -0.228760 -0.397858 -0.269867 0.0039 0.0157 0.0510
v -0.228775 -0.132675 0.024193 0.0392 0.0510 0.0706
v -0.228836 -0.144730 -0.038124 0.0353 0.0471 0.0667
v -0.228943 -0.021173 -0.000707 0.0471 0.0431 0.0588
v -0.229004 -0.125381 0.213089 0.0353 0.0471 0.0745
v -0.229034 0.327972 -0.002948 0.0667 0.1020 0.1608
v -0.229080 -0.151184 -0.228546 0.0902 0.1176 0.1569
v -0.229111 0.081154 -0.098991 0.0824 0.1020 0.1451
v -0.229294 0.269470 0.127457 0.0745 0.0980 0.1530
v -0.229355 0.113472 0.142609 0.1098 0.1255 0.1725
v -0.229370 -0.177139 0.068016 0.0314 0.0431 0.0627
v -0.229446 -0.202896 0.179794 0.0196 0.0275 0.0471
v -0.229507 0.002060 0.064713 0.0588 0.0667 0.0941
v -0.229507 -0.206039 -0.177185 0.0196 0.0235 0.0431
v -0.229584 -0.133316 0.001788 0.0392 0.0510 0.0706
v -0.229599 0.047379 -0.080292 0.0784 0.0941 0.1333
v -0.229599 0.262878 0.133606 0.0706 0.0941 0.1490
v -0.229706 0.288483 -0.083405 0.0784 0.1059 0.1686
v -0.229706 -0.312866 0.283234 0.0941 0.0980 0.1137
v -0.229813 -0.141769 -0.200562 0.0314 0.0471 0.0824
v -0.229813 -0.259613 0.220627 0.0588 0.0627 0.0706
v -0.229828 0.295532 0.102608 0.0549 0.0824 0.1451
v -0.229904 -0.428223 0.366943 0.0784 0.0902 0.1176
v -0.229919 0.157852 0.154755 0.1020 0.1216 0.1686
v -0.230042 0.249512 -0.120979 0.0706 0.0941 0.1490
v -0.230103 0.060406 0.110687 0.0824 0.0980 0.1451
v -0.230118 -0.009216 -0.034710 0.0510 0.0588 0.0824
v -0.230148 -0.014158 0.025732 0.0471 0.0510 0.0745
v -0.230209 0.319885 -0.020269 0.0706 0.1059 0.1647
v -0.230240 -0.197769 -0.058205 0.0353 0.0392 0.0471
v -0.230270 -0.171188 -0.053696 0.0275 0.0392 0.0588
v -0.230316 0.133347 -0.120712 0.0941 0.1098 0.1569
v -0.230438 -0.204391 0.068161 0.0392 0.0431 0.0431
v -0.230591 -0.282532 0.245270 0.0784 0.0824 0.0902
v -0.230637 -0.122139 -0.196274 0.0314 0.0471 0.0784
v -0.230804 0.151459 0.149139 0.1176 0.1294 0.1882
v -0.230835 -0.112305 0.225342 0.0941 0.1216 0.1686
v -0.230896 -0.387878 0.347260 0.0824 0.0941 0.1176
v -0.230911 -0.010420 -0.014668 0.0588 0.0627 0.0824
v -0.230911 -0.012300 0.038822 0.0471 0.0549 0.0824
v -0.230942 -0.202225 -0.060791 0.0431 0.0471 0.0549
v -0.231033 0.185867 0.154007 0.0941 0.1176 0.1765
v -0.231094 0.291962 0.109337 0.0627 0.0902 0.1530
v -0.231094 -0.250061 -0.198792 0.0235 0.0353 0.0549
v -0.231232 0.167404 0.153473 0.0863 0.1098 0.1647
v -0.231323 -0.004353 0.018652 0.0510 0.0627 0.0863
v -0.231339 -0.186569 -0.236359 0.0745 0.1020 0.1412
v -0.231354 0.112167 -0.110298 0.0824 0.1098 0.1490
v -0.231491 -0.097313 0.212555 0.0627 0.0824 0.1255
v -0.231644 0.324738 0.039112 0.0588 0.0941 0.1530
v -0.231689 0.323273 0.006780 0.0784 0.1137 0.1725
v -0.231857 -0.244247 -0.217133 0.0510 0.0627 0.0902
v -0.231995 -0.006036 0.008134 0.0549 0.0627 0.0863
v -0.232147 0.121155 0.136475 0.0941 0.1098 0.1569
v -0.232193 -0.165482 0.054592 0.0314 0.0431 0.0627
v -0.232376 0.061230 -0.086639 0.0824 0.0980 0.1412
v -0.232422 -0.311707 -0.242065 0.0196 0.0275 0.0667
v -0.232559 -0.251648 0.212540 0.0314 0.0431 0.0471
v -0.232620 0.117981 -0.116692 0.0824 0.1059 0.1451
v -0.232620 0.228241 -0.125870 0.0667 0.0902 0.1451
v -0.232635 0.304596 -0.059437 0.1137 0.1373 0.1961
v -0.232681 -0.206406 -0.214203 0.0353 0.0471 0.0667
v -0.232697 0.038342 -0.075706 0.0745 0.0902 0.1255
v -0.232697 0.307831 -0.047546 0.0667 0.0941 0.1569
v -0.232742 0.317627 0.045799 0.0510 0.0863 0.1451
v -0.232819 0.319855 -0.001916 0.0627 0.0980 0.1569
v -0.232849 0.276581 0.118034 0.0745 0.0980 0.1530
v -0.232864 0.219650 0.143372 0.0902 0.1137 0.1647
v -0.232864 -0.094177 0.198517 0.0196 0.0314 0.0784
v -0.232925 -0.007152 -0.019947 0.0549 0.0627 0.0824
v -0.232956 -0.151093 0.035095 0.0353 0.0471 0.0667
v -0.233078 -0.199371 0.124435 0.0353 0.0392 0.0471
v -0.233139 0.095963 0.129593 0.0902 0.1059 0.1530
v -0.233231 0.218994 -0.119209 0.0667 0.0902 0.1412
v -0.233261 0.141602 0.143585 0.1020 0.1176 0.1647
v -0.233307 -0.170532 -0.230270 0.0863 0.1137 0.1530
v -0.233322 0.147537 -0.126556 0.0941 0.1098 0.1569
v -0.233444 -0.158859 -0.025969 0.0353 0.0431 0.0627
v -0.233444 -0.372986 0.334045 0.0706 0.0824 0.1020
v -0.233459 -0.204163 -0.036152 0.0471 0.0471 0.0510
v -0.233505 -0.342133 0.307190 0.0824 0.0941 0.1137
v -0.233643 -0.431000 0.280487 0.0902 0.0902 0.0902
v -0.233688 0.247467 0.136520 0.0941 0.1176 0.1725
v -0.233780 0.011165 0.056541 0.0627 0.0706 0.1059
v -0.233795 0.171112 0.148346 0.1059 0.1294 0.1843
v -0.233871 0.319611 0.020445 0.0745 0.1098 0.1686
v -0.234039 -0.176254 0.238953 0.0941 0.1176 0.1569
v -0.234085 0.074394 -0.091125 0.0824 0.0980 0.1412
v -0.234085 0.197205 0.148148 0.1608 0.1843 0.2471
v -0.234085 0.241989 -0.112236 0.0667 0.0902 0.1451
v -0.234131 -0.001408 0.027584 0.0588 0.0667 0.0902
v -0.234161 0.243073 -0.106903 0.0627 0.0863 0.1412
v -0.234314 0.034519 -0.061306 0.0745 0.0902 0.1255
v -0.234360 -0.008796 0.000317 0.0510 0.0588 0.0863
v -0.234482 0.179138 -0.128998 0.0863 0.1098 0.1569
v -0.234528 -0.199127 0.107918 0.0431 0.0471 0.0549
v -0.234573 -0.202087 0.226730 0.0431 0.0549 0.0706
v -0.234604 -0.151611 0.001019 0.0314 0.0431 0.0627
v -0.234619 0.267975 0.124367 0.0745 0.0980 0.1530
v -0.234665 0.311432 -0.031868 0.0667 0.1020 0.1608
v -0.234695 0.205795 -0.128143 0.0824 0.1059 0.1608
v -0.234726 -0.409973 -0.256165 0.0078 0.0196 0.0549
v -0.234741 -0.181091 0.049816 0.0392 0.0431 0.0588
v -0.234894 0.104599 -0.100960 0.0784 0.1059 0.1451
v -0.234970 0.008649 0.032894 0.0667 0.0667 0.0941
v -0.235016 0.039345 -0.053055 0.0706 0.0863 0.1216
v -0.235092 0.090347 0.120850 0.0863 0.1020 0.1490
v -0.235153 0.036606 0.083076 0.0745 0.0902 0.1255
v -0.235184 0.190506 -0.120506 0.0784 0.1020 0.1569
v -0.235321 0.146698 0.139816 0.0902 0.1059 0.1569
v -0.235550 0.174988 0.143188 0.0824 0.1059 0.1530
v -0.235611 0.022896 -0.046688 0.0706 0.0824 0.1216
v -0.235626 0.243256 0.131424 0.0902 0.1137 0.1765
v -0.235626 -0.181747 -0.026331 0.0275 0.0353 0.0510
v -0.235626 -0.202042 0.084885 0.0392 0.0549 0.0588
v -0.235641 0.314606 0.014170 0.0745 0.1098 0.1686
v -0.235672 -0.191833 -0.209991 0.0392 0.0510 0.0706
v -0.235703 -0.122551 -0.211548 0.1373 0.1373 0.1725
v -0.235764 0.234131 0.138626 0.0902 0.1137 0.1647
v -0.235764 -0.201996 0.060764 0.0627 0.0588 0.0510
v -0.235825 -0.212051 0.249130 0.0941 0.1098 0.1451
v -0.235931 -0.219376 -0.230865 0.0667 0.0824 0.1176
v -0.236008 -0.113480 0.194565 0.0353 0.0510 0.0941
v -0.236084 -0.203888 -0.017780 0.0431 0.0471 0.0471
v -0.236084 -0.428741 -0.246628 0.0431 0.0471 0.0667
v -0.236115 0.058357 0.101463 0.0824 0.0980 0.1451
v -0.236145 -0.113472 -0.202805 0.0275 0.0510 0.1059
v -0.236160 -0.364990 -0.256134 0.0078 0.0196 0.0549
v -0.236176 -0.239319 -0.218338 0.0471 0.0627 0.0980
v -0.236252 0.208954 -0.124672 0.0745 0.0980 0.1530
v -0.236343 0.168564 -0.126175 0.0902 0.1059 0.1530
v -0.236404 -0.431061 0.106087 0.0863 0.0902 0.0902
v -0.236481 -0.095398 0.181534 0.0235 0.0392 0.0863
v -0.236526 -0.206940 -0.161346 0.0118 0.0235 0.0431
v -0.236572 0.058739 -0.068443 0.0824 0.0980 0.1412
v -0.236618 -0.170288 -0.012551 0.0275 0.0392 0.0588
v -0.236679 0.222198 -0.115913 0.0667 0.0941 0.1490
v -0.236740 0.014943 0.053425 0.0667 0.0745 0.1098
v -0.236740 0.307495 0.059792 0.0549 0.0902 0.1490
v -0.236801 0.287811 0.098358 0.0549 0.0824 0.1373
v -0.236847 0.278931 -0.083427 0.0627 0.0863 0.1490
v -0.236938 0.291168 -0.059235 0.0784 0.1020 0.1608
v -0.236954 -0.172852 0.035103 0.0275 0.0392 0.0588
v -0.236969 -0.207977 -0.149536 0.0078 0.0196 0.0392
v -0.237045 0.215057 -0.111252 0.0667 0.0980 0.1490
v -0.237106 0.088425 0.116882 0.0902 0.1059 0.1530
v -0.237106 -0.199677 0.037518 0.0353 0.0431 0.0471
v -0.237198 0.007215 -0.006107 0.0588 0.0706 0.0902
v -0.237274 0.310852 -0.016647 0.0784 0.1059 0.1686
v -0.237350 0.267761 -0.090286 0.0745 0.0980 0.1608
v -0.237427 -0.168015 -0.000209 0.0275 0.0392 0.0588
v -0.237503 -0.206100 0.217346 0.0392 0.0549 0.0667
v -0.237549 0.309784 -0.027952 0.0784 0.1059 0.1686
v -0.237839 -0.198898 -0.061798 0.0510 0.0588 0.0549
v -0.237900 -0.430939 0.348877 0.0784 0.0863 0.1059
v -0.238129 -0.185394 -0.001004 0.0353 0.0392 0.0549
v -0.238205 -0.175156 0.021360 0.0235 0.0392 0.0510
v -0.238235 -0.202881 0.009226 0.0588 0.0549 0.0667
v -0.238327 0.019325 -0.024736 0.0667 0.0784 0.1176
v -0.238449 0.301605 0.072220 0.0510 0.0863 0.1451
v -0.238449 0.311066 -0.012948 0.0784 0.1059 0.1686
v -0.238464 -0.110855 -0.186890 0.0235 0.0392 0.0941
v -0.238480 0.028650 -0.040001 0.0706 0.0824 0.1294
v -0.238480 0.078796 -0.083755 0.0784 0.0980 0.1451
v -0.238571 0.175247 -0.114563 0.0902 0.1059 0.1530
v -0.238647 0.025644 0.060505 0.0667 0.0824 0.1255
v -0.238647 -0.249771 0.202637 0.0314 0.0353 0.0431
v -0.238724 -0.298615 0.251190 0.0863 0.0941 0.1020
v -0.238892 0.255005 -0.098244 0.0784 0.1020 0.1608
v -0.238892 -0.243546 0.234497 0.0824 0.0902 0.1098
v -0.238907 0.135056 0.132645 0.0941 0.1059 0.1569
v -0.238983 0.256561 0.120773 0.0980 0.1216 0.1765
v -0.239120 -0.194901 -0.081825 0.0431 0.0510 0.0549
v -0.239182 0.074768 -0.080078 0.0824 0.0980 0.1412
v -0.239197 -0.163315 -0.195923 0.0314 0.0431 0.0784
v -0.239227 0.029339 0.040745 0.0667 0.0824 0.1216
v -0.239319 0.042694 0.072449 0.0745 0.0902 0.1333
v -0.239319 0.118370 0.129944 0.0863 0.1020 0.1490
v -0.239502 0.171677 0.140015 0.0863 0.1098 0.1569
v -0.239624 0.308472 -0.001156 0.0667 0.0980 0.1530
v -0.239670 -0.201416 0.031807 0.0627 0.0706 0.0549
v -0.239746 0.249908 0.128159 0.0902 0.1137 0.1765
v -0.239777 0.138733 -0.111259 0.0902 0.1098 0.1530
v -0.239944 -0.209717 -0.141205 0.0078 0.0196 0.0392
v -0.239960 0.056438 -0.054600 0.0824 0.0980 0.1412
v -0.239960 -0.148224 0.225708 0.0941 0.1176 0.1608
v -0.240067 -0.182404 0.212158 0.0431 0.0549 0.0745
v -0.240082 0.305969 0.037945 0.0471 0.0824 0.1412
v -0.240173 -0.286621 -0.207809 0.0157 0.0314 0.0667
v -0.240250 -0.207748 -0.174286 0.0235 0.0353 0.0549
v -0.240341 -0.256378 -0.177521 0.0510 0.0549 0.0745
v -0.240402 -0.119453 -0.177795 0.0314 0.0471 0.0824
v -0.240463 0.190414 0.139389 0.0980 0.1216 0.1725
v -0.240540 0.263947 0.107109 0.0706 0.0941 0.1530
v -0.240555 0.287415 0.083740 0.0549 0.0863 0.1373
v -0.240768 -0.369019 0.315765 0.0784 0.0902 0.1098
v -0.240799 -0.165787 0.228821 0.0902 0.1137 0.1530
v -0.240814 -0.137741 0.195053 0.0353 0.0471 0.0745
v -0.240829 -0.431061 -0.125061 0.0824 0.0863 0.0863
v -0.240860 0.136856 -0.102058 0.0863 0.1020 0.1490
v -0.240875 -0.235825 0.239914 0.0784 0.0902 0.1176
v -0.240891 -0.248901 -0.177261 0.0314 0.0353 0.0549
v -0.240906 0.279907 -0.070137 0.0784 0.0902 0.1569
v -0.241028 0.244904 0.123611 0.0902 0.1137 0.1765
v -0.241119 0.234283 -0.106377 0.0706 0.0902 0.1490
v -0.241165 0.031822 0.047047 0.0667 0.0824 0.1176
v -0.241165 -0.335907 -0.236984 0.0118 0.0275 0.0627
v -0.241302 0.281158 0.092583 0.0588 0.0863 0.1412
v -0.241318 0.024225 0.016792 0.0667 0.0824 0.1216
v -0.241318 0.208572 0.134430 0.1020 0.1176 0.1765
v -0.241394 0.044823 -0.047783 0.0784 0.0941 0.1294
v -0.241501 0.025774 -0.014495 0.0667 0.0824 0.1255
v -0.241516 0.097885 -0.088074 0.0784 0.1059 0.1451
v -0.241562 0.300385 0.051960 0.0471 0.0824 0.1412
v -0.241592 0.261902 0.115654 0.0824 0.1059 0.1608
v -0.241776 -0.240952 -0.202957 0.0471 0.0667 0.0902
v -0.241852 -0.245071 -0.190735 0.0431 0.0549 0.0824
v -0.241867 0.072861 0.092949 0.0863 0.1020 0.1490
v -0.241898 -0.423828 0.344727 0.0745 0.0824 0.1059
v -0.242111 -0.254089 0.191025 0.0510 0.0588 0.0667
v -0.242188 -0.399200 -0.237442 0.0000 0.0118 0.0471
v -0.242203 0.020853 0.002512 0.0667 0.0824 0.1176
v -0.242203 0.104637 -0.095093 0.0824 0.1098 0.1490
v -0.242203 -0.418518 -0.230774 0.0078 0.0196 0.0392
v -0.242233 -0.146332 -0.183304 0.0353 0.0471 0.0824
v -0.242279 -0.156494 -0.212631 0.0863 0.1137 0.1530
v -0.242279 -0.393005 0.329712 0.0627 0.0667 0.0863
v -0.242371 0.091705 0.114746 0.0941 0.1098 0.1569
v -0.242371 -0.272034 -0.189209 0.0196 0.0314 0.0588
v -0.242477 0.056084 0.076790 0.0745 0.0902 0.1333
v -0.242493 -0.222794 -0.219254 0.0627 0.0784 0.1137
v -0.242508 0.125885 0.123596 0.0863 0.1059 0.1569
v -0.242508 -0.176620 -0.217209 0.0784 0.1059 0.1451
v -0.242569 0.168198 0.132980 0.1176 0.1373 0.1843
v -0.242569 -0.207077 -0.192780 0.0353 0.0471 0.0667
v -0.242706 -0.199249 0.212311 0.0471 0.0627 0.0745
v -0.242737 -0.232941 -0.212296 0.0510 0.0667 0.1059
v -0.242798 -0.364838 -0.241608 0.0078 0.0157 0.0510
v -0.242813 0.058239 0.084526 0.0824 0.0980 0.1412
v -0.242920 -0.409790 0.334778 0.0706 0.0784 0.1059
v -0.242950 0.297638 -0.025234 0.0784 0.1020 0.1647
v -0.242966 0.257141 -0.086906 0.0667 0.0902 0.1451
v -0.242966 -0.112648 0.203262 0.0980 0.1255 0.1647
v -0.242996 -0.204971 0.203049 0.0353 0.0510 0.0588
v -0.243011 0.026361 0.022377 0.0667 0.0784 0.1176
v -0.243057 -0.208389 -0.125702 0.0078 0.0157 0.0392
v -0.243240 -0.156815 0.201569 0.0392 0.0510 0.0706
v -0.243271 0.029203 -0.019285 0.0667 0.0824 0.1255
v -0.243317 -0.222656 0.240097 0.0824 0.1059 0.1333
v -0.243484 0.042313 0.057831 0.0745 0.0902 0.1333
v -0.243530 0.080368 -0.068619 0.0784 0.1020 0.1490
v -0.243530 -0.094398 0.188461 0.0902 0.1059 0.1530
v -0.243561 0.039783 0.033203 0.0745 0.0902 0.1333
v -0.243576 -0.342834 0.287689 0.0824 0.0941 0.1137
v -0.243607 0.143372 0.129959 0.0980 0.1137 0.1608
v -0.243622 0.095444 0.107925 0.0863 0.1059 0.1608
v -0.243652 -0.089363 0.169937 0.0078 0.0235 0.0667
v -0.243698 0.267548 0.101013 0.0784 0.0980 0.1608
v -0.243820 0.295532 0.044319 0.0588 0.0941 0.1530
v -0.243835 -0.116562 0.177124 0.0392 0.0510 0.0824
v -0.243851 0.212692 0.127655 0.1020 0.1137 0.1804
v -0.244080 -0.204468 0.168686 0.0353 0.0392 0.0471
v -0.244110 0.281799 -0.049900 0.0667 0.0902 0.1451
v -0.244186 0.232605 -0.096901 0.0667 0.0902 0.1490
v -0.244202 0.301025 0.004199 0.0627 0.0863 0.1412
v -0.244202 -0.279968 0.218231 0.0784 0.0824 0.0980
v -0.244217 0.096077 -0.076462 0.0784 0.1020 0.1490
v -0.244217 0.158905 -0.111099 0.0941 0.1098 0.1569
v -0.244263 0.285187 -0.039982 0.0784 0.1020 0.1569
v -0.244492 -0.329437 0.271729 0.0824 0.0980 0.1098
v -0.244827 0.192474 -0.110733 0.0863 0.1098 0.1647
v -0.245224 0.172394 -0.103073 0.0863 0.1020 0.1490
v -0.245239 0.197067 -0.102325 0.0824 0.0941 0.1530
v -0.245255 0.296539 0.024792 0.0510 0.0863 0.1451
v -0.245255 -0.246750 0.211136 0.0275 0.0392 0.0431
v -0.245285 0.034191 -0.008677 0.0706 0.0824 0.1216
v -0.245300 -0.431000 -0.217209 0.0588 0.0667 0.0784
v -0.245407 0.187241 0.128189 0.0784 0.1020 0.1490
v -0.245514 -0.196838 -0.060936 0.0588 0.0667 0.0627
v -0.245865 -0.200577 0.132141 0.0314 0.0353 0.0471
v -0.245880 -0.405731 -0.218246 0.0039 0.0196 0.0510
v -0.245911 0.269562 -0.064568 0.0745 0.0980 0.1530
v -0.245972 -0.138229 0.209885 0.0941 0.1216 0.1608
v -0.246033 -0.093620 0.153488 0.0353 0.0471 0.0902
v -0.246140 0.067749 -0.063461 0.0745 0.1020 0.1412
v -0.246185 0.085106 0.102188 0.0980 0.1098 0.1686
v -0.246185 -0.203033 -0.105431 0.0275 0.0314 0.0431
v -0.246246 0.051979 -0.034672 0.0784 0.0941 0.1373
v -0.246353 -0.429138 -0.218735 0.0431 0.0510 0.0667
v -0.246460 0.278717 0.081039 0.0627 0.0941 0.1451
v -0.246521 0.043331 0.015844 0.0745 0.0902 0.1333
v -0.246674 0.269806 -0.069740 0.0627 0.0863 0.1451
v -0.246735 0.128769 -0.097733 0.0902 0.1137 0.1647
v -0.246765 0.112671 0.117210 0.0941 0.1059 0.1647
v -0.246918 -0.206955 -0.150146 0.0157 0.0275 0.0471
v -0.247101 0.232452 0.112137 0.0824 0.1137 0.1882
v -0.247147 0.160690 0.125244 0.0902 0.1059 0.1569
v -0.247162 0.286377 -0.034515 0.0667 0.0902 0.1451
v -0.247208 0.048725 0.027670 0.0745 0.0902 0.1333
v -0.247223 0.102097 -0.082695 0.0824 0.1098 0.1490
v -0.247238 -0.204803 -0.180222 0.0353 0.0549 0.0667
v -0.247375 0.055805 0.053150 0.0706 0.0980 0.1373
v -0.247391 0.050304 0.008356 0.0784 0.0902 0.1255
v -0.247391 0.245880 -0.082268 0.0627 0.0863 0.1412
v -0.247543 0.172821 -0.067612 0.0902 0.1059 0.1530
v -0.247543 0.226776 0.120026 0.0902 0.1137 0.1765
v -0.247742 0.287598 0.035480 0.0471 0.0824 0.1412
v -0.247787 0.073181 0.084816 0.0863 0.1020 0.1490
v -0.247803 -0.305969 -0.204575 0.0118 0.0275 0.0627
v -0.247849 0.240692 0.107269 0.1020 0.1255 0.1882
v -0.248047 0.079796 0.076447 0.0824 0.0980 0.1451
v -0.248108 -0.127533 -0.190796 0.0941 0.1176 0.1647
v -0.248138 -0.135315 0.202469 0.0941 0.1176 0.1608
v -0.248154 -0.204895 0.227859 0.0863 0.1098 0.1412
v -0.248230 0.049259 -0.023916 0.0784 0.0941 0.1373
v -0.248230 -0.390228 0.313690 0.0863 0.0902 0.1098
v -0.248367 0.051743 -0.003002 0.0784 0.0941 0.1294
v -0.248398 -0.412659 0.325195 0.0588 0.0627 0.0902
v -0.248474 -0.378448 -0.226532 0.0039 0.0157 0.0510
v -0.248520 0.236404 -0.087074 0.0588 0.0824 0.1373
v -0.248627 0.059959 0.047974 0.0706 0.0980 0.1373
v -0.248688 0.136246 0.121475 0.0824 0.0980 0.1490
v -0.248718 -0.198318 0.010860 0.0863 0.0745 0.0745
v -0.248779 -0.203232 0.096184 0.0471 0.0510 0.0588
v -0.248825 -0.135193 -0.163345 0.0353 0.0471 0.0706
v -0.249039 0.255981 0.090851 0.0706 0.0941 0.1569
v -0.249069 0.068939 0.067627 0.0745 0.0980 0.1451
v -0.249084 0.079437 0.080009 0.0863 0.1020 0.1490
v -0.249084 -0.197266 -0.016607 0.0706 0.0706 0.0667
v -0.249176 0.123657 0.113777 0.0824 0.1059 0.1608
v -0.249176 0.140076 -0.091560 0.0863 0.1098 0.1647
v -0.249191 0.064407 0.039001 0.0745 0.1020 0.1412
v -0.249237 -0.200287 0.076378 0.0627 0.0627 0.0627
v -0.249283 -0.196884 -0.031822 0.0745 0.0745 0.0745
v -0.249313 0.223099 -0.095184 0.0745 0.0980 0.1569
v -0.249420 0.209641 0.117477 0.0745 0.0980 0.1451
v -0.249481 0.273132 0.072578 0.0588 0.0863 0.1490
v -0.249588 0.273865 -0.042568 0.0745 0.0980 0.1530
v -0.249680 -0.108398 -0.159302 0.0275 0.0431 0.0863
v -0.249680 -0.164932 -0.200378 0.0824 0.1098 0.1490
v -0.249741 -0.290924 -0.187363 0.0118 0.0275 0.0627
v -0.249802 -0.090843 0.169434 0.0824 0.0980 0.1412
v -0.249832 -0.304230 0.233490 0.0784 0.0941 0.1059
v -0.249985 -0.105988 -0.176041 0.0157 0.0275 0.0667
v -0.250061 0.077217 -0.049133 0.0784 0.1059 0.1451
v -0.250092 0.279724 -0.019638 0.0784 0.1020 0.1569
v -0.250153 0.149536 -0.098358 0.1020 0.1176 0.1765
v -0.250183 0.104683 0.095985 0.0941 0.1059 0.1647
v -0.250214 0.149323 0.117088 0.0902 0.1059 0.1530
v -0.250214 -0.104942 -0.161133 0.0235 0.0392 0.0824
v -0.250336 0.276642 0.066582 0.0588 0.0941 0.1530
v -0.250397 0.244644 -0.071594 0.0627 0.0863 0.1412
v -0.250397 0.288757 -0.012091 0.0667 0.0902 0.1451
v -0.250488 -0.087715 0.137909 0.0235 0.0392 0.0863
v -0.250793 -0.427582 0.329620 0.0588 0.0588 0.0745
v -0.250854 0.180649 0.118484 0.0902 0.1020 0.1608
v -0.250885 0.199997 0.122574 0.0941 0.1176 0.1725
v -0.250885 0.274994 0.059704 0.0549 0.0902 0.1490
v -0.250885 -0.086006 0.147842 0.0078 0.0235 0.0667
v -0.250916 -0.121979 0.157349 0.0353 0.0588 0.0745
v -0.250946 -0.118622 -0.156433 0.0353 0.0471 0.0784
v -0.251099 -0.194763 -0.201797 0.0667 0.0941 0.1333
v -0.251129 0.284668 0.014390 0.0667 0.0902 0.1530
v -0.251160 0.273834 0.040527 0.0549 0.0824 0.1490
v -0.251221 -0.252136 -0.144043 0.0431 0.0471 0.0627
v -0.251343 -0.200378 0.121162 0.0471 0.0510 0.0588
v -0.251434 -0.359253 -0.217667 0.0118 0.0157 0.0510
v -0.251465 -0.381317 -0.215500 0.0039 0.0157 0.0510
v -0.251526 0.208466 -0.092216 0.0706 0.0941 0.1569
v -0.251587 0.131180 -0.085915 0.0902 0.1137 0.1686
v -0.251587 0.172272 0.123337 0.0863 0.0980 0.1569
v -0.251587 0.260834 0.075653 0.0627 0.0863 0.1490
v -0.251648 0.171967 -0.092865 0.0863 0.1020 0.1569
v -0.251648 -0.203323 0.171494 0.0392 0.0510 0.0549
v -0.251740 -0.111267 0.183121 0.0980 0.1216 0.1686
v -0.251740 -0.248505 0.165131 0.0353 0.0392 0.0549
v -0.251770 0.157516 0.115021 0.0784 0.0980 0.1451
v -0.251770 0.190979 0.113861 0.0941 0.1098 0.1647
v -0.251862 0.128281 -0.075211 0.0824 0.1059 0.1530
v -0.251862 0.257324 -0.056171 0.0667 0.0902 0.1412
v -0.251984 0.238510 -0.079895 0.0627 0.0863 0.1412
v -0.252045 0.067192 0.060509 0.0745 0.1020 0.1412
v -0.252106 0.270935 -0.035419 0.0627 0.0863 0.1412
v -0.252197 -0.415680 -0.205139 0.0000 0.0157 0.0392
v -0.252380 0.160889 -0.067604 0.0863 0.1020 0.1490
v -0.252472 0.281799 0.009363 0.0627 0.0863 0.1490
v -0.252502 0.115990 -0.069435 0.0824 0.1059 0.1530
v -0.252502 -0.201401 0.186050 0.0431 0.0588 0.0667
v -0.252563 -0.187531 0.186249 0.0392 0.0510 0.0706
v -0.252563 -0.213623 -0.197403 0.0706 0.0863 0.1294
v -0.252625 -0.166672 0.208130 0.0902 0.1137 0.1569
v -0.252655 0.190872 -0.098938 0.0863 0.1020 0.1490
v -0.252686 0.213120 0.109512 0.1020 0.1255 0.1843
v -0.252777 -0.095894 0.130157 0.0235 0.0510 0.0784
v -0.252777 -0.407715 0.311615 0.0824 0.0863 0.1059
v -0.252838 -0.227142 -0.191940 0.0549 0.0706 0.1059
v -0.252899 0.218048 0.104492 0.0902 0.1137 0.1686
v -0.252960 0.127823 -0.080688 0.0980 0.1216 0.1686
v -0.252960 -0.248184 -0.139557 0.0392 0.0431 0.0588
v -0.252991 0.112091 0.103432 0.0902 0.1020 0.1647
v -0.252991 -0.378998 0.291077 0.0745 0.0902 0.1020
v -0.253052 -0.163132 -0.160889 0.0392 0.0510 0.0824
v -0.253082 -0.189438 0.212708 0.0902 0.1059 0.1490
v -0.253082 -0.348541 0.269531 0.0784 0.0902 0.1098
v -0.253265 0.136307 0.107468 0.0863 0.1020 0.1490
v -0.253571 -0.146423 0.164627 0.0471 0.0510 0.0824
v -0.253601 0.063934 0.002531 0.0784 0.0941 0.1373
v -0.253601 0.080620 0.065201 0.0784 0.1020 0.1490
v -0.253632 -0.198441 -0.078827 0.0471 0.0510 0.0588
v -0.253845 0.216568 -0.077904 0.0706 0.0941 0.1490
v -0.253998 0.099457 -0.058918 0.0824 0.1059 0.1530
v -0.253998 0.108627 0.089554 0.0863 0.1020 0.1490
v -0.253998 0.256348 -0.043911 0.0745 0.0980 0.1451
v -0.254059 -0.426971 -0.197357 0.0078 0.0196 0.0392
v -0.254333 0.231247 0.098740 0.1098 0.1333 0.1961
v -0.254425 0.209244 -0.087234 0.0784 0.1020 0.1569
v -0.254456 0.148239 -0.069893 0.0863 0.1098 0.1647
v -0.254456 -0.133743 -0.177383 0.0902 0.1137 0.1608
v -0.254486 0.175751 -0.064919 0.0941 0.1098 0.1569
v -0.254486 -0.430939 0.315308 0.0824 0.0863 0.0980
v -0.254517 0.073952 -0.043144 0.0784 0.0941 0.1373
v -0.254517 0.155548 -0.068466 0.0941 0.1176 0.1725
v -0.254547 -0.205521 -0.128250 0.0275 0.0392 0.0588
v -0.254608 -0.201599 -0.094940 0.0235 0.0275 0.0353
v -0.254669 -0.329132 0.246811 0.0784 0.0902 0.1098
v -0.254913 -0.328217 -0.197205 0.0078 0.0235 0.0588
v -0.254913 -0.391418 -0.205505 0.0039 0.0078 0.0549
v -0.254974 -0.201828 -0.149445 0.0392 0.0510 0.0706
v -0.255096 -0.101524 0.165787 0.1059 0.1216 0.1647
v -0.255219 -0.195389 0.037151 0.0745 0.0745 0.0902
v -0.255280 0.253693 0.067726 0.0706 0.0941 0.1530
v -0.255310 0.080780 -0.037933 0.0863 0.1020 0.1451
v -0.255310 0.221924 0.095673 0.0902 0.1137 0.1686
v -0.255371 -0.102562 -0.162811 0.0157 0.0314 0.0784
v -0.255402 0.229904 -0.069115 0.0627 0.0863 0.1412
v -0.255432 -0.373505 -0.206100 0.0039 0.0118 0.0549
v -0.255463 0.270660 -0.010942 0.0706 0.0941 0.1490
v -0.255463 0.273132 -0.004410 0.0706 0.0941 0.1490
v -0.255585 0.245407 0.082230 0.0784 0.1020 0.1647
v -0.255615 0.135071 0.100220 0.0941 0.1098 0.1569
v -0.255646 0.155899 0.104538 0.0941 0.1098 0.1569
v -0.255707 -0.085602 0.138901 0.0353 0.0549 0.1059
v -0.255737 0.189270 -0.063362 0.0824 0.1020 0.1490
v -0.255737 -0.086884 0.106369 0.0392 0.0431 0.0667
v -0.255737 -0.099976 -0.133774 0.0353 0.0471 0.0824
v -0.255859 0.161087 -0.070946 0.0941 0.1098 0.1608
v -0.255859 -0.120644 -0.142776 0.0431 0.0549 0.0863
v -0.255981 0.221649 -0.062260 0.0706 0.0902 0.1490
v -0.255981 0.264130 -0.033470 0.0667 0.0902 0.1451
v -0.256042 0.102074 0.084511 0.0980 0.1137 0.1608
v -0.256195 0.092438 0.070412 0.0863 0.1020 0.1490
v -0.256317 -0.256104 0.156418 0.0627 0.0667 0.0824
v -0.256348 0.179688 -0.068283 0.0902 0.1059 0.1530
v -0.256439 -0.111504 -0.172455 0.0824 0.1020 0.1490
v -0.256500 -0.196213 -0.003138 0.0667 0.0667 0.0588
v -0.256500 -0.235870 -0.170914 0.0510 0.0667 0.1020
v -0.256531 0.100349 -0.048481 0.0824 0.1059 0.1490
v -0.256531 0.177490 -0.081528 0.0941 0.1098 0.1569
v -0.256561 0.153702 0.110062 0.0902 0.1059 0.1530
v -0.256592 -0.200790 -0.188263 0.0706 0.0863 0.1294
v -0.256592 -0.431061 -0.182678 0.0667 0.0706 0.0784
v -0.256683 0.075249 -0.005288 0.0784 0.1020 0.1412
v -0.256683 -0.222305 -0.178574 0.0588 0.0745 0.1098
v -0.256714 0.188141 0.104324 0.1059 0.1294 0.1843
v -0.256744 0.090981 0.058781 0.0824 0.0980 0.1451
v -0.256805 0.078011 -0.019012 0.0824 0.0980 0.1412
v -0.256866 -0.267639 -0.144333 0.0196 0.0314 0.0510
v -0.256897 0.164459 -0.087860 0.0706 0.0941 0.1451
v -0.256897 -0.090065 0.148117 0.0941 0.1176 0.1647
v -0.256958 0.264313 0.034508 0.0627 0.0863 0.1490
v -0.257050 0.076279 0.023586 0.0745 0.1020 0.1412
v -0.257172 0.184097 0.109436 0.0941 0.1176 0.1725
v -0.257324 -0.157990 -0.174622 0.0784 0.1059 0.1451
v -0.257446 -0.216614 0.217392 0.0824 0.0980 0.1412
v -0.257446 -0.431030 0.048965 0.0863 0.0863 0.0863
v -0.257477 -0.252319 -0.119911 0.0392 0.0431 0.0588
v -0.257507 -0.428497 0.312073 0.0784 0.0824 0.0941
v -0.257751 0.121002 0.077362 0.0863 0.1020 0.1490
v -0.257782 0.262878 0.046101 0.0588 0.0824 0.1451
v -0.257812 -0.231140 0.214523 0.0863 0.0980 0.1216
v -0.258057 0.190491 0.097137 0.0941 0.1137 0.1686
v -0.258087 0.243240 -0.037460 0.0706 0.0941 0.1490
v -0.258087 -0.082138 0.105766 0.0275 0.0314 0.0549
v -0.258148 0.081741 -0.032970 0.0824 0.0980 0.1412
v -0.258240 0.221970 0.091148 0.0980 0.1216 0.1843
v -0.258270 0.197464 0.100960 0.0902 0.1098 0.1647
v -0.258423 -0.139130 -0.138062 0.0353 0.0471 0.0706
v -0.258484 0.226334 0.080704 0.0863 0.1098 0.1647
v -0.258484 0.262390 0.022015 0.0667 0.0902 0.1530
v -0.258514 0.241776 -0.029879 0.0627 0.0863 0.1451
v -0.258636 0.205597 -0.073029 0.0745 0.0980 0.1530
v -0.258636 -0.183624 -0.181747 0.0706 0.0980 0.1373
v -0.258728 0.075325 -0.011312 0.0784 0.1020 0.1412
v -0.258820 0.159317 0.098297 0.0824 0.0980 0.1451
v -0.258820 -0.200195 0.102074 0.0510 0.0549 0.0627
v -0.258911 0.179260 -0.077110 0.0863 0.1020 0.1490
v -0.258972 0.084969 -0.025297 0.0902 0.1059 0.1490
v -0.259064 0.253723 -0.041172 0.0627 0.0863 0.1373
v -0.259064 0.259125 0.007619 0.0627 0.0863 0.1490
v -0.259186 0.247314 0.062592 0.0745 0.0980 0.1530
v -0.259216 0.177765 -0.073372 0.0902 0.1059 0.1530
v -0.259216 0.236069 -0.048275 0.0667 0.0902 0.1451
v -0.259247 -0.195694 -0.048031 0.0627 0.0627 0.0706
v -0.259308 0.207321 -0.050972 0.0706 0.0941 0.1490
v -0.259369 0.117111 -0.065369 0.0824 0.1059 0.1530
v -0.259399 0.264771 -0.019623 0.0706 0.0941 0.1490
v -0.259430 0.083496 0.013652 0.0824 0.1098 0.1490
v -0.259430 -0.082893 0.077522 0.0314 0.0392 0.0706
v -0.259583 0.094368 -0.043926 0.0902 0.1059 0.1490
v -0.259613 -0.194504 0.023355 0.0745 0.0784 0.0745
v -0.259613 -0.279846 0.182037 0.0667 0.0824 0.0980
v -0.259644 -0.367371 0.264679 0.0745 0.0863 0.1059
v -0.259827 -0.431030 0.204636 0.0902 0.0902 0.0941
v -0.259918 -0.240555 0.197281 0.0627 0.0784 0.0941
v -0.260040 0.143188 0.093582 0.0863 0.1020 0.1490
v -0.260101 -0.244797 0.174774 0.0392 0.0431 0.0588
v -0.260132 -0.247635 -0.106216 0.0353 0.0392 0.0549
v -0.260193 0.120689 0.065170 0.0824 0.0980 0.1451
v -0.260193 -0.098083 -0.144333 0.0118 0.0275 0.0667
v -0.260223 0.157303 0.087715 0.0863 0.0980 0.1490
v -0.260315 -0.185440 -0.138885 0.0353 0.0471 0.0706
v -0.260376 -0.082710 0.112946 0.0471 0.0353 0.0510
v -0.260406 -0.085266 0.069260 0.0392 0.0431 0.0627
v -0.260620 0.139847 -0.057507 0.0745 0.0902 0.1490
v -0.260651 -0.094070 -0.114326 0.0157 0.0353 0.0667
v -0.260681 -0.171692 0.154877 0.0353 0.0471 0.0667
v -0.260742 0.253174 0.039902 0.0706 0.0941 0.1569
v -0.260834 -0.096085 0.141068 0.0980 0.1216 0.1686
v -0.260864 0.200211 0.092239 0.1020 0.1255 0.1843
v -0.261139 0.114471 0.048893 0.0902 0.1059 0.1569
v -0.261200 -0.096855 -0.105377 0.0314 0.0431 0.0784
v -0.261292 0.183289 0.084961 0.0824 0.1137 0.1686
v -0.261353 -0.196930 0.138916 0.0588 0.0627 0.0784
v -0.261383 0.234558 -0.044868 0.0627 0.0902 0.1412
v -0.261414 -0.114525 -0.118500 0.0353 0.0471 0.0745
v -0.261414 -0.246780 0.134888 0.0392 0.0431 0.0510
v -0.261566 -0.194290 0.160873 0.0431 0.0588 0.0706
v -0.261658 -0.250549 0.128052 0.0510 0.0549 0.0667
v -0.261688 0.119270 0.070457 0.0902 0.1059 0.1530
v -0.261688 -0.173431 -0.133987 0.0275 0.0392 0.0745
v -0.261688 -0.243546 -0.137207 0.0431 0.0471 0.0667
v -0.261719 -0.382874 -0.186295 0.0000 0.0157 0.0510
v -0.261780 0.096962 0.032703 0.0824 0.1020 0.1490
v -0.261810 0.137253 0.075508 0.0824 0.0980 0.1451
v -0.261841 0.104027 0.036568 0.0863 0.1020 0.1490
v -0.261841 0.170563 0.092720 0.0863 0.1020 0.1530
v -0.261993 -0.158798 0.180069 0.0863 0.1137 0.1490
v -0.262024 0.134476 0.083290 0.0824 0.0980 0.1451
v -0.262024 -0.080589 0.061092 0.0314 0.0314 0.0667
v -0.262054 -0.107849 -0.161392 0.0745 0.0941 0.1373
v -0.262085 0.161392 -0.056091 0.0824 0.0941 0.1451
v -0.262085 0.226212 0.074860 0.0784 0.1020 0.1530
v -0.262085 -0.119461 0.102432 0.0314 0.0471 0.0824
v -0.262115 0.181015 -0.053791 0.0902 0.1059 0.1530
v -0.262146 -0.240463 -0.146576 0.0549 0.0667 0.0980
v -0.262268 0.098694 -0.003312 0.0824 0.1020 0.1451
v -0.262299 -0.126648 0.160294 0.1020 0.1176 0.1490
v -0.262299 -0.347595 -0.180496 0.0039 0.0196 0.0627
v -0.262360 0.134109 -0.064873 0.0863 0.1098 0.1608
v -0.262421 0.212219 0.069160 0.0784 0.1020 0.1569
v -0.262421 -0.100571 0.079330 0.0353 0.0471 0.0824
v -0.262451 0.102135 0.008311 0.0824 0.1059 0.1490
v -0.262665 -0.188171 -0.127274 0.0392 0.0510 0.0706
v -0.262726 -0.320251 0.215302 0.0745 0.0863 0.1098
v -0.262756 -0.431061 -0.149170 0.0667 0.0706 0.0863
v -0.262787 0.131485 -0.046436 0.0824 0.1059 0.1608
v -0.262909 -0.134811 0.116676 0.0353 0.0431 0.0863
v -0.262970 0.136932 -0.052380 0.0863 0.1059 0.1608
v -0.262970 -0.202576 -0.097549 0.0431 0.0549 0.0627
v -0.263092 -0.415192 0.288818 0.0824 0.0863 0.0941
v -0.263153 0.116402 0.055534 0.0784 0.0902 0.1490
v -0.263153 0.252441 0.000396 0.0549 0.0784 0.1333
v -0.263275 0.239670 0.032127 0.0706 0.0902 0.1490
v -0.263275 -0.209229 0.200974 0.0863 0.1020 0.1451
v -0.263306 -0.140106 0.164459 0.0941 0.1216 0.1608
v -0.263367 -0.167191 -0.163452 0.0824 0.0980 0.1412
v -0.263519 0.155548 -0.064400 0.0863 0.0980 0.1569
v -0.263519 -0.256378 -0.088791 0.0471 0.0510 0.0706
v -0.263580 0.211349 -0.056171 0.0784 0.1020 0.1569
v -0.263580 0.231262 0.044617 0.0784 0.1020 0.1569
v -0.263702 -0.138565 -0.112534 0.0392 0.0510 0.0706
v -0.263763 0.168137 0.074493 0.0824 0.0941 0.1530
v -0.263763 -0.082428 0.023821 0.0314 0.0431 0.0784
v -0.263794 -0.165604 0.137619 0.0353 0.0471 0.0667
v -0.263794 -0.312653 -0.155762 0.0078 0.0235 0.0667
v -0.263824 -0.201431 -0.084244 0.0510 0.0549 0.0627
v -0.263855 0.132172 0.060905 0.0745 0.0902 0.1373
v -0.263977 0.215256 0.064781 0.0784 0.1020 0.1569
v -0.264130 -0.251129 0.113083 0.0549 0.0588 0.0745
v -0.264221 -0.225632 -0.157516 0.0588 0.0745 0.1098
v -0.264252 0.210815 -0.033306 0.0667 0.0902 0.1451
v -0.264313 -0.085625 0.107407 0.0902 0.1020 0.1333
v -0.264435 -0.100792 0.055668 0.0392 0.0510 0.0784
v -0.264465 0.196548 0.078400 0.0824 0.1020 0.1608
v -0.264465 -0.088707 -0.077942 0.0275 0.0392 0.0745
v -0.264557 -0.426758 -0.155426 0.0039 0.0157 0.0353
v -0.264587 -0.274719 -0.117043 0.0196 0.0275 0.0745
v -0.264618 0.098831 0.004215 0.0784 0.1059 0.1451
v -0.264618 -0.138351 -0.153931 0.0824 0.1098 0.1490
v -0.264648 0.238785 0.002038 0.0667 0.0863 0.1373
v -0.264709 0.114784 0.042137 0.0863 0.1020 0.1490
v -0.264740 0.227097 0.052841 0.0784 0.1020 0.1608
v -0.264771 -0.251038 -0.061462 0.0431 0.0471 0.0667
v -0.264771 -0.370483 -0.175552 0.0039 0.0157 0.0510
v -0.264862 -0.080002 0.075981 0.0471 0.0549 0.0902
v -0.264893 -0.197800 -0.072258 0.0471 0.0510 0.0588
v -0.264954 -0.121536 0.080849 0.0353 0.0431 0.0863
v -0.264984 -0.092224 -0.059681 0.0353 0.0471 0.0824
v -0.264984 -0.247192 0.104393 0.0431 0.0471 0.0627
v -0.265015 -0.233292 0.195099 0.0784 0.0902 0.1176
v -0.265045 -0.263000 0.134720 0.0667 0.0706 0.0863
v -0.265076 0.232895 -0.016500 0.0627 0.0863 0.1412
v -0.265137 -0.085175 -0.010413 0.0275 0.0431 0.0745
v -0.265259 -0.181198 -0.160263 0.0667 0.0941 0.1333
v -0.265259 -0.194733 0.077858 0.0627 0.0706 0.0667
v -0.265289 -0.087280 -0.032539 0.0275 0.0431 0.0706
v -0.265289 -0.196854 0.014575 0.0745 0.0824 0.0706
v -0.265320 0.149628 0.070595 0.0863 0.1020 0.1490
v -0.265350 -0.112450 -0.088516 0.0353 0.0471 0.0745
v -0.265381 0.195450 -0.042183 0.0706 0.0941 0.1412
v -0.265381 -0.246460 -0.066933 0.0431 0.0392 0.0588
v -0.265411 0.202271 0.057247 0.0863 0.1098 0.1686
v -0.265442 0.115524 -0.019567 0.0980 0.1137 0.1608
v -0.265442 0.182281 -0.060143 0.0941 0.1098 0.1569
v -0.265564 -0.175735 -0.111626 0.0353 0.0471 0.0706
v -0.265686 -0.154190 0.116989 0.0353 0.0471 0.0745
v -0.265839 0.169830 0.080299 0.0863 0.0980 0.1569
v -0.265869 0.114975 -0.029358 0.0824 0.1020 0.1451
v -0.265869 0.235107 -0.024385 0.0667 0.0902 0.1451
v -0.265869 -0.245712 0.116890 0.0431 0.0471 0.0549
v -0.265900 -0.090668 -0.106499 0.0039 0.0157 0.0471
v -0.266052 0.107475 -0.007728 0.0863 0.1020 0.1490
v -0.266235 0.115822 0.023006 0.0980 0.1059 0.1569
v -0.266235 0.151138 0.066643 0.0902 0.1059 0.1530
v -0.266266 -0.082169 -0.017262 0.0196 0.0392 0.0745
v -0.266357 0.120888 -0.036343 0.0863 0.1098 0.1569
v -0.266388 0.128235 0.036758 0.0824 0.0980 0.1451
v -0.266418 0.172821 0.060604 0.0745 0.0902 0.1373
v -0.266418 -0.084435 -0.050201 0.0235 0.0392 0.0824
v -0.266541 -0.251709 0.076546 0.0588 0.0627 0.0824
v -0.266602 0.232300 0.024414 0.0745 0.0980 0.1530
v -0.266632 -0.363220 0.236710 0.0706 0.0824 0.1137
v -0.266724 -0.187057 -0.096848 0.0471 0.0627 0.0745
v -0.266876 -0.430969 0.278351 0.0824 0.0863 0.0980
v -0.266907 -0.079727 0.014439 0.0275 0.0392 0.0745
v -0.266968 -0.102524 0.119911 0.0980 0.1255 0.1647
v -0.266968 -0.197540 -0.152679 0.0706 0.0863 0.1294
v -0.266998 0.156845 -0.050545 0.0863 0.1020 0.1490
v -0.267029 0.187149 0.064781 0.0745 0.0980 0.1530
v -0.267029 -0.248245 -0.011971 0.0471 0.0549 0.0706
v -0.267059 -0.428650 0.284393 0.0784 0.0824 0.0902
v -0.267151 -0.087929 -0.088623 0.0078 0.0196 0.0471
v -0.267151 -0.195541 0.181824 0.0863 0.1020 0.1451
v -0.267181 -0.149994 -0.098373 0.0431 0.0549 0.0745
v -0.267212 0.149475 0.053486 0.0902 0.1059 0.1530
v -0.267212 0.212906 -0.045223 0.0784 0.1020 0.1530
v -0.267242 -0.107704 0.012049 0.0431 0.0549 0.0745
v -0.267242 -0.410339 0.271698 0.0824 0.0863 0.1020
v -0.267273 0.155182 -0.043728 0.0941 0.1098 0.1569
v -0.267273 -0.250244 -0.017910 0.0471 0.0549 0.0706
v -0.267273 -0.431000 -0.130814 0.0627 0.0588 0.0784
v -0.267365 -0.120506 0.050934 0.0431 0.0549 0.0745
v -0.267426 -0.404663 -0.159134 0.0039 0.0157 0.0510
v -0.267456 0.161636 0.064713 0.0824 0.0980 0.1451
v -0.267487 -0.138367 0.089485 0.0431 0.0549 0.0745
v -0.267548 -0.177032 0.126480 0.0431 0.0549 0.0745
v -0.267609 -0.192780 0.136002 0.0510 0.0667 0.0784
v -0.267639 -0.190643 -0.020184 0.0667 0.0667 0.0667
v -0.267670 0.229416 0.039055 0.0706 0.0941 0.1530
v -0.267670 -0.247253 0.033279 0.0431 0.0510 0.0706
v -0.267700 0.116257 -0.014499 0.0902 0.1059 0.1530
v -0.267731 0.124306 -0.003222 0.0902 0.1059 0.1530
v -0.267731 -0.142914 0.145767 0.0863 0.1137 0.1530
v -0.267792 -0.345123 0.221237 0.0745 0.0863 0.1216
v -0.267883 -0.250641 0.035797 0.0471 0.0588 0.0784
v -0.267975 -0.262177 -0.060356 0.0471 0.0471 0.0784
v -0.268005 -0.222244 0.191757 0.0784 0.0941 0.1294
v -0.268036 0.182755 -0.049412 0.0902 0.1059 0.1530
v -0.268066 -0.245163 0.068108 0.0431 0.0471 0.0667
v -0.268127 0.130554 0.043884 0.0902 0.1059 0.1530
v -0.268188 -0.119080 -0.048370 0.0471 0.0588 0.0784
v -0.268219 0.160614 0.051933 0.0784 0.0941 0.1412
v -0.268250 -0.079384 0.040268 0.0275 0.0510 0.0824
v -0.268250 -0.083267 0.077332 0.0824 0.0980 0.1333
v -0.268250 -0.298004 -0.123756 0.0078 0.0235 0.0667
v -0.268280 -0.096321 -0.122208 0.0353 0.0667 0.0980
v -0.268311 -0.083778 -0.055832 0.0157 0.0275 0.0745
v -0.268311 -0.138046 -0.079803 0.0431 0.0549 0.0745
v -0.268341 -0.123161 -0.068878 0.0471 0.0588 0.0784
v -0.268341 -0.301941 0.179504 0.0667 0.0824 0.1059
v -0.268372 0.228226 0.011661 0.0784 0.0902 0.1530
v -0.268494 0.217773 0.016178 0.0824 0.1020 0.1569
v -0.268494 -0.241440 0.160034 0.0392 0.0510 0.0706
v -0.268738 -0.198700 0.005619 0.0745 0.0824 0.0706
v -0.268768 -0.245209 0.001748 0.0431 0.0431 0.0706
v -0.268829 -0.155167 -0.088860 0.0431 0.0549 0.0745
v -0.268921 0.200134 0.050201 0.0784 0.1020 0.1569
v -0.268982 0.140793 -0.037804 0.0902 0.1059 0.1530
v -0.269073 -0.264771 0.114571 0.0706 0.0745 0.0902
v -0.269135 0.123856 -0.012383 0.0902 0.1059 0.1490
v -0.269257 0.227982 0.004528 0.0745 0.0980 0.1490
v -0.269287 -0.080200 -0.009627 0.0196 0.0392 0.0667
v -0.269318 -0.377411 0.236755 0.0706 0.0824 0.1059
v -0.269348 -0.188644 -0.068634 0.0431 0.0588 0.0667
v -0.269379 -0.120476 0.003149 0.0431 0.0549 0.0745
v -0.269409 0.222504 -0.010170 0.0706 0.0902 0.1373
v -0.269440 0.139664 0.009918 0.0824 0.1020 0.1490
v -0.269470 -0.156601 -0.142410 0.0745 0.0980 0.1451
v -0.269531 0.158203 0.039082 0.0824 0.0980 0.1451
v -0.269531 0.194107 0.041103 0.0902 0.1020 0.1608
v -0.269562 -0.190598 -0.027950 0.0627 0.0667 0.0706
v -0.269653 0.212158 -0.027607 0.0745 0.0980 0.1490
v -0.269714 -0.152130 -0.077827 0.0431 0.0549 0.0745
v -0.269775 -0.119308 -0.131088 0.0941 0.1176 0.1647
v -0.269806 0.128159 -0.024193 0.0902 0.1059 0.1530
v -0.269836 -0.161774 0.155930 0.0824 0.1098 0.1490
v -0.270020 0.151932 0.047077 0.0902 0.1059 0.1530
v -0.270020 -0.137817 0.053070 0.0431 0.0549 0.0745
v -0.270172 -0.257751 0.008657 0.0510 0.0627 0.0824
v -0.270233 -0.259827 -0.019930 0.0510 0.0588 0.0784
v -0.270294 0.180435 -0.033314 0.0784 0.1020 0.1490
v -0.270325 -0.431030 -0.101639 0.0627 0.0667 0.0745
v -0.270386 0.149521 0.044563 0.0941 0.1098 0.1569
v -0.270599 0.136368 0.004274 0.0824 0.1059 0.1530
v -0.270599 -0.084435 -0.059246 0.0078 0.0196 0.0549
v -0.270599 -0.241608 -0.108276 0.0431 0.0471 0.0667
v -0.270630 -0.133209 0.029129 0.0431 0.0549 0.0745
v -0.270660 0.206802 0.026196 0.0863 0.1098 0.1647
v -0.270660 -0.138077 0.132462 0.0902 0.1176 0.1569
v -0.270660 -0.398712 -0.145844 0.0039 0.0157 0.0510
v -0.270844 -0.139984 -0.031719 0.0431 0.0549 0.0745
v -0.270844 -0.191757 0.089363 0.0549 0.0706 0.0824
v -0.270844 -0.419067 -0.128464 0.0118 0.0235 0.0588
v -0.270935 -0.158493 0.071289 0.0431 0.0549 0.0745
v -0.270935 -0.223740 -0.137680 0.0627 0.0784 0.1137
v -0.271027 -0.171555 -0.074059 0.0392 0.0510 0.0706
v -0.271027 -0.190216 -0.008784 0.0667 0.0706 0.0706
v -0.271027 -0.428528 -0.117409 0.0235 0.0235 0.0431
v -0.271210 -0.233734 -0.129120 0.0627 0.0784 0.1176
v -0.271240 0.173523 0.047573 0.0863 0.1020 0.1490
v -0.271271 -0.082771 0.040863 0.0863 0.1020 0.1333
v -0.271271 -0.135498 -0.005356 0.0431 0.0549 0.0745
v -0.271332 0.162186 0.009012 0.0824 0.0980 0.1490
v -0.271332 -0.092606 -0.097488 0.0510 0.0706 0.1020
v -0.271362 -0.180603 -0.065407 0.0392 0.0549 0.0706
v -0.271484 0.130859 -0.007041 0.0902 0.1059 0.1490
v -0.271545 0.180084 0.011333 0.0902 0.1020 0.1608
v -0.271545 0.211227 0.021202 0.0863 0.1059 0.1569
v -0.271576 0.199936 -0.023750 0.0706 0.0941 0.1490
v -0.271576 -0.429047 0.261047 0.0784 0.0824 0.0980
v -0.271698 0.205261 -0.003117 0.1020 0.1137 0.1725
v -0.271698 -0.191284 0.166977 0.0784 0.1059 0.1451
v -0.271759 0.146011 -0.028473 0.0980 0.1137 0.1608
v -0.271820 -0.186935 0.023804 0.0627 0.0706 0.0667
v -0.271851 -0.186218 0.039806 0.0667 0.0706 0.0706
v -0.271881 -0.184357 0.100334 0.0510 0.0667 0.0784
v -0.271881 -0.265411 0.075508 0.0588 0.0706 0.0902
v -0.271912 -0.108109 -0.116364 0.0941 0.1098 0.1608
v -0.271912 -0.431061 -0.068771 0.0706 0.0745 0.0824
v -0.271942 -0.365967 0.219116 0.0745 0.0863 0.1216
v -0.272003 0.129837 0.018404 0.0863 0.1020 0.1490
v -0.272034 0.144745 -0.010520 0.0863 0.1020 0.1490
v -0.272064 -0.098244 0.082100 0.0980 0.1255 0.1647
v -0.272095 0.145645 0.032608 0.0941 0.1098 0.1569
v -0.272308 -0.081284 -0.004483 0.0314 0.0471 0.0784
v -0.272491 -0.242294 0.122292 0.0392 0.0431 0.0588
v -0.272522 -0.430969 0.245667 0.0824 0.0824 0.0902
v -0.272552 -0.431061 -0.026062 0.0745 0.0863 0.0902
v -0.272583 0.172028 -0.020332 0.0902 0.1020 0.1608
v -0.272583 0.191360 -0.010379 0.1137 0.1255 0.1804
v -0.272583 -0.182266 -0.027000 0.0549 0.0627 0.0667
v -0.272644 0.153519 0.028385 0.0863 0.1020 0.1490
v -0.272797 -0.167053 -0.055626 0.0431 0.0549 0.0745
v -0.272827 0.195908 -0.017462 0.0824 0.1059 0.1608
v -0.273102 0.173248 0.020699 0.0980 0.1137 0.1608
v -0.273102 -0.186646 0.006547 0.0627 0.0667 0.0745
v -0.273163 -0.138519 -0.117790 0.0824 0.1059 0.1530
v -0.273224 0.155624 -0.017408 0.1059 0.1216 0.1686
v -0.273254 0.165894 0.015101 0.0902 0.1059 0.1530
v -0.273376 -0.188782 -0.130188 0.0706 0.0863 0.1294
v -0.273376 -0.341095 -0.127701 0.0039 0.0196 0.0627
v -0.273407 0.189087 0.018436 0.0863 0.1020 0.1569
v -0.273438 0.192947 0.031225 0.0784 0.0980 0.1530
v -0.273529 -0.086601 -0.055019 0.0588 0.0667 0.0980
v -0.273529 -0.176071 -0.023975 0.0510 0.0588 0.0745
v -0.273529 -0.428986 -0.088196 0.0196 0.0235 0.0392
v -0.273560 0.171783 -0.008875 0.1059 0.1176 0.1765
v -0.273651 -0.211624 0.171951 0.0824 0.0980 0.1373
v -0.273743 0.201385 0.006238 0.0863 0.0980 0.1569
v -0.273804 -0.092110 0.048691 0.1020 0.1216 0.1647
v -0.273804 -0.182480 0.046898 0.0588 0.0549 0.0784
v -0.273834 -0.164932 -0.007066 0.0471 0.0588 0.0745
v -0.273834 -0.420685 -0.109222 0.0118 0.0157 0.0353
v -0.273926 -0.178970 0.057266 0.0510 0.0588 0.0784
v -0.273956 -0.232864 0.164841 0.0824 0.0941 0.1216
v -0.274017 0.155258 -0.003587 0.0824 0.0980 0.1451
v -0.274017 -0.290283 -0.060665 0.0118 0.0275 0.0667
v -0.274048 0.168839 -0.015715 0.1137 0.1294 0.1843
v -0.274200 -0.275360 -0.018602 0.0392 0.0510 0.0745
v -0.274261 -0.360504 -0.129135 0.0000 0.0157 0.0588
v -0.274261 -0.428162 -0.075294 0.0078 0.0196 0.0392
v -0.274292 -0.271149 0.044083 0.0549 0.0667 0.0863
v -0.274323 -0.136963 0.112740 0.0863 0.1137 0.1530
v -0.274353 0.175079 -0.025530 0.0863 0.1059 0.1608
v -0.274353 -0.085655 0.004205 0.0980 0.1176 0.1530
v -0.274353 -0.153778 0.128662 0.0824 0.1098 0.1490
v -0.274445 0.171112 0.004310 0.0902 0.1020 0.1608
v -0.274597 -0.326813 0.183228 0.0706 0.0863 0.1137
v -0.274689 -0.178177 0.021864 0.0549 0.0588 0.0745
v -0.274719 -0.241211 0.090874 0.0471 0.0510 0.0667
v -0.274750 -0.416534 0.242050 0.0706 0.0863 0.0980
v -0.274811 0.178787 0.000464 0.0941 0.1059 0.1647
v -0.274841 -0.219269 -0.125015 0.0667 0.0824 0.1176
v -0.274933 -0.174286 -0.121651 0.0706 0.0863 0.1294
v -0.274963 0.184097 0.034462 0.0745 0.0941 0.1490
v -0.275116 0.168564 -0.003577 0.0863 0.0980 0.1569
v -0.275269 -0.428741 -0.048058 0.0157 0.0196 0.0353
v -0.275360 -0.304443 -0.079254 0.0039 0.0196 0.0627
v -0.275482 -0.102219 -0.081177 0.0863 0.1137 0.1647
v -0.275635 -0.089035 -0.029375 0.1020 0.1176 0.1608
v -0.275665 -0.402191 -0.112671 0.0039 0.0157 0.0510
v -0.275696 -0.324310 -0.096619 0.0039 0.0196 0.0627
v -0.275757 -0.303558 0.148926 0.0667 0.0784 0.0980
v -0.275909 -0.237076 0.141144 0.0706 0.0863 0.1137
v -0.276001 -0.095993 -0.062199 0.0863 0.1176 0.1686
v -0.276093 0.176605 0.026848 0.0824 0.0980 0.1451
v -0.276093 -0.430969 0.082657 0.0824 0.0863 0.0941
v -0.276123 -0.241318 0.026997 0.0392 0.0510 0.0706
v -0.276306 -0.129395 0.086243 0.0902 0.1137 0.1608
v -0.276337 -0.109627 0.057590 0.0941 0.1216 0.1608
v -0.276642 -0.094521 -0.000646 0.0902 0.1176 0.1569
v -0.276733 -0.125504 -0.088150 0.0902 0.1059 0.1530
v -0.276886 -0.151688 -0.104164 0.0706 0.0980 0.1373
v -0.277008 -0.241241 -0.044868 0.0431 0.0510 0.0784
v -0.277039 -0.380280 -0.110695 0.0039 0.0157 0.0510
v -0.277130 -0.427979 -0.021748 0.0157 0.0235 0.0392
v -0.277252 -0.191833 -0.108940 0.0706 0.0863 0.1255
v -0.277435 -0.288727 0.105331 0.0314 0.0431 0.0706
v -0.277557 -0.431030 0.032074 0.0706 0.0706 0.0784
v -0.277679 -0.409058 -0.079552 0.0000 0.0157 0.0510
v -0.277740 -0.232300 -0.100494 0.0667 0.0784 0.1059
v -0.277771 -0.236954 -0.081627 0.0627 0.0745 0.1020
v -0.277832 -0.428558 0.230316 0.0745 0.0863 0.0980
v -0.278076 -0.238266 0.088829 0.0549 0.0588 0.0784
v -0.278076 -0.430939 0.212097 0.0784 0.0824 0.0980
v -0.278168 -0.224823 -0.106201 0.0667 0.0824 0.1176
v -0.278229 -0.419617 -0.060547 0.0078 0.0235 0.0588
v -0.278259 -0.172836 0.124390 0.0784 0.1059 0.1451
v -0.278534 -0.227814 0.151169 0.0784 0.0941 0.1294
v -0.278809 -0.207504 -0.104485 0.0667 0.0824 0.1176
v -0.278870 -0.396515 0.205368 0.0706 0.0824 0.1020
v -0.278992 -0.109581 -0.035591 0.0902 0.1176 0.1569
v -0.279114 -0.216156 0.151764 0.0706 0.0980 0.1294
v -0.279266 -0.428772 0.044018 0.0196 0.0235 0.0392
v -0.279358 -0.428253 0.081131 0.0314 0.0353 0.0588
v -0.279663 -0.144104 0.079643 0.0824 0.1059 0.1569
v -0.279663 -0.146194 -0.081451 0.0745 0.1020 0.1412
v -0.279694 -0.234497 0.123779 0.0784 0.0902 0.1176
v -0.279724 -0.428711 0.064667 0.0157 0.0235 0.0431
v -0.279724 -0.430939 0.130737 0.0706 0.0745 0.0902
v -0.279785 -0.123672 0.033737 0.0863 0.1137 0.1530
v -0.279785 -0.172546 -0.090912 0.0627 0.0863 0.1333
v -0.279907 -0.237900 0.037693 0.0392 0.0510 0.0706
v -0.279938 -0.421326 0.215805 0.0706 0.0824 0.1020
v -0.279968 -0.431000 0.170639 0.0784 0.0824 0.0980
v -0.280609 -0.430908 0.108429 0.0510 0.0549 0.0745
v -0.281281 -0.423767 0.050522 0.0039 0.0157 0.0392
v -0.281311 -0.429688 0.198090 0.0784 0.0824 0.0980
v -0.281464 -0.193542 -0.073570 0.0706 0.0863 0.1294
v -0.281616 -0.321106 -0.043941 0.0039 0.0196 0.0627
v -0.281738 -0.303864 -0.007352 0.0118 0.0275 0.0667
v -0.281860 -0.229095 -0.071060 0.0667 0.0824 0.1176
v -0.281891 -0.219635 -0.078484 0.0667 0.0824 0.1137
v -0.281921 -0.401276 -0.056042 0.0000 0.0157 0.0588
v -0.281952 -0.232178 0.097679 0.0745 0.0902 0.1216
v -0.281952 -0.410492 -0.020208 0.0078 0.0196 0.0510
v -0.282013 -0.354340 -0.067490 0.0000 0.0157 0.0510
v -0.282013 -0.378632 -0.069542 0.0000 0.0157 0.0510
v -0.282166 -0.356018 0.178284 0.0667 0.0824 0.1137
v -0.282288 -0.133179 -0.003023 0.0824 0.1059 0.1451
v -0.282288 -0.138229 0.022558 0.0784 0.1020 0.1490
v -0.282318 -0.305359 0.100639 0.0275 0.0392 0.0706
v -0.282349 -0.378906 0.186264 0.0706 0.0824 0.1176
v -0.282379 -0.336761 -0.054592 0.0039 0.0196 0.0627
v -0.282410 -0.417145 0.190567 0.0745 0.0824 0.1020
v -0.282532 -0.429657 0.005715 0.0196 0.0196 0.0471
v -0.282623 -0.428711 0.126770 0.0549 0.0588 0.0784
v -0.282715 -0.159515 0.062275 0.0745 0.0980 0.1451
v -0.282715 -0.236542 -0.015249 0.0627 0.0784 0.1137
v -0.282715 -0.427826 0.173996 0.0784 0.0824 0.0980
v -0.282745 -0.234512 0.022133 0.0549 0.0667 0.0941
v -0.282928 -0.303406 0.072449 0.0196 0.0353 0.0706
v -0.282959 -0.303436 0.025364 0.0118 0.0275 0.0627
v -0.283112 -0.158096 -0.051872 0.0706 0.0980 0.1373
v -0.283112 -0.225616 0.119171 0.0784 0.0941 0.1294
v -0.283325 -0.409149 0.176636 0.0706 0.0824 0.1098
v -0.283356 -0.328033 0.146210 0.0706 0.0824 0.1059
v -0.283386 -0.196777 0.112434 0.0745 0.1020 0.1412
v -0.283478 -0.418610 0.085823 0.0039 0.0196 0.0510
v -0.283539 -0.428589 0.016024 0.0118 0.0118 0.0471
v -0.283752 -0.428589 0.161224 0.0706 0.0824 0.0941
v -0.283875 -0.209061 0.118263 0.0745 0.1020 0.1333
v -0.283936 -0.233444 -0.032322 0.0588 0.0745 0.1098
v -0.283966 -0.160034 0.012254 0.0706 0.0980 0.1373
v -0.284088 -0.225067 0.092590 0.0784 0.0941 0.1373
v -0.284302 -0.228058 0.043530 0.0706 0.0863 0.1216
v -0.284332 -0.183609 -0.049358 0.0706 0.0863 0.1294
v -0.284515 -0.216599 0.108131 0.0745 0.0980 0.1333
v -0.284760 -0.174881 -0.026579 0.0706 0.0902 0.1333
v -0.284790 -0.426849 0.108582 0.0157 0.0275 0.0510
v -0.284943 -0.378448 -0.040352 0.0039 0.0157 0.0510
v -0.285522 -0.404938 0.045368 0.0000 0.0157 0.0588
v -0.285858 -0.191513 0.067474 0.0745 0.0941 0.1373
v -0.285858 -0.210327 -0.041451 0.0667 0.0824 0.1176
v -0.285919 -0.214066 0.055843 0.0745 0.0902 0.1255
v -0.286011 -0.319275 0.025394 0.0078 0.0235 0.0667
v -0.286194 -0.199936 0.063377 0.0784 0.0941 0.1373
v -0.286438 -0.218124 0.027035 0.0706 0.0863 0.1216
v -0.286499 -0.183868 0.016119 0.0667 0.0941 0.1333
v -0.286499 -0.226044 -0.001590 0.0667 0.0824 0.1176
v -0.286682 -0.383789 -0.018108 0.0039 0.0157 0.0510
v -0.286774 -0.388397 0.166565 0.0706 0.0824 0.1098
v -0.286896 -0.191833 -0.005893 0.0706 0.0863 0.1294
v -0.286957 -0.332092 0.008868 0.0039 0.0196 0.0627
v -0.286957 -0.351501 -0.019131 0.0039 0.0157 0.0588
v -0.287048 -0.219513 -0.019157 0.0667 0.0824 0.1176
v -0.287048 -0.364838 0.162033 0.0667 0.0784 0.1059
v -0.287323 -0.404358 0.127853 0.0549 0.0588 0.0784
v -0.287354 -0.417542 0.018250 0.0000 0.0157 0.0549
v -0.287445 -0.210815 0.006175 0.0706 0.0863 0.1216
v -0.287476 -0.405334 0.066429 0.0000 0.0157 0.0510
v -0.287537 -0.365387 -0.020348 0.0000 0.0118 0.0510
v -0.287537 -0.403259 0.089012 0.0118 0.0235 0.0588
v -0.287567 -0.413513 0.004887 0.0000 0.0157 0.0588
v -0.288177 -0.329102 0.091873 0.0157 0.0314 0.0667
v -0.288452 -0.396851 0.149323 0.0706 0.0824 0.1020
v -0.288513 -0.349762 0.009270 0.0039 0.0196 0.0627
v -0.288513 -0.407745 0.113228 0.0235 0.0314 0.0588
v -0.288696 -0.386414 -0.001362 0.0078 0.0157 0.0431
v -0.288727 -0.350555 0.140610 0.0706 0.0824 0.1020
v -0.289093 -0.349762 0.121475 0.0471 0.0667 0.0941
v -0.289276 -0.399200 0.021793 0.0000 0.0157 0.0510
v -0.289703 -0.396301 0.114464 0.0314 0.0431 0.0627
v -0.289825 -0.379517 0.123871 0.0588 0.0627 0.0784
v -0.290009 -0.372864 0.143341 0.0667 0.0784 0.0980
v -0.290283 -0.341095 0.056084 0.0039 0.0196 0.0627
v -0.290344 -0.380280 0.042820 0.0039 0.0157 0.0549
v -0.290558 -0.381866 0.094978 0.0118 0.0235 0.0549
v -0.291107 -0.360474 0.045250 0.0039 0.0196 0.0627
v -0.291504 -0.367279 0.104515 0.0157 0.0275 0.0549
v -0.291626 -0.351349 0.086685 0.0078 0.0235 0.0667
v -0.291748 -0.365387 0.071472 0.0039 0.0196 0.0627
s 1
f 5384 5438 4895
f 5438 5384 5785
f 5438 5785 5821
f 5821 5785 6127
f 6127 5785 5364
f 5364 5785 5384
f 6127 5364 6333
f 4895 5438 5206
f 5206 5438 5401
f 5206 5401 5274
f 4895 5206 4901
f 5206 5274 4968
f 5206 4968 4901
f 4968 5274 4953
f 4953 5274 5063
f 4953 5063 4958
f 4968 4953 4751
f 4751 4953 4958
f 4968 4751 4901
f 4751 4958 4686
f 4751 4686 4602
f 4602 4686 4365
f 4901 4751 4657
f 4602 4365 4378
f 4751 4602 4508
f 4751 4508 4657
f 4508 4602 4378
f 4378 4365 4130
f 4657 4508 4502
f 4901 4657 4576
f 4576 4657 4502
f 4901 4576 4650
f 4901 4650 4895
f 4508 4378 4099
f 4508 4099 4502
f 4378 4130 3922
f 4378 3922 4099
f 4895 4650 4853
f 4895 4853 5384
f 4502 4099 4108
f 3922 4130 3789
f 3789 4130 3893
f 4099 3922 3948
f 4099 3948 4108
f 3922 3789 3745
f 3922 3745 3948
f 3789 3893 3704
f 3704 3893 3686
f 3745 3789 3593
f 3593 3789 3704
f 3948 3745 3854
f 3948 3854 4108
f 3745 3593 3578
f 3745 3578 3854
f 3704 3686 183
f 183 3686 155
f 183 155 437
f 183 437 272
f 183 272 3704
f 3704 272 3593
f 3593 272 147
f 3593 147 3578
f 147 272 461
f 3578 147 124
f 124 147 397
f 3578 124 3573
f 3578 3573 3854
f 326 291 124
f 124 291 3573
f 3573 291 203
f 3573 203 63
f 63 203 288
f 3854 3573 3827
f 3827 3573 63
f 63 288 112
f 3854 3827 4108
f 3827 63 3747
f 4108 3827 4035
f 4035 3827 3747
f 3747 63 3805
f 3805 63 112
f 3747 3805 4035
f 3805 112 3816
f 3816 112 644
f 4035 3805 4187
f 4187 3805 3816
f 4233 4108 4035
f 4233 4035 4187
f 4108 4233 4502
f 4502 4233 4576
f 3816 644 3790
f 4576 4233 4411
f 4411 4233 4187
f 4576 4411 4650
f 4411 4187 4314
f 4411 4314 4650
f 4314 4187 3816
f 4650 4314 4853
f 4314 3816 4597
f 4314 4597 4853
s 0
f 4597 3816 3790
s 1
f 4853 4597 5384
f 5384 4597 5364
s 0
f 5364 4597 3790
s 1
f 5364 3790 3967
f 3967 3790 456
s 0
f 5364 3967 5808
s 1
f 5364 5808 6333
s 0
f 5808 3967 4542
f 4542 3967 48
f 4542 48 4003
f 4542 4003 6320
s 1
f 4542 6320 5808
f 6320 4003 5709
f 6333 5808 6450
f 6450 5808 6320
f 6333 6450 6480
f 6480 6450 6662
f 6480 6662 6639
f 6450 6320 6814
f 6450 6814 6662
f 6814 6320 6998
f 6998 6320 6736
f 6814 6998 6951
f 6951 6998 7133
f 6639 6662 6758
f 6639 6758 6775
f 6662 6814 6826
f 6826 6814 6951
f 6662 6826 6761
f 6662 6761 6758
f 6826 6951 6921
f 6775 6758 6856
f 6775 6856 6904
f 6904 6856 6973
f 6761 6826 6818
f 6761 6818 6758
f 6818 6826 6921
f 6856 6758 6905
f 6856 6905 6973
f 6905 6758 6818
f 6973 6905 6964
f 6964 6905 6818
f 6964 6818 6921
f 6964 6921 6951
f 6964 6951 7079
f 5712 5401 5438
f 5712 5438 5821
f 5401 5712 5464
f 5401 5464 5274
f 5712 5821 5960
f 5960 5821 6127
f 5712 5960 5879
f 5960 6127 6220
f 5960 6220 5879
f 6220 6127 6269
f 6269 6127 6333
f 5879 6220 6077
f 5712 5879 5769
f 5769 5879 6077
f 5712 5769 5464
f 6220 6269 6349
f 6220 6349 6077
f 6269 6333 6434
f 6269 6434 6349
f 6434 6333 6480
f 6434 6480 6538
f 6538 6480 6639
f 6349 6434 6432
f 6432 6434 6538
f 6276 6077 6349
f 6349 6432 6340
f 6349 6340 6276
f 6538 6639 6665
f 6665 6639 6775
f 6665 6775 6744
f 6744 6775 6904
f 6665 6744 6502
f 6502 6744 6594
f 6538 6665 6443
f 6443 6665 6502
f 6538 6443 6432
f 6502 6594 6355
f 6502 6355 6443
f 6432 6443 6317
f 6432 6317 6340
f 6317 6443 6355
f 6355 6594 6245
f 6340 6317 6179
f 6179 6317 6355
f 6355 6245 6138
f 6355 6138 6179
f 6138 6245 5964
f 5964 6245 6260
f 6340 6179 6224
f 6340 6224 6276
f 6224 6179 6032
f 6276 6224 6100
f 6100 6224 6032
f 6276 6100 6077
f 6077 6100 5921
f 5921 6100 6032
f 6077 5921 5769
f 6032 6179 5989
f 5989 6179 6138
f 5921 6032 5519
f 6032 5989 5527
f 6032 5527 5519
f 5989 6138 5779
f 5779 6138 5964
f 5593 5769 5921
f 5769 5593 5464
f 5593 5921 5558
f 5558 5921 5519
f 5593 5558 5347
f 5593 5347 5464
f 5347 5558 5519
f 5464 5347 5185
f 5464 5185 5274
f 5274 5185 5063
f 5063 5185 4958
f 5185 5347 5165
f 5165 5347 5519
f 4958 5185 5037
f 5037 5185 5165
f 4958 5037 4758
f 4758 5037 5165
f 4958 4758 4686
f 4686 4758 4365
f 5165 5519 5340
f 4758 5165 4838
f 4838 5165 5340
f 5340 5519 5527
f 4758 4838 4513
f 4758 4513 4365
f 4838 5340 4913
f 4365 4513 4167
f 4365 4167 4130
f 4130 4167 3893
f 4513 4838 4620
f 4620 4838 4913
f 4167 4513 4282
f 4282 4513 4620
f 3893 4167 3955
f 3955 4167 4282
f 3893 3955 3686
f 5126 4913 5340
f 5126 5340 5527
f 4913 5126 4972
f 5126 5527 5329
f 5126 5329 4972
f 5329 5527 5591
f 5591 5527 5989
f 5591 5989 5779
f 5329 5591 5306
f 5591 5779 5489
f 5591 5489 5306
f 5489 5779 5643
f 5643 5779 5964
f 5643 5964 5918
f 5329 5306 5141
f 5329 5141 4972
f 5306 5489 5152
f 5489 5643 5275
f 5489 5275 5152
f 5306 5152 4938
f 5306 4938 5141
f 5152 5275 4917
f 5152 4917 4938
f 5275 5643 5512
f 5275 5512 4917
f 5512 5643 5498
f 5498 5643 5963
f 5498 5963 6000
f 5512 5498 5198
f 5512 5198 4917
f 5498 6000 5505
f 5498 5505 5198
f 5505 6000 5887
f 5198 5505 4990
f 5505 5887 5635
f 5635 5887 6013
f 5635 6013 5835
f 5505 5635 5451
f 5505 5451 4990
f 5635 5835 5504
f 5635 5504 5451
f 5504 5835 5520
f 5451 5504 5115
f 5504 5520 5069
f 5504 5069 5115
f 5451 5115 4978
f 5451 4978 4990
f 4978 5115 5069
f 5069 5520 5300
f 5300 5520 5696
f 4978 5069 4797
f 5069 5300 5000
f 5069 5000 4797
f 5000 5300 5231
f 5231 5300 5599
f 4797 5000 4746
f 5000 5231 4969
f 5000 4969 4746
f 4969 5231 5276
f 4969 5276 4983
f 4969 4983 4708
f 4969 4708 4746
f 5257 5060 4983
f 4983 5060 4806
f 4983 4806 4708
f 4806 5060 5094
f 4746 4708 4675
f 4708 4806 4612
f 4675 4708 4442
f 4442 4708 4612
f 4806 5094 4832
f 4806 4832 4612
f 4746 4675 4356
f 4356 4675 4442
f 4746 4356 4490
f 4746 4490 4797
f 4797 4490 4606
f 4797 4606 4978
f 4978 4606 4695
f 4606 4490 4216
f 4606 4216 4695
f 4978 4695 4990
f 4150 4490 4356
f 4490 4150 4216
f 4150 4356 4139
f 4139 4356 4442
f 4216 4150 3976
f 4139 4442 4070
f 4150 4139 3975
f 4150 3975 3976
f 3975 4139 3795
f 3795 4139 4070
f 3976 3975 3692
f 3692 3975 3795
f 4216 3976 3918
f 3918 3976 3692
f 4279 4695 4216
f 4279 4216 3918
f 4695 4279 4503
f 4279 3918 4310
f 4279 4310 4503
f 4695 4503 4752
f 4695 4752 4990
f 4503 4310 4287
f 4310 3918 3916
f 4310 3916 4287
f 4990 4752 4932
f 4990 4932 5198
f 5198 4932 4917
f 4681 4752 4503
f 4752 4681 4932
f 4681 4503 4287
f 4917 4932 4688
f 4688 4932 4681
f 4917 4688 4724
f 4917 4724 4938
f 4688 4681 4341
f 4341 4681 4287
f 4724 4688 4474
f 4474 4688 4341
f 4938 4724 4909
f 4938 4909 5141
f 5141 4909 4972
f 4909 4724 4744
f 4744 4724 4474
f 4972 4909 4736
f 4736 4909 4744
f 4744 4474 4495
f 4744 4495 4736
f 4972 4736 4667
f 4667 4736 4495
f 4972 4667 4913
f 4913 4667 4620
f 4495 4474 4243
f 4243 4474 4341
f 4243 4341 3995
f 3995 4341 4287
f 4620 4667 4320
f 4620 4320 4282
f 4273 4667 4495
f 4282 4320 3989
f 4282 3989 3955
f 4320 4667 4183
f 4183 4667 4273
f 3989 4320 4136
f 4136 4320 4183
f 3955 3989 3818
f 3818 3989 4136
f 3955 3818 3686
f 4179 4273 4495
f 4179 4495 4243
f 3984 4183 4273
f 3984 4273 4179
f 4179 4243 3943
f 4179 3943 3984
f 3943 4243 3995
f 4183 3984 3957
f 4183 3957 4136
f 4136 3957 3818
f 3957 3984 3644
f 3644 3984 3943
f 3818 3957 3569
f 3569 3957 3644
f 3544 3686 3818
f 3544 3818 3569
f 3686 3544 155
f 155 3544 198
f 198 3544 3569
f 155 198 425
f 425 198 334
f 334 198 202
f 202 198 3569
f 202 3569 3644
f 202 3644 3549
f 3549 3644 3943
f 202 3549 257
f 202 257 387
f 257 3549 148
f 3549 3943 3707
f 3549 3707 148
f 3707 3943 3995
f 148 3707 3532
f 148 3532 219
f 3707 3995 3677
f 3707 3677 3532
f 219 3532 128
f 128 3532 3677
f 219 128 451
f 3677 3995 3878
f 3677 3878 128
f 3878 3995 4287
f 3878 4287 3916
f 128 3878 3547
f 128 3547 451
f 3547 3878 3916
f 451 3547 524
f 3547 3916 3918
f 524 3547 45
f 45 3547 3918
f 45 3918 3692
f 45 3692 153
f 45 153 546
f 546 153 357
f 153 3692 3575
f 153 3575 357
f 3575 3692 3795
f 357 3575 255
f 255 3575 3607
f 3607 3575 3795
f 255 3607 325
f 3607 3795 3635
f 3635 3795 4070
f 325 3607 3537
f 3537 3607 3635
f 3635 4070 3876
f 3635 3876 3537
f 325 3537 138
f 325 138 395
f 3537 3876 3834
f 138 3537 3801
f 3801 3537 3834
f 395 138 11
f 11 138 3801
f 395 11 119
f 3834 3876 4105
f 3801 3834 4042
f 4042 3834 4105
f 11 3801 3822
f 11 3822 119
f 3801 4042 4145
f 3801 4145 3822
f 4145 4042 4296
f 4296 4042 4105
f 4018 4105 3876
f 4018 3876 4070
f 4296 4105 4536
f 4018 4070 4385
f 4385 4070 4442
f 4385 4442 4612
f 4018 4385 4421
f 4018 4421 4105
f 4421 4385 4612
f 4105 4421 4536
f 4421 4612 4711
f 4421 4711 4536
f 4711 4612 4832
f 4536 4711 4800
f 4711 4832 4888
f 4711 4888 4800
f 4888 4832 5094
f 4888 5094 5077
f 5077 5094 5242
f 5077 5242 5317
f 4888 5077 5120
f 4888 5120 4800
f 5077 5317 5318
f 5077 5318 5120
f 5318 5317 5516
f 5318 5516 5536
f 5120 5318 5177
f 5318 5536 5556
f 5556 5536 5832
f 5318 5556 5366
f 5318 5366 5177
f 5366 5556 5511
f 5511 5556 5811
f 5366 5511 5311
f 5366 5311 5177
f 5311 5511 5367
f 5023 5120 5177
f 5120 5023 4800
f 5177 5311 5228
f 5311 5367 5261
f 5311 5261 5228
f 5261 5367 5184
f 5177 5228 5024
f 5177 5024 5023
f 5228 5261 5029
f 5228 5029 5024
f 5029 5261 5039
f 5023 5024 4728
f 5023 4728 4800
f 5024 5029 4849
f 5024 4849 4728
f 5029 5039 4887
f 5029 4887 4849
f 4887 5039 4532
f 4532 5039 4556
f 4887 4532 4359
f 4359 4532 4221
f 4849 4887 4557
f 4557 4887 4359
f 4359 4221 4068
f 4557 4359 4257
f 4257 4359 4068
f 4849 4557 4386
f 4386 4557 4257
f 4849 4386 4601
f 4849 4601 4728
f 4386 4257 4112
f 4728 4601 4521
f 4728 4521 4800
f 4800 4521 4536
f 4536 4521 4296
f 4521 4601 4334
f 4521 4334 4296
f 4334 4601 4386
f 4334 4386 4112
f 4296 4334 4145
f 4145 4334 4126
f 4145 4126 3822
f 4126 4334 3992
f 3992 4334 4112
f 3822 4126 3794
f 3794 4126 3992
f 3794 3992 3748
f 3822 3794 3634
f 3634 3794 3748
f 3748 3992 3825
f 3825 3992 4112
f 3634 3748 3667
f 3667 3748 3825
f 3822 3634 195
f 3822 195 119
f 119 195 531
f 195 3634 145
f 145 3634 3667
f 195 145 250
f 250 145 280
f 280 145 310
f 310 145 279
f 145 3667 35
f 145 35 279
f 35 3667 3825
f 279 35 170
f 170 35 3825
f 170 3825 3597
f 170 3597 261
f 3597 3825 4112
f 261 3597 86
f 3597 4112 3958
f 3597 3958 86
f 3958 4112 4257
f 3958 4257 4068
f 3958 4068 3962
f 3958 3962 86
f 3962 4068 3874
f 3962 3874 86
f 176 317 86
f 176 86 131
f 131 86 3874
f 131 3874 3751
f 131 3751 3616
f 131 3616 289
f 289 3616 3695
f 289 3695 269
f 5918 5964 6260
f 5963 5643 5918
f 5963 5918 6237
f 6237 5918 6260
f 5963 6237 6370
f 5963 6370 6000
f 6237 6260 6494
f 6000 6370 6306
f 6000 6306 5887
f 6370 6237 6388
f 6388 6237 6494
f 5887 6306 6089
f 5887 6089 6013
f 6089 6306 6222
f 6089 6222 6013
f 6666 6306 6370
f 6370 6388 6589
f 6370 6589 6666
f 6581 6388 6494
f 6388 6581 6589
f 6306 6666 6508
f 6306 6508 6222
f 6666 6589 6753
f 6194 6013 6222
f 6013 6194 6040
f 6013 6040 5835
f 5835 6040 5520
f 5520 6040 5696
f 5696 6040 6038
f 6038 6040 6250
f 6250 6040 6194
f 6038 6250 6299
f 6315 6194 6222
f 6194 6315 6250
f 6315 6222 6659
f 6659 6222 6508
f 6250 6315 6584
s 0
f 6584 6315 6659
s 1
f 6659 6508 6768
f 6659 6768 6584
f 6768 6508 6666
f 6613 6299 6250
f 6613 6250 6584
f 6299 6613 6544
f 6299 6544 6467
f 6467 6544 6655
f 6544 6613 6763
f 6544 6763 6655
f 6613 6584 6770
f 6613 6770 6763
f 6770 6584 6768
f 6655 6763 6849
f 6655 6849 6991
f 6763 6770 6877
f 6763 6877 6849
f 6991 6849 6955
f 6955 6849 6877
f 6991 6955 7087
f 6877 6770 6899
f 6899 6770 6768
f 6955 6877 7010
f 7087 6955 7136
f 7136 6955 7010
f 7010 6877 7029
f 7029 6877 6899
f 7136 7010 7113
f 7113 7010 7029
f 7087 7136 7251
f 7136 7113 7245
f 7136 7245 7251
f 7087 7251 7295
f 7087 7295 7223
f 7223 7295 7281
f 7113 7029 7151
f 7113 7151 7245
f 7151 7029 6997
f 6997 7029 6899
f 7281 7295 7356
f 6997 6899 6927
f 6927 6899 6768
f 7151 6997 7184
f 7281 7356 7362
f 7281 7362 7321
f 7356 7295 7369
f 7356 7369 7362
f 7321 7362 7357
f 7321 7357 7302
f 7357 7362 7389
f 7357 7389 7368
f 7389 7362 7369
f 7369 7295 7314
s 0
f 7314 7295 7251
s 1
f 7314 7251 7245
f 7369 7314 7370
f 7389 7369 7394
f 7394 7369 7370
f 7389 7394 7431
f 7389 7431 7417
f 7417 7431 7446
f 7431 7394 7399
f 7399 7394 7370
f 7446 7431 7444
f 7444 7431 7399
s 0
f 7446 7444 7460
s 1
f 7351 7370 7314
f 7370 7351 7399
f 7351 7314 7245
f 7351 7245 7317
f 7317 7245 7151
f 7399 7351 7374
f 7374 7351 7317
f 7317 7151 7184
f 7399 7374 7406
f 7399 7406 7444
f 7374 7317 7387
f 7374 7387 7406
f 7387 7317 7350
f 7350 7317 7184
s 0
f 7451 7460 7444
s 1
f 7451 7444 7406
f 7460 7451 7463
f 7406 7387 7410
f 7406 7410 7451
f 7463 7451 7409
f 7409 7451 7410
f 7463 7409 7440
f 7410 7387 7383
f 7383 7387 7350
f 7409 7410 7378
f 7378 7410 7383
f 7440 7409 7379
f 7379 7409 7378
f 7440 7379 7371
f 7440 7371 7426
f 7379 7378 7263
f 7379 7263 7371
f 7378 7383 7276
f 7276 7383 7350
f 7378 7276 7263
f 7276 7350 7272
f 7272 7350 7184
f 7276 7272 7127
f 7127 7272 7184
f 7276 7127 6993
f 7127 7184 7000
f 7127 7000 6993
f 7000 7184 6997
f 7000 6997 6927
f 7000 6927 6933
f 7000 6933 6993
f 6933 6927 6768
f 6933 6768 6774
f 6933 6774 6993
f 6774 6768 6666
f 6774 6666 6753
f 6774 6753 6993
f 7092 7276 6993
f 7092 6993 6753
f 7276 7092 7263
f 7092 6753 6754
f 6754 6753 6589
f 6754 6589 6581
f 7092 6754 7078
f 7092 7078 7263
f 6754 6581 6739
f 6754 6739 7078
f 7263 7078 7054
f 7078 6739 6936
f 7078 6936 7054
f 6739 6581 6902
f 6739 6902 6936
f 6902 6581 6728
f 6728 6581 6494
f 6936 6902 7013
f 6936 7013 7054
f 7013 6902 7004
f 7004 6902 6728
f 7054 7013 7115
f 6728 6494 6533
f 6533 6494 6260
f 6728 6533 6766
f 6533 6260 6486
f 6486 6260 6245
f 6486 6245 6594
f 6533 6486 6726
f 6533 6726 6766
f 6726 6486 6594
f 6728 6766 6878
f 6878 6766 6726
f 6728 6878 7004
f 6726 6594 6846
f 6726 6846 6878
f 6846 6594 6744
f 7004 6878 7122
f 7122 6878 6846
f 6846 6744 6963
f 6846 6963 7122
f 6963 6744 6904
f 7122 6963 7095
f 7095 6963 6904
f 7095 6904 7141
f 7141 6904 6973
f 6964 7079 6973
f 6973 7079 7141
f 7141 7079 7200
f 7200 7079 6951
f 7200 6951 7133
f 7141 7200 7267
f 7267 7200 7133
f 7337 7095 7141
f 7337 7141 7267
f 7095 7337 7318
f 7095 7318 7122
f 7337 7267 7372
f 7122 7318 7222
f 7122 7222 7004
f 7318 7337 7414
f 7414 7337 7372
f 7222 7318 7359
f 7359 7318 7414
f 7004 7222 7134
f 7004 7134 7013
f 7222 7359 7355
f 7222 7355 7134
f 7013 7134 7115
f 7115 7134 7355
f 7355 7359 7407
f 7407 7359 7421
f 7421 7359 7414
f 7407 7421 7462
f 7462 7421 7469
f 7469 7421 7414
f 7355 7407 7334
f 7334 7407 7408
f 7334 7408 7336
f 7355 7334 7213
f 7213 7334 7336
f 7355 7213 7115
f 7213 7336 7257
f 7115 7213 7140
f 7140 7213 7257
f 7115 7140 7054
f 7140 7257 7197
f 7054 7140 7158
f 7158 7140 7197
f 7054 7158 7263
f 7158 7197 7187
f 7263 7158 7371
f 7158 7187 7232
f 7158 7232 7371
f 5817 5924 5832
f 5817 5832 5536
f 5817 5536 5828
f 5817 5828 5924
f 5828 5536 5516
f 5924 5828 5885
f 5924 5885 6015
f 5832 5924 6175
f 6175 5924 6015
f 5832 6175 6083
f 5811 5556 5832
f 5811 5832 6083
f 6083 6175 6359
f 6175 6015 6436
f 6175 6436 6359
f 6436 6015 6483
f 6483 6015 6093
f 6483 6093 6365
f 6436 6483 6654
f 6359 6436 6599
f 6599 6436 6654
f 6440 6083 6359
f 6440 6359 6599
f 6483 6365 6712
f 6483 6712 6654
f 6712 6365 6557
f 6557 6365 6396
f 6557 6396 6572
f 6557 6572 6762
f 6557 6762 6712
f 6762 6572 6729
f 6654 6712 6939
f 6939 6712 6762
f 6772 6599 6654
f 6599 6772 6440
f 6772 6654 6838
f 6838 6654 6939
f 6762 6729 6862
f 6762 6862 6939
f 6862 6729 6898
f 6898 6729 6876
f 6876 6729 6512
f 6862 6898 6984
f 6984 6898 6876
f 6939 6862 7024
f 7024 6862 6984
f 6939 7024 7077
f 6984 6876 6982
f 7024 6984 7072
f 7072 6984 6982
f 7024 7072 7118
f 7024 7118 7077
f 7118 7072 7156
f 6939 7077 7058
f 6939 7058 6838
f 7077 7118 7191
f 7191 7118 7225
s 0
f 7225 7118 7156
s 1
f 7077 7191 7162
f 7058 7077 7100
f 7100 7077 7162
f 6838 7058 6965
f 6965 7058 7100
f 7100 7162 7180
f 6965 7100 7106
f 7106 7100 7180
f 6965 7106 6960
f 6960 7106 6783
f 6838 6965 6832
f 6832 6965 6960
f 6960 6783 6721
f 6960 6721 6832
f 6721 6783 6514
f 6838 6832 6727
f 6838 6727 6772
f 6832 6721 6681
f 6681 6721 6514
f 6727 6832 6671
f 6671 6832 6681
f 6772 6727 6519
f 6772 6519 6440
f 6727 6671 6551
f 6727 6551 6519
f 6681 6514 6403
f 6403 6514 6503
f 6671 6681 6470
f 6470 6681 6403
f 6551 6671 6251
f 6251 6671 6470
f 6403 6503 6353
f 6353 6503 6392
f 6353 6392 6201
f 6403 6353 6277
f 6277 6353 6201
f 6403 6277 6470
f 6277 6201 6039
f 6470 6277 6207
f 6207 6277 6039
f 6470 6207 6251
f 6207 6039 5823
f 6251 6207 6066
f 6066 6207 5823
f 6251 6066 6183
f 6251 6183 6551
f 6066 5823 5845
f 5845 5823 5630
f 6183 6066 5986
f 5986 6066 5845
f 5845 5630 5795
f 5845 5795 5986
f 5795 5630 5404
f 6183 5986 6011
f 6011 5986 5795
f 6266 6551 6183
f 6266 6183 6011
f 6551 6266 6519
f 6011 5795 5913
f 6011 5913 6266
f 5913 5795 5456
f 5913 5456 5673
f 6266 5913 6195
f 6266 6195 6519
f 6195 5913 5673
f 6519 6195 6440
f 6195 5673 5646
f 5646 5673 5290
f 5646 5290 5367
f 6440 6195 6029
f 6029 6195 5646
f 6440 6029 6083
f 6083 6029 5811
f 6029 5646 5789
f 6029 5789 5811
f 5789 5646 5367
f 5811 5789 5511
f 5511 5789 5367
f 5599 5696 6038
f 5696 5599 5300
f 5599 6038 5906
f 5599 5906 5523
f 5599 5523 5231
f 5231 5523 5276
f 5906 6038 6206
f 6206 6038 6299
f 6206 6299 6467
f 5523 5906 5830
f 6206 6467 6235
f 5906 6206 6092
f 5906 6092 5830
f 6092 6206 6235
f 5523 5830 5500
f 5523 5500 5276
f 5830 6092 5746
f 5830 5746 5500
f 5746 6092 5980
f 5980 6092 6235
f 5500 5746 5517
f 5276 5500 5257
f 5257 5500 5517
f 5276 5257 4983
f 5517 5746 5938
f 5938 5746 5980
f 5257 5517 5540
f 5517 5938 5716
f 5517 5716 5540
f 5257 5540 5264
f 5257 5264 5060
f 5060 5264 5094
f 5094 5264 5242
f 5264 5540 5436
f 5264 5436 5242
f 5242 5436 5516
f 5242 5516 5317
f 5436 5540 5674
f 5674 5540 5716
f 5516 5436 5663
f 5663 5436 5674
f 5516 5663 5828
f 5828 5663 5885
f 5885 5663 5674
f 5885 5674 5716
f 5885 5716 5942
f 5942 5716 5938
f 5885 5942 6093
f 5885 6093 6015
f 5942 5938 6115
f 5942 6115 6093
f 6115 5938 5980
f 6093 6115 6244
f 6093 6244 6365
f 6115 5980 6199
f 6115 6199 6244
f 6365 6244 6396
f 6199 5980 6235
f 6396 6244 6572
f 6244 6199 6512
f 6244 6512 6572
f 6512 6199 6235
f 6572 6512 6729
f 6512 6235 6664
f 6664 6235 6467
f 6664 6467 6655
f 6664 6655 6881
f 6664 6881 6699
f 6664 6699 6512
f 6512 6699 6876
f 5290 5673 5456
f 5290 5456 5187
f 5184 5367 5290
f 5184 5290 5187
f 5039 5261 5184
f 5039 5184 4936
f 4936 5184 5187
f 5039 4936 4556
f 5150 5187 5456
f 5150 5456 5404
f 5404 5456 5795
f 5187 5150 4920
f 4936 5187 4867
f 4867 5187 4920
f 5150 5404 5058
f 5150 5058 4920
f 4936 4867 4545
f 4936 4545 4556
f 4867 4920 4642
f 4867 4642 4545
f 4920 5058 4738
f 4920 4738 4642
f 5267 5058 5404
f 5267 5404 5630
f 5267 5630 5416
f 5416 5630 5823
f 5267 5416 5341
f 5341 5416 5665
f 5058 5267 5032
f 5032 5267 5341
f 5341 5665 5612
f 5058 5032 4743
f 5058 4743 4738
f 5032 5341 5105
f 5341 5612 5351
f 5341 5351 5105
f 5351 5612 5415
f 5415 5612 5650
f 5351 5415 5255
f 5351 5255 5105
f 5032 5105 5017
f 5032 5017 4743
f 5017 5105 4954
f 5017 4954 4743
f 5415 5650 5346
f 5415 5346 5255
f 5346 5650 5598
f 5598 5650 5764
f 5255 5346 5247
f 5247 5346 5598
f 5142 5105 5255
f 5142 5255 5247
f 5105 5142 4954
f 5247 5598 5258
f 5598 5764 5656
f 5598 5656 5258
f 5656 5764 6041
f 5656 6041 6086
f 5142 5247 5157
f 5157 5247 5258
f 5092 4954 5142
f 5092 5142 5157
f 5656 6086 5902
f 5157 5258 5128
f 5092 5157 4906
f 4906 5157 5128
f 4954 5092 4839
f 5128 5258 5143
f 4906 5128 4882
f 4882 5128 5143
f 5092 4906 4709
f 5092 4709 4839
f 4906 4882 4625
f 4906 4625 4709
f 4709 4625 4324
f 4625 4882 4335
f 4324 4625 4192
f 4192 4625 4335
f 4709 4324 4403
f 4709 4403 4839
f 4403 4324 4192
f 4839 4403 4577
f 4590 4954 4839
f 4590 4839 4577
f 4577 4403 4199
f 4199 4403 4192
f 4577 4199 4590
f 4954 4590 4743
f 4590 4199 4186
f 4743 4590 4462
f 4462 4590 4186
f 4743 4462 4738
f 4462 4186 4307
f 4738 4462 4318
f 4318 4462 4307
f 4738 4318 4454
f 4738 4454 4642
f 4318 4307 4106
f 4106 4307 4186
f 4454 4318 3927
f 3927 4318 4106
f 4642 4454 4189
f 4189 4454 3927
f 4642 4189 4300
f 4642 4300 4545
f 4545 4300 4556
f 4556 4300 4221
f 4556 4221 4532
f 4221 4300 4133
f 4133 4300 4189
f 4221 4133 4068
f 4068 4133 3874
f 3874 4133 3751
f 3751 4133 4189
f 3751 4189 3927
f 3751 3927 3616
f 3616 3927 3695
f 3695 3927 3780
f 3780 3927 4106
f 3695 3780 22
f 3695 22 269
f 3780 4106 3743
f 3743 4106 4186
f 22 3780 33
f 33 3780 3743
f 22 33 238
f 238 33 160
s 0
f 3743 4186 3813
s 1
f 33 3743 3561
f 33 3561 160
f 3561 3743 3813
f 3813 4186 4199
f 3813 4199 3971
f 3971 4199 4192
f 3561 3813 3577
f 160 3561 106
f 106 3561 3577
f 160 106 319
f 160 319 382
f 319 106 123
f 319 123 281
f 106 3577 3817
f 106 3817 123
f 3803 3577 3813
f 3803 3813 3971
f 3577 3803 3817
f 3803 3971 4063
f 4063 3971 4192
f 3803 4063 3817
f 4063 4192 4335
f 3817 4063 4146
f 4146 4063 4335
f 3676 123 3817
f 78 281 123
f 78 123 3676
f 281 78 290
f 290 78 101
f 78 3676 3632
f 78 3632 101
f 3676 3817 4014
f 4014 3817 4146
f 3632 3676 3869
f 3869 3676 4014
f 101 3632 3564
f 101 3564 200
f 200 3564 156
f 3564 3632 3761
f 3761 3632 3869
f 156 3564 3596
f 156 3596 342
f 342 3596 75
f 42 206 75
f 42 75 3596
f 42 3596 3722
f 42 3722 3583
f 3596 3564 3885
f 3885 3564 3761
f 3596 3885 3828
f 3596 3828 3722
f 3885 3761 4122
f 3828 3885 4060
f 4060 3885 4122
f 3730 3583 3722
f 3583 3730 49
f 49 3730 88
f 88 3730 3712
f 3730 3722 3823
f 3730 3823 3712
f 3823 3722 4073
f 4073 3722 3828
f 3712 3823 3937
f 4073 3828 4269
f 4269 3828 4060
f 3823 4073 4196
f 3823 4196 3937
f 3712 3937 3771
f 3771 3937 4001
f 4001 3937 4196
f 3712 3771 3661
f 3712 3661 181
f 3661 3771 3762
f 3762 3771 4001
f 3536 3661 3640
f 3640 3661 3762
f 3762 4001 3921
f 3640 3762 3649
f 3640 3649 5
f 3762 3921 3839
f 3762 3839 3649
f 3921 4001 4012
f 3921 4012 3839
f 4012 4001 4222
f 4222 4001 4196
f 3839 4012 3942
f 3649 3839 3689
f 3649 3689 13
f 13 3689 39
f 3689 3839 3697
f 3689 3697 39
f 3697 3839 3942
f 39 3697 3545
f 39 3545 168
f 168 3545 98
f 3545 3697 3860
f 3860 3697 3942
f 98 3545 3639
f 3639 3545 3860
f 98 3639 3557
f 98 3557 222
f 222 3557 94
f 3557 3639 3740
f 3740 3639 3860
f 94 3557 3721
f 3721 3557 3740
f 94 3721 3599
f 3740 3860 3979
f 3979 3860 3942
f 3740 3979 4023
f 3740 4023 3721
f 3599 3721 3750
f 3599 3750 3953
f 3721 4023 3980
f 3750 3721 4006
f 4006 3721 3980
f 3953 3750 4046
f 4046 3750 4006
f 4006 3980 4121
f 4121 3980 4023
f 4046 4006 4207
f 4207 4006 4121
f 3953 4046 4246
f 4246 4046 4207
f 4121 4023 4176
f 4176 4023 3979
f 4207 4121 4264
f 4264 4121 4176
f 4246 4207 4375
f 4375 4207 4264
f 3953 4246 4294
f 3953 4294 4185
f 4185 4294 4367
f 4294 4246 4491
f 4491 4246 4375
f 4367 4294 4475
f 4475 4294 4491
f 4375 4264 4548
f 4491 4375 4613
f 4613 4375 4548
f 4491 4613 4691
f 4491 4691 4475
f 4691 4613 4826
f 4826 4613 4548
f 4475 4691 4809
f 4809 4691 4826
f 4544 4367 4475
f 4367 4544 4527
f 4544 4475 4721
f 4721 4475 4809
f 4527 4544 4627
f 4627 4544 4721
f 4527 4627 4729
f 4729 4627 4791
f 4791 4627 4721
f 4729 4791 4829
f 4829 4791 4902
f 4791 4721 4845
f 4791 4845 4902
f 5009 4721 4809
f 4845 4721 4927
f 4927 4721 5009
f 4902 4845 4956
f 4956 4845 4927
f 4902 4956 4987
f 4987 4956 5033
f 4987 5033 5048
f 5033 4956 5027
f 5027 4956 4927
f 5033 5027 5154
f 5154 5027 5193
f 5027 4927 5129
f 5027 5129 5193
f 5129 4927 5009
f 5193 5129 5145
f 5145 5129 5009
f 5266 5216 5193
f 5266 5193 5278
f 5278 5193 5145
f 5266 5278 5324
f 5145 5009 5397
f 5145 5397 5278
f 5397 5009 5123
f 5123 5009 4809
f 5278 5397 5361
f 5278 5361 5374
f 5374 5361 5513
f 5513 5361 5432
f 5432 5361 5397
f 5513 5432 5537
f 5537 5432 5397
f 5513 5537 5710
f 5710 5537 5701
f 5701 5537 5603
f 5603 5537 5397
f 5701 5603 5797
f 5603 5397 5425
f 5425 5397 5123
f 5797 5603 5788
f 5788 5603 5425
f 5797 5788 5932
f 5932 5788 5908
f 5908 5788 5761
f 5761 5788 5425
f 5908 5761 5992
f 5908 5992 6059
f 5761 5425 5751
f 5761 5751 5992
f 6059 5992 6147
f 5751 5425 5568
f 6147 5992 6177
f 6147 6177 6279
f 6279 6177 6286
f 6177 5992 6110
f 6110 5992 5751
f 6286 6177 6223
f 6223 6177 6110
f 6286 6223 6281
f 6281 6223 6401
f 6401 6223 6324
f 6324 6223 6110
f 6110 5751 5794
f 5794 5751 5568
f 6110 5794 6162
f 6324 6110 6282
f 6282 6110 6162
f 6324 6282 6382
f 6324 6382 6507
f 6382 6282 6472
f 6472 6282 6358
f 6358 6282 6162
f 6472 6358 6390
f 6390 6358 6162
f 6472 6390 6496
f 6496 6390 6522
f 6496 6522 6564
f 6390 6162 6346
f 6390 6346 6522
f 6564 6522 6482
f 6482 6522 6346
f 6607 6482 6463
f 6463 6482 6339
f 6339 6482 6346
f 6339 6346 6068
f 6020 6346 6162
f 6346 6020 6068
f 6020 6162 5794
f 6020 5794 5791
f 6020 5791 6068
f 5791 5794 5568
f 6068 5791 5826
f 6068 5826 5875
f 5791 5568 5718
f 5791 5718 5826
f 5875 5826 5686
f 5686 5826 5718
f 5718 5568 5588
f 5718 5588 5686
f 5588 5568 5398
f 5398 5568 5425
f 5398 5425 5123
f 5875 5686 5752
f 5875 5752 5847
f 5847 5752 5825
f 5752 5686 5687
f 5752 5687 5825
f 5687 5686 5566
f 5566 5686 5588
f 5825 5687 5747
f 5825 5747 5970
f 5970 5747 5876
f 5747 5687 5551
f 5551 5687 5566
f 5876 5747 5778
f 5876 5778 5993
f 5993 5778 5800
f 5778 5747 5654
f 5778 5654 5800
f 5654 5747 5551
f 5800 5654 5587
f 5800 5587 5737
f 5654 5551 5440
f 5654 5440 5587
f 5440 5551 5441
f 5441 5551 5566
f 5587 5440 5289
f 5289 5440 5441
f 5737 5587 5480
f 5441 5566 5371
f 5737 5480 5637
f 5441 5371 5238
f 5441 5238 5289
f 5371 5566 5339
f 5339 5566 5588
f 5339 5588 5398
f 5371 5339 5180
f 5371 5180 5238
f 5339 5398 5181
f 5339 5181 5180
f 5181 5398 5123
f 5181 5123 5010
f 5010 5123 4809
f 5010 4809 4826
f 5181 5010 4960
f 5181 4960 5180
f 4960 5010 4826
f 4992 5238 5180
f 4992 5180 4960
f 5238 4992 5005
f 5238 5005 5289
s 0
f 4992 4960 4808
s 1
f 4808 4960 4826
f 4992 4808 5005
f 4808 4826 4548
f 5005 4808 4677
f 4677 4808 4548
f 5289 5005 5090
f 5005 4677 4837
f 5005 4837 5090
f 4677 4548 4399
f 4399 4548 4264
f 4399 4264 4176
f 4677 4399 4569
f 4677 4569 4837
f 4399 4176 4438
f 4399 4438 4569
f 4438 4176 4173
f 4173 4176 3979
f 4173 3979 3942
f 4569 4438 4659
f 4569 4659 4837
f 4438 4173 4383
f 4438 4383 4659
f 4173 3942 4212
f 4173 4212 4383
f 4212 3942 4012
f 4212 4012 4222
f 4383 4212 4312
f 4312 4212 4222
f 4383 4312 4425
f 4425 4312 4222
f 4676 4659 4383
f 4676 4383 4425
f 4659 4676 4846
f 4659 4846 4837
f 4425 4222 4321
f 4321 4222 4196
f 4321 4196 4431
f 4321 4431 4425
f 4431 4196 4073
f 4431 4073 4269
f 4425 4431 4524
f 4524 4431 4269
f 4425 4524 4672
f 4425 4672 4676
f 4524 4269 4812
f 4524 4812 4672
f 4812 4269 4632
f 4676 4672 4780
f 4676 4780 4846
f 4632 4269 4382
f 4382 4269 4060
f 4382 4060 4239
f 4239 4060 4122
s 0
f 4382 4239 4441
s 1
f 4441 4239 4122
f 4632 4382 4732
f 4632 4732 4812
f 4732 4382 4441
f 4946 4672 4812
f 4946 4812 4732
f 4672 4946 4935
f 4672 4935 4780
f 4946 4732 4993
f 4935 4946 5098
f 5098 4946 4993
f 4780 4935 4955
f 4780 4955 4846
f 4935 5098 5272
f 4935 5272 4955
f 5098 4993 5173
f 5098 5173 5272
f 4846 4955 5044
f 4846 5044 4837
f 4837 5044 5090
f 5044 4955 5221
f 5221 4955 5272
f 5090 5044 5237
f 5237 5044 5221
f 5090 5237 5301
f 5090 5301 5289
f 5289 5301 5587
f 5587 5301 5480
f 5480 5301 5237
f 5480 5237 5435
f 5435 5237 5221
f 5480 5435 5637
f 5435 5221 5469
f 5435 5469 5637
f 5469 5221 5272
f 5469 5272 5365
f 5469 5365 5637
f 5365 5272 5173
f 5637 5365 5659
f 5637 5659 5810
f 5810 5659 5804
f 5810 5804 5898
f 5659 5365 5638
f 5659 5638 5804
f 5804 5638 5833
f 5804 5833 5898
f 5638 5365 5372
f 5215 5365 5173
f 5365 5215 5372
f 5215 5173 5132
f 5372 5215 5252
f 5252 5215 5132
f 5638 5372 5479
f 5638 5479 5833
f 5372 5252 5356
f 5372 5356 5479
f 5946 5898 5833
f 5898 5946 6003
f 5833 5479 5728
f 5946 5833 5841
f 5841 5833 5728
f 5728 5479 5461
f 5461 5479 5356
f 6003 5946 6095
f 6003 6095 6075
f 6075 6095 6130
f 6130 6095 6132
f 6132 6095 6103
f 6103 6095 5946
f 6132 6103 6204
f 6204 6103 6164
f 6103 5946 5969
f 6103 5969 6164
f 5969 5946 5841
f 6204 6164 6289
f 5969 5841 5816
f 5816 5841 5728
f 6164 5969 6045
f 6045 5969 5816
f 6289 6164 6227
f 6164 6045 6121
f 6164 6121 6227
f 6045 5816 5866
f 6045 5866 6121
f 5816 5728 5496
f 5816 5496 5866
f 5496 5728 5461
f 6289 6227 6329
f 5496 5461 5380
f 5380 5461 5356
f 5866 5496 5583
f 5583 5496 5380
f 6329 6227 6252
f 6252 6227 6121
f 6329 6252 6302
f 6252 6121 6212
f 6252 6212 6302
f 5916 6121 5866
f 6121 5916 6212
f 5916 5866 5829
f 5829 5866 5583
f 6329 6302 6395
f 6329 6395 6414
f 6414 6395 6466
f 6466 6395 6391
f 6391 6395 6302
f 6391 6302 6330
f 6330 6302 6212
f 6391 6330 6478
f 6330 6212 6067
f 6067 6212 5916
f 6330 6067 6304
f 6067 5916 5905
f 5905 5916 5829
f 6304 6067 6150
f 6150 6067 5905
f 6304 6150 6273
f 6273 6150 6086
f 6086 6150 5902
f 5902 6150 5905
f 5905 5829 5684
f 5902 5905 5783
f 5783 5905 5684
f 5684 5829 5583
f 5902 5783 5452
f 5452 5783 5684
f 5902 5452 5524
f 5902 5524 5656
f 5452 5684 5463
f 5656 5524 5362
f 5362 5524 5452
f 5656 5362 5258
f 5258 5362 5143
f 5362 5452 5326
f 5326 5452 5463
f 5362 5326 5143
f 5268 5463 5684
f 5463 5268 5326
f 5268 5684 5583
f 5143 5326 5112
f 5112 5326 5268
f 5143 5112 4850
f 5143 4850 4882
f 4882 4850 4335
f 5268 5583 5332
f 5332 5583 5380
f 5112 5268 5073
f 5073 5268 5332
f 4850 5112 4821
f 4821 5112 5073
f 4335 4850 4463
f 4463 4850 4821
f 4335 4463 4146
f 5332 5380 5134
f 5332 5134 5073
f 4821 5073 4868
f 4868 5073 5134
f 4463 4821 4568
f 4568 4821 4868
f 4146 4463 4400
f 4400 4463 4568
f 4146 4400 4014
f 5158 5134 5380
f 5134 5158 4868
f 5158 5380 5356
f 4400 4568 4661
f 4661 4568 4868
f 4014 4400 4266
f 4266 4400 4661
f 4014 4266 3869
f 5158 5356 5169
f 5169 5356 5252
f 4988 4868 5158
f 4988 5158 5169
f 4868 4988 4661
f 5169 5252 5132
f 5169 5132 4988
f 4044 3869 4266
f 3869 4044 3761
f 3761 4044 4122
f 4044 4266 4351
f 4044 4351 4122
f 4351 4266 4661
f 4122 4351 4441
f 4351 4661 4480
f 4351 4480 4441
f 4480 4661 4988
f 4441 4480 4555
f 4441 4555 4732
f 4480 4988 4702
f 4480 4702 4555
f 4732 4555 4737
f 4737 4555 4702
f 4732 4737 4993
f 4702 4988 4995
f 4702 4995 4737
f 4995 4988 5132
f 4993 4737 5081
f 5081 4737 4995
f 5081 4995 5132
f 4993 5081 5173
f 5173 5081 5132
f 6998 7102 7133
f 7102 6998 6736
f 7133 7102 7198
f 7198 7102 6736
f 7133 7198 7275
f 7198 6736 7259
f 7198 7259 7275
f 7133 7275 7270
f 7133 7270 7267
f 7267 7270 7358
s 0
f 7267 7358 7372
s 1
f 7270 7275 7330
f 7270 7330 7358
f 7275 7259 7323
f 7275 7323 7330
f 7323 7259 7296
f 7296 7259 6736
f 7330 7323 7377
f 7330 7377 7358
f 7323 7296 7338
f 7323 7338 7377
f 7296 6736 7305
f 7358 7377 7415
f 7358 7415 7372
f 7372 7415 7414
f 7338 7296 7354
f 7354 7296 7305
f 7354 7305 7373
f 7354 7373 7413
f 7338 7354 7384
f 7384 7354 7413
f 7338 7384 7377
f 7384 7413 7411
f 7384 7411 7377
f 7377 7411 7415
f 7411 7413 7458
f 7415 7411 7448
f 7448 7411 7458
f 7415 7448 7414
f 7448 7458 7469
f 7448 7469 7414
s 0
f 5709 7305 6736
s 1
f 5709 6736 6320
f 7305 5709 6196
f 6196 5709 4616
f 4616 5709 4003
f 7373 7423 7471
f 7373 7471 7413
f 7423 7373 7305
f 7413 7471 7458
f 7423 7305 7376
f 7469 7458 7476
f 7476 7458 7471
f 7471 7423 7437
f 7437 7423 7376
f 7476 7471 7479
f 7476 7479 7484
f 7471 7437 7466
f 7471 7466 7479
f 7466 7437 7391
f 7391 7437 7376
f 7479 7466 7449
f 7479 7449 7484
f 7449 7466 7391
f 6196 7376 7305
f 7391 7376 7364
f 7364 7376 7012
f 7012 7376 6196
f 7391 7364 7396
f 7012 6196 6669
f 6669 6196 4827
s 0
f 4827 6196 4616
s 1
f 7391 7396 7404
f 7391 7404 7449
f 7404 7396 7436
f 7436 7396 7392
f 7449 7404 7468
f 7468 7404 7436
f 7449 7468 7484
f 7468 7436 7470
f 7484 7468 7485
f 7485 7468 7470
f 7485 7470 7475
f 7474 7462 7469
f 7474 7469 7476
f 7462 7474 7461
f 7462 7461 7407
f 7407 7461 7408
s 0
f 7474 7476 7486
s 1
f 7486 7476 7484
f 7461 7474 7483
f 7483 7474 7486
f 7461 7483 7453
f 7408 7461 7430
f 7430 7461 7453
f 7408 7430 7336
f 7453 7483 7472
f 7453 7472 7430
f 7336 7430 7256
f 7336 7256 7257
f 7257 7256 7197
f 7197 7256 7187
f 7488 7483 7486
f 7483 7488 7472
f 7488 7486 7489
f 7489 7486 7484
f 7489 7484 7485
f 7489 7485 7487
f 7489 7487 7488
f 7487 7485 7480
s 0
f 7487 7480 7481
s 1
f 7487 7481 7478
f 7487 7478 7488
f 7488 7478 7472
f 7477 7478 7482
f 7478 7477 7419
f 7478 7419 7472
f 7419 7477 7434
f 7472 7419 7429
f 7472 7429 7430
f 7419 7434 7360
f 7360 7434 7345
f 7360 7345 7227
f 7419 7360 7375
f 7419 7375 7429
f 7360 7227 7148
f 7430 7429 7339
f 7430 7339 7256
s 0
f 7429 7375 7294
s 1
f 7429 7294 7339
f 7375 7360 7236
f 7236 7360 7148
f 7375 7236 7294
f 7048 7148 7227
f 7256 7339 7212
f 7212 7339 7294
f 7256 7212 7187
f 7294 7236 7126
f 7126 7236 7148
f 7212 7294 7177
f 7177 7294 7126
f 7187 7212 7207
f 7207 7212 7177
f 7187 7207 7232
f 7177 7126 7146
f 7177 7146 7207
f 7126 7148 7075
f 7126 7075 7146
f 7232 7207 7216
f 7216 7207 7146
f 7075 7148 6989
f 6989 7148 7048
f 7146 7075 7073
f 6989 7048 6757
f 6757 7048 6803
f 7075 6989 6913
f 6913 6989 6757
f 7075 6913 7073
f 7146 7073 7167
f 7146 7167 7216
f 7073 6913 7053
f 7073 7053 7167
f 6913 6757 6704
f 6913 6704 7053
f 6704 6757 6595
f 6595 6757 6558
f 6704 6595 6812
f 6704 6812 7053
f 7053 6812 7051
f 7051 6812 6707
f 7303 7167 7053
f 7167 7303 7216
f 7051 6707 7017
f 7053 7051 7230
f 7053 7230 7303
f 7051 7017 7147
f 7230 7051 7332
f 7332 7051 7147
f 7230 7332 7361
f 7230 7361 7303
f 7332 7147 7214
f 7214 7147 7017
f 7361 7332 7386
f 7386 7332 7214
f 7303 7361 7395
f 7395 7361 7386
f 6786 7017 6738
f 7303 7395 7381
f 7017 6786 7011
f 7017 7011 7214
f 7011 6786 6851
f 6851 6786 6658
f 7011 6851 6940
f 6940 6851 6624
f 7214 7011 7111
f 7111 7011 6940
f 7214 7111 7325
f 7214 7325 7386
f 7111 6940 7190
f 7111 7190 7325
f 7190 6940 6928
f 7190 6928 7084
f 7325 7190 7289
f 7289 7190 7084
f 7386 7325 7390
f 7390 7325 7289
f 7289 7084 7253
f 7289 7253 7390
f 7112 7084 6850
f 7084 7112 7253
f 7253 7112 7210
f 7210 7112 7094
f 7253 7210 7343
f 7210 7094 7266
f 7210 7266 7343
f 7266 7094 7183
f 7183 7094 7065
f 7183 7065 7129
f 7183 7129 7221
f 7266 7183 7340
f 7266 7340 7343
f 7183 7221 7300
f 7183 7300 7340
f 7385 7253 7343
f 7385 7343 7340
f 7253 7385 7390
f 7300 7221 7327
f 7327 7221 7278
f 7340 7300 7366
f 7327 7278 7342
f 7342 7278 7302
f 7342 7302 7357
f 7342 7357 7368
f 7342 7368 7327
f 7300 7327 7367
f 7300 7367 7366
f 7367 7327 7368
f 7393 7340 7366
f 7340 7393 7385
f 7366 7367 7398
f 7398 7367 7368
f 7366 7398 7393
f 7398 7368 7417
f 7417 7368 7389
f 7393 7398 7418
f 7418 7398 7417
f 7435 7385 7393
s 0
f 7385 7435 7390
s 1
f 7393 7418 7425
f 7393 7425 7435
f 7418 7417 7441
f 7418 7441 7425
f 7441 7417 7446
s 0
f 7441 7446 7460
s 1
f 7390 7435 7439
f 7390 7439 7386
f 7435 7425 7450
f 7425 7441 7456
f 7425 7456 7450
s 0
f 7456 7441 7460
s 1
f 7435 7450 7454
f 7454 7450 7456
f 7435 7454 7439
f 7456 7460 7467
f 7456 7467 7454
f 7467 7460 7463
f 7467 7463 7457
f 7457 7463 7440
f 7454 7467 7455
f 7455 7467 7457
f 7457 7440 7426
f 7454 7455 7452
f 7454 7452 7445
f 7454 7445 7439
f 7452 7455 7443
f 7443 7455 7457
f 7445 7452 7442
f 7442 7452 7443
f 7439 7445 7432
f 7432 7445 7442
f 7439 7432 7386
f 7386 7432 7395
f 7432 7442 7412
f 7432 7412 7395
f 7412 7442 7443
f 7395 7412 7381
f 7428 7443 7457
f 7443 7428 7412
f 7428 7457 7426
f 7412 7428 7400
f 7400 7428 7426
f 7412 7400 7381
f 7400 7426 7365
f 7365 7426 7371
f 7365 7371 7232
f 7365 7232 7216
f 7400 7365 7347
f 7400 7347 7381
f 7347 7365 7216
f 7381 7347 7303
f 7303 7347 7216
f 6514 6783 6824
f 6514 6824 6503
f 6824 6783 7106
f 6503 6824 6530
f 6824 7106 6961
f 6824 6961 6530
f 6961 7106 7123
f 7123 7106 7180
f 6961 7123 6946
f 6961 6946 6530
f 6503 6530 6392
f 6946 7123 7143
f 7123 7180 7241
f 7123 7241 7143
f 7241 7180 7282
f 7241 7282 7308
f 7241 7308 7248
f 7241 7248 7143
f 7248 7308 7274
f 7248 7274 7205
f 7143 7248 7040
f 7040 7248 7205
f 7143 7040 6816
f 7143 6816 6946
f 7040 7205 6871
f 7040 6871 6816
s 0
f 6871 7205 6866
s 1
f 6946 6816 6710
f 6946 6710 6530
f 6871 6866 6617
f 6617 6866 6661
f 6816 6871 6691
f 6816 6691 6710
f 6691 6871 6617
f 6530 6710 6518
f 6518 6710 6691
f 6530 6518 6392
f 6617 6661 6651
f 6518 6691 6578
f 6578 6691 6617
f 6617 6651 6567
f 6617 6567 6578
f 6673 6615 6651
f 6578 6567 6500
f 6578 6500 6518
f 6567 6651 6568
f 6568 6651 6615
f 6500 6567 6510
f 6510 6567 6568
f 6518 6500 6410
f 6410 6500 6510
f 6518 6410 6392
f 6392 6410 6193
f 6410 6510 6452
f 6410 6452 6193
f 6392 6193 6201
f 6510 6568 6498
f 6510 6498 6452
f 6540 6568 6615
f 6568 6540 6498
f 6540 6615 6635
f 6498 6540 6478
f 6478 6540 6552
f 6452 6498 6445
f 6445 6498 6478
f 6452 6445 6273
f 6478 6552 6523
f 6273 6445 6304
f 6304 6445 6478
f 6304 6478 6330
f 6478 6523 6466
f 6466 6523 6414
f 6478 6466 6391
f 6452 6273 6165
f 6165 6273 6086
f 6452 6165 6193
f 6165 6086 6041
f 6165 6041 6193
f 6193 6041 6043
f 6193 6043 6201
f 6043 6041 5881
f 5881 6041 5764
f 5881 5764 5650
f 5881 5650 5612
f 6043 5881 5836
f 5836 5881 5612
f 6043 5836 6201
f 5836 5612 5665
f 6201 5836 6039
f 6039 5836 5665
f 6039 5665 5823
f 5823 5665 5416
f 7273 7180 7162
f 7180 7273 7282
f 7273 7162 7233
f 7233 7162 7191
f 7233 7191 7225
f 7273 7233 7250
f 7250 7233 7225
f 7282 7273 7310
f 7310 7273 7250
f 7282 7310 7322
f 7282 7322 7308
s 0
f 7322 7310 7329
s 1
f 7329 7310 7268
f 7268 7310 7250
f 7250 7225 7226
f 7250 7226 7268
f 7226 7225 7156
f 7268 7226 7218
f 7218 7226 7156
f 7268 7218 7279
f 7279 7218 7145
f 7145 7218 7156
f 7279 7145 7153
f 7145 7156 7068
f 7068 7156 7072
f 7153 7145 7132
f 7132 7145 7068
f 7068 7072 6982
f 7068 6982 7062
f 7068 7062 7132
f 7062 6982 7056
f 7153 7132 7176
f 7153 7176 7150
f 7150 7176 7172
f 7132 7062 7168
f 7168 7062 7056
f 7176 7132 7189
f 7189 7132 7168
f 7172 7176 7224
f 7224 7176 7189
f 7172 7224 7239
f 7239 7224 7262
f 7262 7224 7189
f 7239 7262 7302
f 7302 7262 7321
f 7321 7262 7281
f 7281 7262 7189
f 7281 7189 7168
f 7281 7168 7223
f 7223 7168 7056
f 7223 7056 7087
f 7087 7056 6971
f 7087 6971 6881
f 7087 6881 6991
f 6991 6881 6655
f 6881 6971 6887
f 6887 6971 7056
f 6881 6887 6699
f 6887 7056 6982
f 6699 6887 6876
f 6876 6887 6982
f 6866 6992 6860
f 6992 6866 7205
f 6992 7205 7274
f 6992 7274 7231
f 6992 7231 7154
f 6992 7154 6860
f 7231 7274 7313
f 7313 7274 7308
f 7154 7231 7291
f 7291 7231 7313
f 7313 7308 7346
f 7346 7308 7322
f 7346 7322 7329
f 7154 7291 7047
f 7154 7047 6860
f 7291 7313 7328
f 7328 7313 7346
f 7047 7291 7292
f 7292 7291 7328
f 6860 7047 6967
f 6967 7047 7292
f 7292 7328 7269
f 7328 7346 7331
f 7328 7331 7269
f 7331 7346 7264
f 7264 7346 7329
f 7268 7279 7329
f 7329 7279 7264
f 7292 7269 7152
f 7292 7152 6967
f 7152 7269 7032
f 6967 7152 6870
f 6870 7152 7032
f 6967 6870 6657
f 6718 6860 6967
f 6718 6967 6657
f 6860 6718 6695
f 6695 6718 6684
f 6684 6718 6657
f 6684 6657 6570
f 6570 6657 6652
f 6652 6657 6870
f 6570 6652 6504
f 6652 6870 6861
f 6861 6870 7032
f 6504 6652 6633
f 6633 6652 6861
f 6504 6633 6419
f 6861 7032 6903
f 6861 6903 6633
f 6419 6633 6325
f 6419 6325 6446
f 6325 6633 6415
f 6633 6903 6609
f 6633 6609 6415
f 6903 7032 7070
f 6609 6903 6817
f 6817 6903 7070
f 7070 7032 7204
f 7204 7032 7269
f 6325 6415 6184
f 6817 7070 6911
f 6609 6817 6799
f 6799 6817 6911
f 6531 6415 6609
f 6531 6609 6799
f 6415 6531 6236
f 6531 6799 6549
f 6531 6549 6236
f 6799 6911 6781
f 6799 6781 6549
f 6236 6549 6499
f 6499 6549 6781
f 6415 6236 6247
f 6247 6236 6151
f 6415 6247 6184
f 6247 6151 6071
f 6247 6071 6184
f 6184 6071 5959
f 5959 6071 5978
f 5959 5978 6051
f 5959 6051 6184
f 6184 6051 6257
f 6689 6499 6781
f 6499 6689 6455
f 6455 6689 6634
f 6634 6689 6773
f 6773 6689 6781
f 6634 6773 6724
f 6724 6773 6926
f 6724 6926 6784
f 6773 6781 6925
f 6773 6925 6926
f 6925 6781 6911
f 6784 6926 6943
f 6925 6911 7074
f 6925 7074 6926
f 7074 6911 7070
f 7074 7070 7204
f 6926 7074 7063
f 6926 7063 6943
f 7063 7074 7204
f 6943 7063 7121
f 6943 7121 6897
f 7063 7204 7203
f 7063 7203 7121
f 6897 7121 7163
f 7163 7121 7203
f 7203 7204 7293
f 7203 7293 7163
f 7293 7204 7269
f 7293 7269 7331
f 7293 7331 7271
f 7293 7271 7163
f 7271 7331 7264
f 7104 6897 7163
f 6897 7104 6931
f 7163 7271 7202
f 7163 7202 7104
f 6931 7104 7090
f 7090 7104 7202
f 6931 7090 6981
f 7202 7271 7255
f 7255 7271 7264
f 7090 7202 7144
f 7144 7202 7255
f 6981 7090 7098
f 7098 7090 7144
f 7144 7255 7199
f 7199 7255 7264
f 7098 7144 7130
f 7130 7144 7199
f 6981 7098 7045
f 6981 7045 7020
f 7098 7130 7060
f 7098 7060 7045
f 7020 7045 7142
f 7020 7142 7059
f 7045 7060 7086
f 7045 7086 7142
f 7059 7142 7221
f 7059 7221 7129
f 7221 7142 7278
f 7278 7142 7220
f 7220 7142 7086
f 7278 7220 7302
f 7120 7086 7060
f 7086 7120 7220
f 7120 7060 7130
f 7302 7220 7182
f 7182 7220 7120
f 7302 7182 7239
f 7239 7182 7172
f 7172 7182 7120
f 7172 7120 7150
f 7120 7130 7194
f 7120 7194 7150
f 7194 7130 7199
s 0
f 7150 7194 7242
s 1
f 7242 7194 7199
s 0
f 7150 7242 7153
s 1
f 7242 7199 7264
f 7153 7242 7279
f 7279 7242 7264
f 6661 6860 6695
f 6860 6661 6866
f 6661 6695 6693
f 6661 6693 6651
f 6651 6693 6673
f 6693 6695 6694
f 6673 6693 6688
f 6688 6693 6694
f 6673 6688 6615
f 6615 6688 6635
f 6635 6688 6694
f 6694 6695 6684
f 6540 6635 6552
f 6552 6635 6539
f 6635 6694 6608
f 6635 6608 6539
f 6694 6684 6680
f 6694 6680 6608
f 6680 6684 6640
f 6640 6684 6570
f 6608 6680 6592
f 6592 6680 6640
f 6539 6608 6536
f 6536 6608 6592
f 6640 6570 6548
f 6640 6548 6592
f 6548 6570 6446
f 6446 6570 6504
f 6446 6504 6419
f 6548 6446 6325
f 6592 6548 6448
f 6448 6548 6325
f 6497 6536 6592
f 6497 6592 6448
f 6536 6497 6477
f 6536 6477 6539
f 6497 6448 6323
f 6497 6323 6477
f 6448 6325 6257
f 6448 6257 6323
f 6257 6325 6184
f 6051 6056 6257
f 6257 6056 6143
f 6257 6143 6323
f 6323 6143 6221
f 6323 6221 6477
f 6221 6143 6060
f 6477 6221 6345
f 6345 6221 6131
f 6477 6345 6406
f 6477 6406 6539
f 6406 6345 6288
f 6406 6288 6348
f 6406 6348 6399
f 6539 6406 6437
f 6437 6406 6399
f 6539 6437 6552
f 6552 6437 6523
f 6523 6437 6414
f 6414 6437 6399
f 6414 6399 6364
f 6364 6399 6357
f 6414 6364 6329
f 6329 6364 6289
f 4616 4003 150
f 150 276 4616
s 0
f 276 150 1054
s 1
f 1054 150 1719
f 1054 1719 1712
f 1719 150 1198
s 0
f 1198 150 4003
s 1
f 1907 1751 1719
f 1198 4003 1448
f 1907 1719 1883
f 1883 1719 1198
f 1907 1883 2015
f 1883 1198 1897
f 1897 1198 1448
f 1883 1897 1888
f 1883 1888 1948
f 48 1448 4003
f 1948 1888 1826
f 1948 1826 1844
f 1844 1826 1751
f 1844 1751 1907
f 1751 1826 1775
f 1826 1888 1887
f 1826 1887 1775
f 1887 1888 1955
f 1955 1888 1897
f 2041 1897 1448
f 1897 2041 1955
f 1301 1448 48
f 2041 1448 2137
f 2137 1448 1301
f 1301 48 1404
f 2041 2137 2140
f 2137 1301 2196
f 2041 2140 2103
f 2041 2103 2055
f 2041 2055 1955
f 2055 2103 2079
f 2055 2079 1955
f 2079 2103 2140
f 2222 2140 2137
f 2222 2137 2196
f 2079 2140 2204
f 2204 2140 2222
f 1955 2079 2042
f 2042 2079 2204
f 2222 2196 2238
f 2222 2238 2204
f 2174 2196 1301
f 2174 1301 1404
f 2238 2196 2211
f 2211 2196 2174
f 2204 2238 2223
f 2211 2174 2281
f 2281 2174 1404
f 2238 2211 2205
f 2238 2205 2223
f 2204 2223 2141
f 2204 2141 2042
f 2223 2205 2179
f 2205 2211 2234
f 2205 2234 2179
f 2234 2211 2264
f 2264 2211 2281
f 2179 2234 2178
f 2234 2264 2236
f 2234 2236 2178
f 2223 2179 2176
f 2223 2176 2141
f 2179 2178 2128
f 2179 2128 2176
f 2178 2236 2134
f 2128 2178 2021
f 2021 2178 2134
f 2176 2128 2024
f 2024 2128 2021
f 2061 2141 2176
f 2061 2176 2024
f 2141 2061 1971
f 2141 1971 2014
f 2141 2014 2042
f 1971 2061 1776
f 1776 2061 2024
f 2014 1971 1842
f 1842 1971 1776
f 2042 2014 1912
f 2014 1842 1649
f 2014 1649 1912
f 1649 1842 1434
f 1434 1842 1776
f 1434 1776 1537
f 1537 1776 2024
f 2042 1912 1978
f 2042 1978 1955
f 1955 1978 1887
f 1887 1978 1870
f 1870 1978 1912
f 1887 1870 1775
f 1870 1912 1774
f 1775 1870 1741
f 1774 1912 1755
f 1755 1912 1649
f 1870 1774 1679
f 1870 1679 1741
f 1679 1774 1755
f 1775 1741 1704
f 1704 1741 1679
f 1755 1649 1447
f 1755 1447 1679
f 1447 1649 1434
f 1818 1775 1787
f 1787 1775 1704
f 1787 1704 1750
f 1787 1750 1817
f 1750 1704 1466
f 1466 1704 1440
f 1440 1704 1679
f 1466 1440 1473
f 1473 1440 1481
f 1481 1440 1396
f 1396 1440 1679
f 1481 1396 1439
f 1396 1679 1371
f 1396 1371 1439
f 1371 1679 1447
f 1439 1371 1386
f 1371 1447 1358
f 1371 1358 1386
f 1358 1447 1434
f 1386 1358 1347
f 1347 1358 1332
f 1332 1358 1434
f 1347 1332 1322
f 1322 1332 1201
f 1332 1434 1354
f 1332 1354 1201
f 1354 1434 1537
f 1201 1354 1356
f 1356 1354 1537
f 1356 1537 1565
f 1356 1565 1490
f 1356 1490 1445
f 1565 1537 1578
f 1565 1578 1490
f 1490 1578 1445
f 1578 1537 2024
f 1445 1578 1557
f 1557 1578 2024
f 1557 2024 1831
f 1557 1831 1754
f 1831 2024 2021
f 1754 1831 1949
f 1831 2021 1917
f 1831 1917 1949
f 1949 1917 2030
f 1917 2021 2134
f 2030 1917 2098
f 2098 1917 2134
f 2098 2134 2203
f 2203 2134 2236
f 2098 2203 2284
f 2098 2284 2177
f 2203 2236 2267
f 2267 2236 2264
f 2284 2203 2261
f 2261 2203 2267
f 2267 2264 2294
f 2267 2294 2261
f 2294 2264 2281
f 2284 2261 2319
f 2284 2319 2177
f 2261 2294 2323
f 2261 2323 2319
f 2177 2319 2285
f 2285 2319 2323
f 2177 2285 2172
f 2323 2294 2362
f 2323 2362 2285
f 2172 2285 2303
f 2172 2303 2256
f 2303 2285 2363
f 2363 2285 2362
f 2256 2303 2334
f 2334 2303 2363
f 2256 2334 2190
f 2190 2334 2274
f 2340 2362 2294
f 2340 2294 2281
f 2363 2362 2375
f 2363 2375 2334
f 2362 2340 2366
f 2362 2366 2375
f 2340 2281 2311
f 2340 2311 2366
f 2375 2366 2428
f 2375 2428 2334
f 2428 2366 2311
f 2334 2428 2274
f 2311 2281 1404
f 2428 2311 2411
f 2311 1404 1501
f 2311 1501 2411
f 2428 2411 2288
f 2428 2288 2274
f 2288 2411 1501
f 2274 2288 2036
f 2274 2036 2018
f 2018 2036 1791
f 2036 2288 1485
f 2036 1485 1791
f 1485 2288 1501
f 1791 1485 1383
f 1383 1485 1068
f 1068 1485 739
f 1068 739 736
f 736 739 288
f 288 739 112
f 112 739 644
f 644 739 1485
f 644 1485 1501
f 644 1501 456
f 644 456 3790
f 456 1501 1404
s 0
f 456 1404 48
f 456 48 3967
s 1
f 3640 99 3536
f 99 3640 157
f 157 3640 5
f 3536 99 90
f 157 5 137
f 137 5 3649
f 137 3649 13
f 137 13 185
f 185 13 39
f 157 137 234
f 234 137 185
f 185 39 270
f 270 39 168
f 234 185 415
f 157 234 322
f 322 234 415
f 185 270 441
f 185 441 415
f 270 168 400
f 441 270 610
f 610 270 400
f 415 441 597
f 597 441 610
f 415 597 522
f 415 522 322
f 400 168 339
f 339 168 98
f 339 98 222
f 400 339 590
f 400 590 610
f 590 339 593
f 593 339 413
f 590 593 796
f 796 593 633
f 610 590 919
f 919 590 796
f 610 919 838
f 610 838 597
f 919 796 1189
f 1189 796 1446
f 838 919 1199
f 1199 919 1189
f 597 838 729
f 1199 1189 1619
f 1619 1189 1647
f 838 1199 1196
f 838 1196 729
f 1196 1199 1619
f 597 729 522
f 1619 1647 2277
f 1619 2277 1972
f 1972 2277 2462
f 1196 1619 1402
f 1402 1619 1972
f 1972 2462 1921
f 1972 1921 1402
f 1921 2462 2513
f 1196 1402 1016
f 1921 2513 2115
f 2115 2513 2479
f 1402 1921 1454
f 1454 1921 2115
f 1402 1454 1016
f 2115 2479 2184
f 2115 2184 1454
f 2184 2479 2564
f 2184 2564 2412
f 2412 2564 2603
f 2412 2603 2594
f 2412 2594 2072
f 2184 2412 2227
f 2227 2412 2072
f 2184 2227 1454
f 2227 2072 1555
f 2227 1555 1454
f 1555 2072 1235
f 1555 1235 1077
f 1454 1555 1213
f 1213 1555 1077
f 1454 1213 1016
f 1213 1077 815
f 815 1077 802
f 815 802 578
f 1213 815 753
f 753 815 578
f 1213 753 1016
f 753 578 478
f 478 578 480
f 1016 753 710
f 710 753 535
f 535 753 478
f 1016 710 841
f 1016 841 1196
f 1196 841 729
f 841 710 655
f 841 655 729
f 655 710 535
f 729 655 522
f 522 655 535
f 522 535 322
f 322 535 398
f 398 535 478
f 322 398 224
f 322 224 157
f 157 224 99
f 224 398 308
f 308 398 478
f 99 224 243
f 243 224 308
f 99 243 90
f 308 478 384
f 384 478 480
f 243 308 267
f 267 308 384
f 90 243 199
f 199 243 267
f 90 199 103
f 90 103 3536
f 199 267 256
f 267 384 328
f 267 328 256
f 328 384 358
f 328 358 343
f 328 343 301
f 328 301 256
f 301 343 477
f 256 301 470
f 470 301 477
f 244 199 256
f 199 244 103
f 244 256 450
f 450 256 470
f 103 244 134
f 103 134 3536
f 3536 134 3661
f 3661 134 181
f 134 244 258
f 134 258 181
f 258 244 450
f 88 3712 181
f 88 181 407
f 88 407 378
f 181 258 424
f 181 424 407
f 378 407 506
f 506 407 424
f 378 506 360
f 430 258 450
f 258 430 424
f 430 450 668
f 424 430 684
f 684 430 668
f 506 424 749
f 749 424 684
f 652 360 506
f 749 684 788
f 788 684 668
f 506 749 758
f 506 758 652
f 749 788 925
f 360 652 510
f 758 749 926
f 926 749 925
f 925 788 950
f 950 788 668
f 926 925 881
f 881 925 950
f 758 926 1034
f 926 881 1022
f 926 1022 1034
f 1022 881 902
f 902 881 950
f 1034 1022 1203
f 758 1034 1059
f 758 1059 652
f 652 1059 872
f 652 872 510
f 1022 902 1104
f 1022 1104 1203
f 1104 902 1021
f 1021 902 950
f 1104 1021 1655
f 1104 1655 1203
f 1021 950 1038
f 878 510 872
f 878 872 1059
f 1021 1038 1141
f 1021 1141 1655
f 1038 950 893
f 893 950 791
f 791 950 668
f 1038 893 985
f 791 668 576
f 576 668 450
f 576 450 470
f 791 576 686
f 686 576 470
f 893 791 833
f 893 833 985
f 833 791 686
f 1204 1038 985
f 1038 1204 1141
f 985 833 1159
f 985 1159 1204
f 833 686 843
f 833 843 1159
f 1141 1204 1471
f 1141 1471 1655
f 1204 1159 1536
f 1204 1536 1471
f 1536 1159 1522
f 1536 1522 2062
f 1522 1159 1146
f 1146 1159 843
f 1522 1146 1374
f 1374 1146 1096
f 1096 1146 843
f 1374 1096 1233
f 1233 1096 1147
f 1536 2062 2304
f 1536 2304 1471
f 2304 2062 2444
f 2444 2062 2468
f 2444 2468 2531
f 2444 2531 2566
f 2304 2444 2410
f 2304 2410 1471
f 2410 2444 2566
f 1471 2410 1655
f 2410 2566 2549
f 2410 2549 1655
f 2549 2566 2623
f 1655 2549 1968
f 2549 2623 2576
f 2549 2576 1968
f 2576 2623 2588
f 1655 1968 1203
f 2576 2588 2432
f 2576 2432 1968
f 2432 2588 2535
f 2535 2588 2573
f 2535 2573 2519
f 2535 2519 2418
f 2432 2535 2419
f 2419 2535 2418
f 1968 2432 2123
f 2123 2432 2419
f 2419 2418 2173
f 2419 2173 2123
f 2173 2418 2209
f 1968 2123 1469
f 1968 1469 1203
f 2123 2173 1892
f 2173 2209 1875
f 2173 1875 1892
f 1875 2209 1827
f 1875 1827 1527
f 1203 1469 1132
f 1203 1132 1034
f 1034 1132 1059
f 1132 1469 1223
f 1132 1223 1059
f 1753 1469 2123
f 1469 1753 1223
f 1753 2123 1892
f 1059 1223 1158
f 1753 1892 1460
f 1753 1460 1223
f 1460 1892 1875
f 1223 1460 1158
f 1460 1875 1527
f 1460 1527 1158
f 1059 1158 878
f 1158 1527 1069
f 1069 1527 1194
f 1069 1194 1053
f 1158 1069 832
f 1158 832 878
f 1069 1053 766
f 1069 766 832
f 766 1053 760
f 760 1053 782
f 760 782 200
f 760 200 766
f 200 782 613
f 200 613 101
f 766 200 342
f 342 200 156
f 766 342 502
f 766 502 832
f 502 342 75
f 502 75 206
f 832 502 738
f 738 502 206
f 832 738 878
f 738 206 490
f 738 490 878
f 490 206 42
f 878 490 510
f 490 42 229
f 490 229 510
f 229 42 3583
f 510 229 100
f 100 229 3583
f 510 100 360
f 100 3583 49
f 100 49 360
f 417 288 203
f 288 417 736
f 417 203 291
f 736 417 742
f 742 417 291
f 736 742 847
f 736 847 1068
f 1068 847 1164
f 1164 847 742
f 1068 1164 1383
f 742 291 671
f 671 291 326
f 1164 742 936
f 936 742 671
f 1383 1164 1465
f 1383 1465 1791
f 1164 936 1387
f 1164 1387 1465
f 1791 1465 2018
f 671 326 618
f 671 618 936
f 397 326 124
f 326 397 618
f 936 618 1018
f 936 1018 1387
f 618 397 461
f 461 397 147
f 1018 618 822
f 822 618 461
f 1387 1018 1310
f 1310 1018 822
f 822 461 511
f 511 461 272
f 511 272 437
f 822 511 866
f 822 866 1310
f 511 437 877
f 511 877 866
f 1310 866 1376
f 1376 866 877
f 1310 1376 1762
f 877 437 632
f 1516 1387 1310
f 1516 1310 1762
f 1387 1516 1658
f 1387 1658 1465
f 1465 1658 1899
f 1899 1658 1516
f 1465 1899 2018
f 1899 1516 2028
f 1899 2028 2018
f 2028 1516 1762
f 2018 2028 2274
f 2274 2028 2190
f 2190 2028 1983
f 1983 2028 1762
f 2190 1983 2256
f 1983 1762 2069
f 1983 2069 2256
f 2069 1762 1617
f 2256 2069 1913
f 1913 2069 1617
f 2256 1913 2172
f 1617 1762 1376
f 2172 1913 1942
f 1617 1376 1193
f 1193 1376 877
f 1913 1617 1615
f 1913 1615 1942
f 1617 1193 1308
f 1617 1308 1615
f 1193 877 909
f 1193 909 1308
f 909 877 632
f 1615 1308 1408
f 1615 1408 1685
f 1615 1685 1942
f 1408 1308 1095
f 1685 1408 1125
f 1125 1408 1095
f 1095 1308 976
f 976 1308 909
f 691 909 632
f 909 691 976
f 691 632 425
f 425 632 437
f 425 437 155
f 691 425 553
f 976 691 805
f 976 805 1095
f 805 691 553
f 553 425 334
f 1095 805 945
f 1095 945 1125
f 805 553 695
f 805 695 945
f 553 334 387
f 553 387 695
f 387 334 202
f 695 387 569
f 569 387 257
f 569 257 148
f 569 148 219
f 695 569 724
f 695 724 945
f 569 219 481
f 569 481 724
f 481 219 451
f 945 724 969
f 945 969 1125
f 724 481 683
f 724 683 969
f 481 451 750
f 481 750 683
f 750 451 825
f 825 451 524
f 546 524 45
f 524 546 825
f 969 683 784
f 683 750 1085
f 683 1085 784
f 969 784 938
f 1085 750 1079
f 1079 750 825
f 825 546 651
f 651 546 357
f 651 357 255
f 651 255 775
f 651 775 825
f 775 255 325
f 1079 825 1026
f 1026 825 775
f 1079 1026 1237
f 775 325 725
f 1079 1237 1323
f 1079 1323 1085
f 1237 1026 1343
f 1237 1343 1323
f 1026 775 1090
f 1026 1090 1343
f 1090 775 901
f 901 775 725
f 1343 1090 1252
f 1252 1090 901
f 1323 1343 1733
f 901 725 929
f 901 929 1252
f 672 725 325
f 725 672 929
f 672 325 395
f 672 395 531
f 531 395 119
f 929 672 795
f 795 672 531
f 1206 1252 929
f 795 531 500
f 500 531 195
f 500 195 250
f 500 250 280
f 1206 929 1042
f 1042 929 795
f 795 500 552
f 552 500 280
f 795 552 1042
f 552 280 609
f 1206 1042 1260
f 1206 1260 1252
f 1042 552 887
f 887 552 609
f 1042 887 1260
f 609 280 310
f 1260 887 987
f 987 887 609
f 1252 1260 1488
f 609 310 623
f 623 310 279
f 1260 987 1318
f 1260 1318 1488
f 987 609 868
f 868 609 623
f 623 279 363
f 623 363 868
f 363 279 170
f 363 170 261
f 987 868 1023
f 987 1023 1318
f 868 363 730
f 868 730 1023
f 730 363 261
f 1318 1023 1174
f 1174 1023 730
f 1318 1174 1388
f 317 261 86
f 261 317 495
f 261 495 730
f 495 317 341
f 341 317 176
f 341 176 131
f 341 131 289
f 495 341 665
f 665 341 289
f 495 665 730
f 975 1174 730
f 1174 975 1388
f 975 730 960
f 960 730 665
f 665 289 617
f 617 289 269
f 960 665 1082
f 665 617 959
f 665 959 1082
f 617 269 685
f 617 685 959
f 960 1082 1422
f 960 1422 975
f 1082 959 1574
f 1082 1574 1422
f 975 1422 1525
f 1525 1422 1574
f 975 1525 1388
f 1106 959 685
f 959 1106 1574
f 1574 1106 1598
f 1106 685 1066
f 1598 1106 1700
f 1700 1106 1066
f 1066 685 537
f 537 685 269
f 1574 1598 1804
f 1804 1598 1700
f 1574 1804 1820
f 1574 1820 1525
f 1820 1804 1980
f 1980 1804 2044
f 2044 1804 1700
f 1820 1980 2105
f 1525 1820 1901
f 1901 1820 2105
f 2105 1980 2139
f 2139 1980 2044
f 1901 2105 2091
f 2091 2105 2139
f 1525 1901 1832
f 1525 1832 1388
f 2139 2044 2142
f 2142 2044 2111
f 2111 2044 1976
f 1976 2044 1700
f 2139 2142 2143
f 2143 2142 2201
f 2139 2143 2091
f 2143 2201 2313
f 1976 1700 1542
f 1976 1542 1669
f 1552 1583 1669
f 1552 1669 1487
f 1487 1669 1542
f 1542 1700 1221
f 1487 1542 1232
f 1487 1232 1375
f 1232 1542 1221
f 1221 1700 1066
f 1232 1221 1035
f 1232 1035 1007
f 1221 1066 899
f 1221 899 1035
f 899 1066 537
f 1007 1035 752
f 752 1035 899
f 752 899 537
f 1007 752 677
f 677 752 479
f 479 752 537
f 479 537 309
f 479 309 399
f 309 537 269
f 309 269 22
f 309 22 238
f 2063 2177 2172
f 2177 2063 2098
f 2063 2172 1942
f 2098 2063 1928
f 1928 2063 1942
f 2098 1928 2030
f 1928 1942 1758
f 2030 1928 1795
f 1795 1928 1758
f 1758 1942 1685
f 2030 1795 1949
f 1949 1795 1723
f 1949 1723 1754
f 1754 1723 1557
f 1557 1723 1795
f 1557 1795 1564
f 1564 1795 1758
f 1557 1564 1445
f 1474 1758 1685
f 1758 1474 1564
f 1474 1685 1125
f 1445 1564 1315
f 1474 1125 1041
f 1041 1125 969
f 1564 1474 1225
f 1225 1474 1041
f 1564 1225 1315
f 1041 969 938
f 1041 938 1225
f 1445 1315 1356
f 1225 938 1057
f 1225 1057 1315
f 1057 938 886
f 886 938 784
f 1315 1057 1074
f 1074 1057 886
f 1356 1315 1165
f 1165 1315 1074
f 1356 1165 1201
f 886 784 1089
f 886 1089 1074
f 1089 784 1085
f 1074 1089 1360
f 1074 1360 1165
f 1360 1089 1085
f 1201 1165 1572
f 1572 1165 1360
f 1201 1572 2086
f 1201 2086 1322
f 1322 2086 1988
f 1322 1988 1347
f 1347 1988 1386
f 1360 1085 1665
f 1665 1085 1323
f 1572 1360 1845
f 1845 1360 1665
f 1665 1323 1733
f 1572 1845 2083
f 1572 2083 2086
f 1845 1665 1932
f 1845 1932 2083
f 1932 1665 1733
f 2086 2083 2197
f 2086 2197 1988
f 2083 1932 2186
f 2083 2186 2197
f 1932 1733 2050
f 1932 2050 2186
f 2050 1733 1876
f 2197 2186 2314
f 1876 1733 1594
f 1594 1733 1343
f 1594 1343 1252
f 1594 1252 1488
f 1594 1488 1876
f 2182 2186 2050
f 2060 2050 1876
f 2050 2060 2182
f 1876 1488 1803
f 2182 2060 2091
f 2091 2060 1901
f 1901 2060 1832
f 1832 2060 1876
f 1832 1876 1803
f 1832 1803 1576
f 1832 1576 1508
f 1832 1508 1388
f 1576 1803 1482
f 1576 1482 1508
f 1508 1482 1388
f 1482 1803 1488
f 1388 1482 1318
f 1318 1482 1488
f 2191 2182 2091
f 2191 2091 2143
f 2182 2191 2295
f 2182 2295 2186
f 2191 2143 2278
f 2191 2278 2295
f 2278 2143 2313
f 2186 2295 2314
f 2295 2278 2337
f 2337 2278 2313
f 2295 2337 2314
f 2337 2313 2339
f 2314 2337 2345
f 2345 2337 2360
f 2345 2360 2309
f 2314 2345 2299
f 2299 2345 2309
f 2314 2299 2197
f 2299 2309 2185
f 2185 2309 1996
f 2197 2299 2165
f 2165 2299 2185
f 2197 2165 1988
f 2185 1996 1710
f 1710 1996 1934
f 1710 1934 1675
f 1710 1675 1593
f 1988 2165 1868
f 1988 1868 1386
f 2165 2185 1841
f 2165 1841 1868
f 1841 2185 1710
f 1386 1868 1486
s 0
f 1486 1868 1841
s 1
f 1486 1841 1710
f 1486 1710 1593
f 1386 1486 1439
f 1439 1486 1593
f 1439 1593 1481
f 1993 1583 1573
f 1583 1993 1669
f 1669 1993 1976
f 1976 1993 2111
f 1993 1573 1905
f 1993 1905 2111
f 1573 1583 1562
f 2201 2142 2111
f 2201 2111 2246
f 2201 2246 2313
f 2313 2246 2339
f 2246 2111 2038
f 2038 2111 1905
f 2339 2246 2360
f 2339 2360 2337
f 2246 2038 2008
f 2246 2008 2360
f 2038 1905 1717
f 2038 1717 2008
f 1717 1905 1603
f 1603 1905 1573
f 1603 1573 1584
f 1584 1573 1562
f 1717 1603 1609
f 1609 1603 1584
f 1717 1609 1703
f 1717 1703 2008
f 1703 1609 1586
f 1703 1586 1675
f 1703 1675 1906
f 1703 1906 2008
f 1675 1586 1593
f 1906 1675 1934
f 1906 1934 1854
f 1906 1854 1843
f 1593 1586 1481
f 1481 1586 1473
f 1906 1843 1950
f 1906 1950 2008
f 1950 1843 1931
f 1950 1931 1994
f 1950 1994 2052
f 1950 2052 2008
f 2052 1994 2006
f 2008 2052 2101
f 2101 2052 2006
f 2008 2101 2360
f 2360 2101 2309
f 2309 2101 1996
f 1996 2101 2006
f 1996 2006 1934
f 1934 2006 1914
f 1601 1473 1586
f 1473 1601 1466
f 1601 1586 1582
f 1582 1586 1609
f 1466 1601 1634
f 1466 1634 1483
f 1582 1609 1584
f 1483 1634 1462
f 1634 1601 1626
f 1626 1601 1582
f 1462 1634 1732
f 1582 1584 1652
f 1582 1652 1626
f 1634 1626 1861
f 1634 1861 1732
f 1626 1652 1937
f 1626 1937 1861
f 1652 1584 1886
f 1652 1886 1937
f 1886 1584 1771
f 1771 1584 1562
f 1732 1861 1890
f 1616 1462 1732
f 1616 1732 1890
f 1462 1616 1510
f 1510 1616 1630
f 1630 1616 1760
f 1630 1760 1778
f 1760 1616 1890
f 1760 1890 1916
f 1936 1890 1861
f 1936 1861 1937
f 1916 1890 1898
f 1898 1890 1936
f 1936 1937 1969
f 1936 1969 1898
f 1969 1937 2040
f 1969 2040 1898
f 1916 1898 2025
f 2025 1898 2040
f 1916 2025 2029
f 2029 2025 2097
f 2025 2040 2193
f 2040 1937 2104
f 2193 2040 2183
f 2183 2040 2104
f 2193 2183 2244
f 2104 1937 1886
f 2244 2183 2096
f 2096 2183 2104
f 2244 2096 2155
f 2244 2155 2440
f 2440 2155 2372
f 2155 2096 1696
f 2440 2372 2473
f 1696 2096 2000
f 2000 2096 2104
f 1696 2000 1684
f 1696 1684 1627
f 1627 1684 1538
f 2000 2104 1940
f 2000 1940 1684
f 1940 2104 1886
f 1940 1886 1771
f 1684 1940 1628
f 1628 1940 1771
f 1684 1628 1538
f 1628 1771 1562
f 1538 1628 1528
f 1528 1628 1562
f 1538 1528 1552
f 1528 1562 1583
f 1528 1583 1552
f 2613 2591 2473
f 2591 2613 2623
f 2591 2623 2597
f 2473 2591 2571
f 2571 2591 2597
f 2473 2571 2440
f 2571 2597 2517
f 2571 2517 2440
f 399 309 238
f 382 238 160
f 238 382 468
f 238 468 399
f 468 382 675
f 399 468 637
f 399 637 479
f 479 637 677
s 0
f 468 675 836
s 1
f 468 836 637
s 0
f 836 675 904
s 1
f 677 637 858
f 858 637 836
f 677 858 879
f 677 879 1007
s 0
f 836 904 1043
s 1
f 836 1043 858
s 0
f 1043 904 1644
s 1
f 879 858 1015
f 1015 858 1043
f 1007 879 1436
f 1436 879 1015
s 0
f 1043 1644 1284
s 1
f 1043 1284 1015
f 1284 1644 2099
f 1015 1284 1367
f 1015 1367 1436
f 1284 2099 1811
f 1284 1811 1367
f 1811 2099 2119
f 2119 2099 2392
f 1367 1811 1706
f 1367 1706 1436
f 1706 1811 2119
f 2119 2392 2499
f 1436 1706 1549
f 1706 2119 1877
f 1706 1877 1549
f 2119 2499 2306
f 2119 2306 1877
f 2306 2499 2573
f 1877 2306 2270
f 2306 2573 2459
f 2306 2459 2270
f 2459 2573 2613
f 2613 2573 2588
f 2613 2588 2623
f 2459 2613 2473
f 2459 2473 2270
f 2270 2473 2372
f 2270 2372 1930
f 1930 2372 2155
f 1930 2155 1696
f 2270 1930 1967
f 1967 1930 1696
f 2270 1967 1877
f 1967 1696 1756
f 1967 1756 1877
f 1756 1696 1627
f 1877 1756 1549
f 1756 1627 1622
f 1756 1622 1549
f 1622 1627 1538
f 1622 1538 1552
f 1622 1552 1487
f 1622 1487 1549
f 1549 1487 1375
f 1549 1375 1263
f 1549 1263 1436
f 1263 1375 1232
f 1436 1263 1007
f 1007 1263 1232
f 1800 1719 1751
f 1719 1800 1712
f 1800 1751 1821
f 1821 1751 1775
f 1821 1775 1818
f 1712 1800 1745
f 1712 1745 1662
f 1800 1821 1814
f 1800 1814 1745
f 1821 1818 1817
f 1821 1817 1814
f 1817 1818 1889
f 1817 1889 1844
f 1814 1817 1750
f 1745 1814 1772
f 1772 1814 1750
f 1745 1772 1687
f 1772 1750 1636
f 1636 1687 1772
f 1687 1636 1596
f 1596 1636 1629
f 1629 1636 1750
f 1629 1750 1483
f 1483 1750 1466
f 1629 1483 1462
f 1629 1462 1541
f 1629 1541 1596
f 1541 1462 1510
f 1541 1510 1600
f 1596 1541 1667
f 1596 1667 1687
f 1667 1541 1600
f 1600 1510 1630
f 1600 1630 1779
f 1779 1630 1778
f 1600 1779 1824
f 1779 1778 2027
f 1779 2027 1824
f 1667 1600 1777
f 1777 1600 1824
f 1667 1777 1686
f 1667 1686 1687
f 1777 1824 1840
f 1687 1686 1682
f 1687 1682 1745
f 1686 1777 1688
f 1688 1777 1840
f 1682 1686 1637
f 1637 1686 1688
f 1745 1682 1662
f 1979 1840 1824
f 1688 1840 1911
f 1911 1840 1979
f 1688 1911 1721
f 1688 1721 1637
f 1631 1682 1637
f 1682 1631 1662
f 1631 1637 1558
f 1631 1558 1579
f 1631 1579 1662
f 1637 1721 1701
f 1637 1701 1590
f 1701 1721 1746
f 1662 1579 1520
f 1520 1579 1515
f 1662 1520 1608
f 1662 1608 1712
f 1608 1520 1048
f 1712 1608 1054
f 1054 1608 1048
f 1054 1048 276
f 1869 1746 1721
f 1746 1869 1812
f 1869 1721 1911
f 1869 1911 2053
f 1869 2053 1973
f 1973 2053 2151
f 2053 1911 1979
f 2151 2053 2318
f 2151 2318 2302
f 2053 1979 2214
f 2053 2214 2318
f 2302 2318 2537
f 2302 2537 2521
f 2521 2537 2631
f 2751 2756 2631
f 2751 2631 2691
f 2691 2631 2537
f 2691 2537 2618
f 2691 2618 2762
f 2618 2537 2568
f 2618 2568 2762
f 2429 2537 2318
f 2537 2429 2568
f 2429 2318 2275
f 2275 2318 2214
f 2568 2429 2386
f 2386 2429 2275
f 2762 2568 2530
f 2762 2530 2641
f 2641 2530 2465
f 2530 2568 2490
f 2490 2568 2386
f 2465 2530 2310
f 2310 2530 2490
f 2310 2490 2386
f 2465 2310 2208
f 2292 2386 2275
f 2386 2292 2310
f 2292 2275 2198
f 2292 2198 2310
f 2198 2275 2214
f 2198 2214 1979
f 2208 2310 2145
f 2208 2145 2029
f 2029 2145 1916
f 2198 1979 2009
f 2009 1979 1824
f 2240 2310 2198
f 2310 2240 2145
f 2240 2198 2009
f 2009 1824 2027
f 2009 2027 2240
f 2240 2027 2145
f 1946 1916 2145
f 1946 2145 2027
f 1916 1946 1760
f 1946 2027 1778
f 1946 1778 1760
f 88 378 360
f 88 360 49
f 1515 1579 1558
f 1515 1558 1530
f 1515 1530 1492
f 1492 1530 1531
f 1492 1531 1505
f 1492 1505 1416
f 1492 1416 1515
f 1416 1505 1435
f 1515 1416 1425
f 1515 1425 1520
f 1520 1425 1048
f 1048 1425 1416
f 1048 1416 608
f 608 1416 1435
f 608 1435 1468
f 1048 608 276
f 608 1468 3765
s 0
f 608 3765 276
s 1
f 276 3765 4827
f 276 4827 4616
f 501 470 477
f 470 501 686
f 501 477 503
f 503 477 494
f 501 503 604
f 686 501 669
f 669 501 604
f 686 669 843
f 669 604 804
f 669 804 843
f 804 604 855
f 843 804 1096
f 1096 804 855
f 384 442 358
f 442 384 480
f 358 442 376
f 442 480 499
f 442 499 376
f 499 480 656
f 656 480 578
f 656 578 802
f 499 656 673
f 656 802 867
f 656 867 673
f 867 802 1077
f 867 1077 1235
f 867 1235 826
f 867 826 673
f 1793 1235 2072
f 1235 1793 1276
f 1235 1276 826
f 1276 1793 1663
f 1276 1663 1162
f 1276 1162 826
f 1162 1663 1632
f 1162 1632 1191
f 826 1162 922
f 922 1162 1191
f 826 922 687
f 826 687 673
f 922 1191 845
f 845 1191 757
f 687 922 678
f 678 922 845
f 845 757 570
f 845 570 678
f 570 757 532
f 687 678 448
f 448 678 570
f 483 673 687
f 483 687 448
f 673 483 549
f 673 549 499
f 483 448 379
f 483 379 549
f 499 549 446
f 446 549 379
f 499 446 376
f 446 379 284
f 446 284 376
f 379 448 220
f 284 379 184
f 184 379 220
f 376 284 314
f 376 314 358
f 314 284 188
f 188 284 184
f 358 314 346
f 358 346 343
f 343 346 477
f 477 346 494
f 494 346 484
f 484 346 454
f 346 314 352
f 346 352 454
f 352 314 188
f 454 352 443
f 443 352 406
f 406 352 182
f 182 352 188
f 406 182 338
f 260 295 338
f 260 338 182
f 260 182 95
f 182 188 67
f 95 182 3546
f 3546 182 67
f 95 3546 3630
f 67 188 184
f 3630 3546 3788
f 3630 3788 3840
f 3840 3788 3959
f 3840 3959 3999
f 3959 3788 3808
f 3788 3546 3646
f 3788 3646 3808
f 3646 3546 67
f 3808 3646 3705
f 3808 3705 3848
f 3646 67 3558
f 3558 67 184
f 3646 3558 3705
f 3848 3705 3923
f 3923 3705 3810
f 3705 3558 3567
f 3567 3558 184
f 3810 3705 3666
f 3666 3705 3567
f 3567 184 30
f 3567 30 3666
f 30 184 220
f 3810 3666 3579
f 3666 30 105
f 105 30 220
f 3666 105 3579
f 3810 3579 3685
f 3685 3579 3535
f 3685 3535 14
f 3535 3579 211
f 211 3579 105
f 3535 211 253
f 105 220 320
f 105 320 211
f 320 220 448
f 320 448 570
f 211 320 401
f 211 401 253
f 401 320 570
f 253 401 532
f 532 401 570
f 604 645 855
f 494 604 503
f 604 494 645
f 645 494 484
f 645 484 643
f 855 645 792
f 792 645 643
f 855 792 991
f 991 792 907
f 907 792 643
f 855 991 1147
f 855 1147 1096
f 1147 991 1306
f 1306 991 907
f 572 643 484
f 572 484 454
f 572 454 583
f 583 454 443
f 583 443 406
f 643 572 688
f 688 572 583
f 829 907 643
f 829 643 688
f 907 829 990
f 907 990 1325
f 907 1325 1306
f 990 829 1086
f 1086 829 688
f 990 1086 1432
f 990 1432 1325
f 1086 688 970
f 970 688 583
f 1432 1086 1187
f 1187 1086 970
f 1325 1432 1620
f 1620 1432 1187
f 1187 970 1131
f 1187 1131 1620
f 970 583 777
f 1325 1620 1550
f 970 777 916
f 970 916 1131
f 777 583 631
f 631 583 406
f 916 777 723
f 723 777 631
f 631 406 575
f 631 575 723
f 575 406 338
f 916 723 895
f 916 895 1131
f 723 575 765
f 723 765 895
f 575 338 542
f 575 542 765
f 542 338 295
f 542 295 370
f 542 370 616
f 895 765 1150
f 895 1150 1131
f 765 542 719
f 719 542 616
f 1150 765 908
f 908 765 719
f 1131 1150 1639
f 1150 908 1379
f 1150 1379 1639
f 1131 1639 1620
f 1379 908 1463
f 1379 1463 1639
f 908 719 1088
f 908 1088 1463
f 1088 719 939
f 939 719 616
f 1088 939 1087
f 1088 1087 1463
f 939 616 797
f 939 797 1087
f 797 616 580
f 580 616 367
f 580 367 428
f 797 580 614
f 614 580 428
f 1087 797 913
f 913 797 614
f 1452 1463 1087
f 614 428 486
f 486 428 231
f 486 231 330
f 1087 913 1297
f 1087 1297 1452
f 913 614 873
f 614 486 816
f 614 816 873
f 486 330 621
f 486 621 816
f 621 330 421
f 421 330 218
f 3663 166 218
f 218 166 421
f 873 816 954
f 1293 913 873
f 1293 873 954
f 913 1293 1297
f 827 816 621
f 816 827 954
f 694 621 421
f 621 694 827
f 694 421 533
f 694 533 731
f 694 731 827
f 533 421 332
f 827 731 1172
f 827 1172 1142
f 948 954 827
f 948 827 1142
f 332 421 81
f 332 81 10
f 81 421 166
f 10 81 3675
f 81 166 3846
f 81 3846 3675
f 948 1142 1340
f 948 1340 954
f 1340 1142 1548
f 1340 1548 1668
f 1340 1668 954
f 954 1668 1293
f 1293 1668 1683
f 1293 1683 1297
f 1683 1668 1866
f 1297 1683 1809
f 1297 1809 1452
f 1683 1866 1938
f 1683 1938 1809
f 1938 1866 2073
f 2073 1866 2017
f 1938 2073 2034
f 1938 2034 1809
f 2034 2073 2170
f 2034 2170 2163
f 2034 2163 2045
f 2034 2045 1809
f 2045 2163 2144
f 1805 1452 1809
f 1805 1809 2045
f 1452 1805 1463
f 2045 2144 1989
f 2045 1989 1805
f 1989 2144 2046
f 1463 1805 1885
f 1885 1805 1989
f 1463 1885 1639
f 1639 1885 1872
f 1872 1885 1989
f 1639 1872 1620
f 1989 2046 2007
f 1989 2007 1872
f 2007 2046 2092
f 1620 1872 1550
f 2007 2092 2149
f 2149 2092 2271
f 1872 2007 1966
f 1966 2007 2149
f 1550 1872 1674
f 1674 1872 1966
f 2149 2271 2452
f 2452 2271 2484
f 1966 2149 2026
f 1966 2026 1674
f 2452 2484 2529
f 1550 1674 1529
f 1550 1529 1325
f 1325 1529 1306
f 1529 1674 1693
f 1529 1693 1306
f 1693 1674 2026
f 2452 2529 2457
f 2457 2529 2488
f 2457 2488 2441
f 2457 2441 2316
f 2316 2441 2338
f 2452 2457 2239
f 2239 2457 2316
f 2452 2239 2171
f 2452 2171 2149
f 2149 2171 2026
f 2171 2239 1867
f 2171 1867 2026
f 1867 2239 2316
f 2026 1867 1693
f 1997 2316 2338
f 2316 1997 1867
f 1997 2338 1880
f 1997 1880 1648
f 1997 1648 1867
f 1648 1880 1353
f 1693 1867 1532
f 1532 1867 1648
f 1532 1648 1353
f 1693 1532 1306
f 1306 1532 1353
f 1306 1353 1147
f 1147 1353 1233
f 1827 1566 1527
f 1527 1566 1194
f 1566 1827 1987
f 1194 1566 1401
f 1987 1827 2224
f 2224 1827 2209
f 1566 1987 1792
f 1566 1792 1401
f 1987 2224 2296
f 2224 2209 2352
f 2352 2209 2418
f 2352 2418 2519
f 2224 2352 2407
f 2407 2352 2519
f 2224 2407 2296
f 2407 2519 2499
f 2499 2519 2573
f 2407 2499 2392
f 2407 2392 2296
f 2296 2392 2138
f 2296 2138 1987
f 1987 2138 1792
f 2138 2392 2099
f 2138 2099 1792
f 1792 2099 1644
f 1792 1644 1401
f 1401 1644 904
f 1401 904 1121
f 1401 1121 1117
f 1401 1117 1194
f 1194 1117 1053
f 1053 1117 810
f 810 1117 1121
f 1053 810 782
f 782 810 613
f 955 1121 904
f 1121 955 810
f 955 904 675
f 613 810 626
f 626 810 955
f 613 626 101
f 101 626 290
f 626 955 630
f 626 630 290
f 630 955 675
f 290 630 281
f 630 675 525
f 630 525 281
f 525 675 382
f 281 525 319
f 319 525 382
f 1446 1647 1189
f 1647 1446 1919
f 1647 1919 2277
f 1919 1446 1567
f 1567 1446 796
f 2277 1919 2282
f 1567 796 633
f 2277 2282 2477
f 2277 2477 2462
f 2282 1919 2136
f 2477 2282 2329
f 2329 2282 2136
f 2136 1919 1999
f 1999 1919 1567
f 2462 2477 2584
f 2462 2584 2513
f 2584 2477 2629
f 2629 2477 2329
f 2513 2584 2656
f 2656 2584 2629
f 2564 2479 2513
f 2564 2513 2656
f 2564 2656 2668
f 2564 2668 2603
f 2656 2629 2745
f 2680 2594 2603
f 2680 2603 2668
f 2680 2668 2750
f 2680 2750 2810
f 2680 2810 2694
f 2810 2750 2824
f 2824 2750 2668
f 2810 2824 2901
f 2819 2668 2656
f 2668 2819 2824
f 2819 2656 2745
f 2901 2824 2939
f 2939 2824 2819
f 2901 2939 2982
f 2819 2745 2877
f 2819 2877 2939
f 2982 2939 2992
f 2992 2939 2877
f 2982 2992 2985
f 2985 2992 2995
f 2995 2992 2987
f 2995 2987 3007
f 2992 2877 2926
f 2992 2926 2987
f 3007 2987 3060
f 2926 2877 2882
f 2987 2926 2950
f 2950 2926 2882
f 2987 2950 3004
f 2987 3004 3060
f 3004 2950 3036
f 3004 3036 3060
f 2950 2882 2889
f 2950 2889 3036
f 2816 2882 2877
f 2882 2816 2889
f 2816 2877 2745
f 2816 2745 2687
f 2687 2745 2629
f 2687 2629 2437
f 2816 2687 2684
f 2684 2687 2437
f 2889 2816 2798
f 2798 2816 2684
f 2437 2629 2329
f 2684 2437 2692
f 2684 2692 2798
f 2437 2329 2446
f 2692 2437 2554
f 2554 2437 2446
f 2692 2554 2705
f 2798 2692 2747
f 2747 2692 2705
f 2798 2747 2795
f 2872 2889 2798
f 2872 2798 2795
f 2795 2747 2774
f 2774 2747 2705
f 2586 2705 2554
f 2586 2554 2446
f 2705 2586 2699
f 2586 2446 2528
f 2586 2528 2699
f 2705 2699 2785
f 2705 2785 2774
f 2785 2699 2719
f 2719 2699 2528
f 2774 2785 2898
f 2821 2795 2774
f 2821 2774 2898
f 2795 2821 2836
f 2795 2836 2872
f 2836 2821 2881
f 2881 2821 2898
f 2836 2881 2984
f 2856 2898 2785
f 2856 2785 2719
f 2881 2898 3032
f 2881 3032 2984
f 2898 2856 2970
f 3032 2898 3049
f 3049 2898 2970
f 3032 3049 3105
f 3032 3105 2984
f 3105 3049 3109
f 2831 2856 2719
f 2856 2831 2970
f 3049 2970 3014
f 3049 3014 3109
f 2970 2831 2833
f 3014 2970 2916
f 2916 2970 2833
f 3014 2916 2990
f 2916 2833 2865
f 2916 2865 2990
f 2990 2865 2945
f 3014 2990 3042
f 3042 2990 3025
f 3042 3025 3046
f 3042 3046 3053
f 2865 2833 2720
f 2865 2720 2742
f 2720 2833 2725
f 2725 2833 2831
f 2742 2720 2608
f 2742 2608 2638
f 2720 2725 2601
f 2720 2601 2608
f 2725 2831 2678
f 2725 2678 2601
f 2678 2831 2719
f 2608 2601 2434
f 2434 2601 2678
f 2427 2638 2608
f 2427 2608 2434
f 2638 2427 2544
f 2544 2427 2081
f 2678 2719 2572
f 2678 2572 2434
f 2572 2719 2528
f 2427 2434 2213
f 2427 2213 2081
f 2434 2572 2225
f 2434 2225 2213
f 2572 2528 2445
f 2572 2445 2225
f 2081 2213 1680
f 1680 2213 2225
f 1739 1725 2081
f 1739 2081 1680
f 2445 2528 2368
f 2368 2528 2446
f 2225 2445 2067
f 2225 2067 1680
f 2445 2368 2257
f 2445 2257 2067
f 2368 2446 2359
f 2359 2446 2329
f 2359 2329 2136
f 2359 2136 1999
f 2368 2359 2124
f 2368 2124 2257
f 2124 2359 1999
f 1769 2067 2257
f 1769 2257 2124
f 2067 1769 1283
f 2067 1283 1680
f 1769 2124 1856
f 1856 2124 1999
f 1769 1856 1338
f 1769 1338 1283
f 1856 1999 1451
f 1451 1999 1567
f 1338 1856 1230
f 1230 1856 1451
f 1451 1567 984
f 1451 984 1230
f 984 1567 633
f 1230 984 670
s 0
f 670 984 633
s 1
f 1338 1230 884
f 884 1230 670
f 1338 884 900
f 1338 900 1283
f 884 670 560
f 884 560 900
f 560 670 94
f 900 560 508
f 508 560 94
f 94 670 418
f 418 670 633
f 94 418 222
f 418 633 413
f 418 413 222
f 413 633 593
f 222 413 339
f 971 900 508
f 900 971 1283
f 971 508 612
f 612 508 324
f 612 324 592
f 1283 971 1337
f 1283 1337 1680
f 1680 1337 1739
f 1337 971 1200
f 1337 1200 1739
f 1200 971 612
f 1739 1200 1262
f 1262 1200 1039
f 1262 1039 1062
f 1200 612 853
f 1200 853 1039
f 1039 853 1062
f 853 612 592
f 1062 853 771
f 771 853 579
f 579 853 592
f 579 592 507
f 2062 1522 1941
f 1941 1522 1374
f 2062 1941 2297
f 1941 1374 1880
f 1941 1880 2297
f 1880 1374 1353
f 1353 1374 1233
f 2297 1880 2338
f 2062 2297 2468
f 2468 2297 2338
f 2468 2338 2441
f 2468 2441 2516
f 2468 2516 2531
f 2516 2441 2483
f 2483 2441 2488
f 2531 2516 2546
f 2546 2516 2483
f 2483 2488 2450
f 2531 2546 2580
f 2531 2580 2566
f 2566 2580 2597
f 2566 2597 2623
f 2597 2580 2523
f 2523 2580 2546
f 2597 2523 2517
f 2474 2546 2483
f 2546 2474 2523
f 2517 2523 2451
f 2517 2451 2440
f 2523 2474 2399
f 2523 2399 2451
f 2440 2451 2379
f 2379 2451 2399
f 2440 2379 2244
f 2244 2379 2193
f 2193 2379 2158
f 2158 2379 2399
f 2193 2158 2025
f 2025 2158 2097
f 2158 2399 2258
f 2158 2258 2097
f 2258 2399 2393
f 2393 2399 2474
f 2097 2258 2231
f 2393 2474 2430
f 2430 2474 2483
f 2258 2393 2233
f 2258 2233 2231
f 2393 2430 2408
f 2393 2408 2233
f 2430 2483 2423
f 2430 2423 2408
f 2423 2483 2450
f 2233 2408 2290
f 2231 2233 2253
f 2253 2233 2290
f 2253 2290 2376
f 2253 2376 2231
f 2376 2290 2408
f 2423 2450 2509
f 2509 2450 2417
f 2583 2408 2423
f 2583 2423 2509
f 2408 2583 2376
f 2231 2376 2321
f 2231 2321 2097
f 2321 2376 2492
f 2492 2376 2583
f 2097 2321 2251
f 2097 2251 2029
f 2029 2251 2208
f 2251 2321 2553
f 2553 2321 2492
f 2208 2251 2416
f 2416 2251 2553
f 2208 2416 2465
f 2465 2416 2703
f 2703 2416 2553
f 2465 2703 2641
f 2641 2703 2826
f 2826 2703 3216
f 2826 3216 3317
f 3317 3216 3466
f 3466 3216 3475
f 3216 2703 2963
f 2963 2703 2553
f 3475 3216 3337
f 3337 3216 2963
f 2963 2553 3001
f 2963 3001 3337
f 3001 2553 2711
f 2711 2553 2492
f 2711 2492 2727
f 2711 2727 3001
f 2727 2492 2583
f 3337 3001 3098
f 3098 3001 2727
f 3337 3098 3475
f 3475 3098 3373
f 3475 3373 3481
f 3098 2727 2996
f 3098 2996 3373
f 2727 2583 2741
f 2727 2741 2996
f 3481 3373 3455
f 3455 3373 2996
f 3481 3455 3479
f 3479 3455 3469
f 3469 3455 3156
f 3156 3455 2996
f 3469 3156 3467
f 3467 3156 3482
f 3156 2996 2840
f 2840 2996 2741
f 3156 2840 2933
f 2840 2741 2652
f 2652 2741 2583
f 2840 2652 2662
f 2652 2583 2509
f 2652 2509 2662
f 2015 1883 1948
f 1844 1889 1948
f 2015 1948 1959
f 1948 1889 1947
f 1948 1947 1959
f 2015 1959 1954
f 2015 1954 1907
f 1954 1959 1931
f 1907 1954 1900
f 1900 1954 1931
f 1907 1900 1844
f 1844 1900 1817
f 1817 1900 1838
f 1838 1900 1931
f 1931 1959 1994
f 1994 1959 1947
f 1994 1947 2006
f 2006 1947 1914
f 1884 1947 1889
f 1947 1884 1914
f 1884 1889 1818
f 1884 1818 1787
f 1914 1884 1854
f 1914 1854 1934
f 1854 1884 1843
f 1843 1884 1787
f 1843 1787 1838
f 1838 1787 1817
f 1843 1838 1931
f 2904 2641 2826
f 2641 2904 2762
f 2904 2826 3317
f 2762 2904 3061
f 2762 3061 2691
f 2904 3317 3287
f 2904 3287 3061
f 3287 3317 3440
f 3440 3317 3466
f 3061 3287 3244
f 3244 3287 3440
f 2691 3061 3038
f 2691 3038 2751
f 3061 3244 3199
f 3061 3199 3038
f 2751 3038 3230
f 3230 3038 3199
f 2751 3230 3043
f 3497 3440 3466
f 3497 3466 3475
f 3497 3475 3481
f 3497 3481 3479
f 3497 3479 3476
f 3476 3479 3469
f 3440 3497 3451
f 3451 3497 3476
f 3476 3469 3474
f 3440 3451 3370
f 3440 3370 3244
f 3244 3370 3199
f 3370 3451 3450
f 3450 3451 3476
f 3199 3370 3364
f 3364 3370 3450
f 3199 3364 3230
f 3230 3364 3390
f 3364 3450 3461
f 3461 3450 3476
f 3364 3461 3390
f 3461 3476 3474
f 3390 3461 3480
f 3480 3461 3474
f 3390 3480 3493
f 3480 3474 3467
f 3474 3469 3467
f 5878 5797 5932
f 5797 5878 5701
f 5701 5878 5710
f 5878 5932 6008
f 5710 5878 5888
f 5888 5878 6008
f 5710 5888 5717
f 5710 5717 5513
f 5513 5717 5552
f 5513 5552 5468
f 5552 5717 5610
f 5552 5610 5468
f 5513 5468 5374
f 5610 5717 5777
f 5824 5717 5888
f 5717 5824 5777
f 5824 5888 5958
f 5777 5824 5892
f 5892 5824 5958
f 5958 5888 6023
f 6023 5888 6008
f 5958 6023 6022
f 5958 6022 5892
f 6023 6008 6078
f 5777 5892 5827
f 6022 6023 6163
f 6163 6023 6078
f 5892 6022 6027
f 6022 6163 6149
f 6022 6149 6027
f 5892 6027 5973
f 5892 5973 5827
f 5973 6027 6080
f 6080 6027 6149
f 6163 6078 6200
f 6149 6163 6231
f 6231 6163 6200
f 6149 6231 6313
f 6231 6200 6312
f 6231 6312 6313
f 6200 6078 6134
f 6134 6078 6008
f 6200 6134 6311
f 6200 6311 6312
f 6311 6134 6270
f 6311 6270 6459
f 6311 6459 6312
f 6270 6134 6085
f 6085 6134 6008
f 6085 6008 5932
f 6085 5932 5908
f 6085 5908 6059
f 6312 6459 6431
f 6431 6459 6596
f 6312 6431 6351
f 6312 6351 6313
f 6431 6596 6569
f 6351 6431 6495
f 6495 6431 6569
f 6351 6495 6417
f 6351 6417 6313
f 6569 6596 6720
f 6313 6417 6307
f 6313 6307 6152
f 6313 6152 6149
f 6307 6417 6347
f 6307 6347 6152
f 6149 6152 6080
f 6347 6417 6458
f 6641 6737 6720
f 6720 6737 6805
f 6805 6737 6809
f 6720 6805 6702
f 6720 6702 6569
f 6805 6809 6808
f 6805 6808 6702
f 6808 6809 6810
f 6810 6809 6929
f 6810 6929 6872
f 6810 6872 6801
f 6801 6872 6779
f 6810 6801 6742
f 6810 6742 6808
f 6808 6742 6682
f 6808 6682 6702
f 6682 6742 6629
f 6682 6629 6627
f 6682 6627 6674
f 6682 6674 6702
f 6674 6627 6611
f 6702 6674 6646
f 6646 6674 6611
f 6702 6646 6569
f 6646 6611 6667
f 6667 6611 6562
f 6667 6562 6597
f 6646 6667 6668
f 6646 6668 6569
f 6667 6597 6638
f 6667 6638 6668
f 6569 6668 6614
f 6569 6614 6495
f 6668 6638 6632
f 6668 6632 6614
f 6495 6614 6484
f 6484 6614 6632
f 6495 6484 6417
f 6417 6484 6458
f 6484 6632 6528
f 6528 6632 6638
f 6484 6528 6458
f 6520 6638 6597
f 6638 6520 6528
f 6520 6597 6430
f 6520 6430 6462
f 6528 6520 6476
f 6476 6520 6462
f 6528 6476 6458
f 6476 6462 6407
f 6407 6462 6332
f 6458 6476 6375
f 6375 6476 6407
f 6458 6375 6331
f 6458 6331 6347
f 6375 6407 6341
f 6341 6407 6271
f 6341 6271 6326
f 6375 6341 6369
f 6369 6341 6326
f 6331 6375 6371
f 6371 6375 6369
f 6295 6347 6331
f 6347 6295 6152
f 6331 6371 6300
f 6331 6300 6295
f 6152 6295 6185
f 6300 6371 6264
f 6264 6371 6369
f 6152 6185 6080
f 6185 6295 6213
f 6185 6213 6080
f 6295 6300 6263
f 6295 6263 6213
f 6300 6264 6189
f 6300 6189 6263
f 6264 6369 6248
f 6248 6369 6326
f 6248 6326 6182
f 6264 6248 6188
f 6188 6248 6182
f 6264 6188 6189
f 6188 6182 6137
f 6188 6137 6171
f 6188 6171 6189
f 6171 6137 6069
f 6181 6263 6189
f 6263 6181 6213
f 6189 6171 6116
f 6189 6116 6181
f 6171 6069 6099
f 6171 6099 6116
f 6099 6069 6052
f 6052 6069 5940
f 6052 5940 5983
f 6099 6052 6090
f 6099 6090 6116
f 6052 5983 6050
f 6052 6050 6090
f 6050 5983 5945
f 5945 5983 5851
f 6090 6050 6094
f 6090 6094 6116
f 5945 5851 5859
f 6050 5945 5997
f 6050 5997 6094
f 5945 5859 5893
f 5945 5893 5997
f 6116 6094 6105
f 6116 6105 6181
f 6094 5997 5981
f 5997 5893 5939
f 5997 5939 5981
f 6105 6094 6064
f 6064 6094 5981
f 6181 6105 6140
f 6181 6140 6213
f 6105 6064 6058
f 6105 6058 6140
f 6064 5981 5972
f 6064 5972 6058
f 5972 5981 5886
f 5886 5981 5939
f 6058 5972 5998
f 6107 6213 6140
f 5972 5886 5867
f 5972 5867 5998
f 6097 6140 6058
f 6140 6097 6107
f 6097 6058 5998
f 6213 6107 6080
f 6107 6097 6057
f 6057 6097 5998
f 6080 6107 5991
f 5991 6107 6057
f 5991 6057 5998
f 6080 5991 5973
f 5991 5998 5899
f 5991 5899 5973
f 5899 5998 5867
f 5973 5899 5827
f 5827 5899 5867
f 5827 5867 5727
f 5827 5727 5715
f 5827 5715 5777
f 5777 5715 5610
f 5610 5715 5600
f 5600 5715 5727
f 5610 5600 5468
f 5727 5867 5766
f 5766 5867 5886
f 5600 5727 5647
f 5468 5600 5499
f 5499 5600 5647
f 5468 5499 5374
f 5766 5886 5801
f 5801 5886 5939
f 5727 5766 5657
f 5727 5657 5647
f 5657 5766 5634
f 5634 5766 5801
f 5647 5657 5488
f 5647 5488 5499
f 5488 5657 5530
f 5530 5657 5634
f 5499 5488 5407
f 5407 5488 5530
f 5499 5407 5374
f 5634 5801 5682
f 5374 5407 5324
f 5374 5324 5278
f 5407 5530 5409
f 5324 5407 5350
f 5350 5407 5409
f 5324 5350 5299
f 5324 5299 5266
f 5266 5299 5216
f 5299 5350 5343
f 5343 5350 5409
f 5216 5299 5248
f 5248 5299 5343
f 5154 5193 5216
f 5154 5216 5151
f 5151 5216 5248
f 5154 5151 5033
f 5033 5151 5048
f 5048 5151 5106
f 5048 5106 5040
f 5040 5106 5096
f 5106 5151 5156
f 5106 5156 5096
f 5156 5151 5248
f 5096 5156 5230
f 5230 5156 5281
f 5281 5156 5248
f 5281 5248 5343
f 5281 5343 5417
f 5417 5343 5409
f 5281 5417 5386
f 5386 5417 5481
f 5386 5481 5466
f 5417 5409 5491
f 5417 5491 5481
f 5491 5409 5530
f 5491 5530 5634
f 5481 5491 5596
f 5481 5596 5466
f 5596 5491 5634
f 5466 5596 5544
f 5596 5634 5682
f 5596 5682 5706
f 5706 5682 5801
f 5544 5596 5690
f 5690 5596 5706
f 5544 5690 5648
f 5544 5648 5595
f 5706 5801 5745
f 5745 5801 5939
f 5690 5706 5719
f 5719 5706 5745
f 5648 5690 5695
f 5695 5690 5719
f 5595 5648 5639
f 5639 5648 5695
f 5595 5639 5620
f 5745 5939 5750
f 5745 5750 5719
f 5750 5939 5893
f 5695 5719 5732
f 5732 5719 5750
f 5639 5695 5645
f 5639 5645 5620
f 5750 5893 5738
f 5750 5738 5732
f 5738 5893 5859
f 5695 5732 5725
f 5725 5732 5738
f 5695 5725 5645
f 5738 5859 5720
f 5738 5720 5725
f 5720 5859 5685
f 5720 5685 5679
f 5720 5679 5725
f 5725 5679 5645
f 5645 5679 5581
f 5645 5581 5627
f 5645 5627 5620
f 5627 5581 5560
f 5620 5627 5582
f 5627 5560 5553
f 5627 5553 5582
f 6270 6085 6238
f 6270 6238 6322
f 6270 6322 6459
f 6238 6085 6225
f 6225 6085 6059
f 6225 6059 6147
f 6225 6147 6386
f 6225 6386 6238
f 6386 6147 6279
f 6411 6322 6238
f 6411 6238 6386
f 6585 6459 6322
f 6459 6585 6596
f 6596 6585 6720
f 6720 6585 6641
f 6386 6279 6379
f 6379 6279 6286
f 6386 6379 6553
f 6379 6286 6453
f 6379 6453 6553
f 6453 6286 6281
f 6641 6585 6545
f 6545 6585 6322
f 6453 6281 6529
f 6529 6281 6401
f 6453 6529 6600
f 6453 6600 6553
f 6529 6401 6468
f 6529 6468 6600
f 6468 6401 6324
f 6468 6324 6507
f 6600 6468 6672
f 6672 6468 6507
f 6553 6600 6711
f 6711 6600 6672
f 6672 6507 6630
f 6553 6711 6701
f 6711 6672 6804
f 6553 6701 6593
f 6553 6593 6386
f 6386 6593 6411
f 6701 6711 6837
f 6837 6711 6804
f 6411 6593 6412
f 6411 6412 6322
f 6322 6412 6545
f 6412 6593 6625
f 6625 6593 6701
f 6412 6625 6545
f 6625 6701 6750
f 6750 6701 6837
f 6545 6625 6760
f 6760 6625 6750
f 6545 6760 6641
f 6641 6760 6830
f 6641 6830 6737
f 6760 6750 6868
f 6760 6868 6830
f 6737 6830 6884
f 6884 6830 6868
f 6737 6884 6809
f 6809 6884 6929
f 6884 6868 6910
f 6884 6910 6929
f 6907 6868 6750
f 6907 6750 6837
f 6910 6868 7005
f 7005 6868 6907
f 6929 6910 6906
f 6906 6910 7005
f 6929 6906 6872
f 6872 6906 6857
f 6857 6906 6953
f 6953 6906 7005
f 6857 6953 6918
f 6953 7005 6995
f 6995 7005 6907
f 6918 6953 6947
f 6947 6953 6995
f 6918 6947 6889
f 6889 6947 6972
f 6972 6947 7028
f 6947 6995 7033
f 7033 6995 6907
f 6947 7033 7028
f 6972 7028 6985
f 7033 6907 7038
f 7033 7038 7028
f 6985 7028 6980
f 7038 6907 6935
f 6935 6907 6837
f 7028 7038 6990
f 7028 6990 6980
f 6935 6837 6916
f 6916 6837 6804
f 7038 6935 6954
f 6954 6935 6916
f 6990 7038 6983
f 6916 6804 6924
f 6916 6924 6954
f 6924 6804 6788
f 6788 6804 6672
f 6954 6924 7096
f 6788 6672 6630
f 6959 7038 6954
f 7038 6959 6983
f 6959 6954 7096
f 6842 6990 6983
f 6990 6842 6980
f 6983 6959 6922
f 6983 6922 6842
f 6922 6959 7114
f 7114 6959 7096
f 6842 6922 6956
f 6842 6956 6980
f 6956 6922 7114
f 6980 6956 7161
f 7161 6956 7114
f 6980 7161 7116
f 6980 7116 6985
f 6985 7116 7039
f 7039 7116 7071
f 7071 7116 7041
f 7116 7161 7091
f 7116 7091 7041
f 7161 7114 7088
f 7088 7114 7096
f 7161 7088 7091
f 7071 7041 7193
f 7193 7041 7091
f 7071 7193 7019
f 7091 7088 7185
f 7088 7096 7061
f 7088 7061 7185
f 7061 7096 7042
f 7042 7096 6924
f 7042 6924 6788
f 7193 7091 7215
f 7215 7091 7185
f 7042 6788 6822
f 6822 6788 6630
f 7061 7042 6948
f 6948 7042 6822
f 7105 7185 7061
f 7105 7061 6948
f 7215 7185 7196
f 7196 7185 7105
f 6948 6822 6722
f 6722 6822 6630
f 7105 6948 6994
f 6948 6722 6882
f 6948 6882 6994
f 7105 6994 7103
f 7105 7103 7196
f 6994 6882 7046
f 6994 7046 7103
f 6882 6722 6748
f 7046 6882 6958
f 6958 6882 6748
f 6748 6722 6643
f 6643 6722 6630
f 7103 7046 7173
f 7046 6958 6969
f 7046 6969 7173
f 6643 6630 6526
f 6526 6630 6507
f 6526 6507 6382
f 6526 6382 6472
f 6643 6526 6649
f 6649 6526 6472
f 6643 6649 6748
f 6649 6472 6700
f 6649 6700 6748
f 6748 6700 6958
f 6700 6472 6496
f 6700 6496 6564
f 6700 6564 6696
f 6696 6564 6482
f 6958 6700 6825
f 6825 6700 6696
f 6958 6825 6969
f 6696 6482 6607
f 6969 6825 7021
f 6696 6607 6785
f 6825 6696 6852
f 6852 6696 6785
f 6825 6852 7021
f 6785 6607 6749
f 6785 6749 6852
f 6749 6607 6576
f 6969 7021 7173
f 6749 6576 6685
f 6685 6576 6631
f 6852 6749 7003
f 6749 6685 6813
f 6749 6813 7003
f 6685 6631 6759
f 6759 6631 6590
f 6759 6590 6840
f 6685 6759 6854
f 6685 6854 6813
f 6759 6840 6944
f 6759 6944 6854
f 6944 6840 7099
f 6813 6854 7030
f 6813 7030 7003
f 6854 6944 6999
f 6854 6999 7030
f 6944 7099 7135
f 6944 7135 6999
f 7135 7099 7244
f 7135 7244 7261
f 7261 7244 7333
f 6999 7135 7093
f 7093 7135 7261
f 7169 7030 6999
f 7169 6999 7093
f 7093 7261 7209
f 7209 7261 7333
f 7093 7209 7169
f 7209 7333 7283
f 7209 7283 7169
f 7283 7333 7299
f 7208 7030 7169
f 7030 7208 7003
f 7169 7283 7237
f 7237 7283 7299
f 7169 7237 7208
f 7237 7299 7315
f 7208 7237 7160
f 7208 7160 7003
f 7160 7237 7315
f 7315 7299 7335
f 7003 7160 7034
f 7003 7034 6852
f 6852 7034 7021
f 7034 7160 7252
f 7252 7160 7315
f 7021 7034 7165
f 7165 7034 7252
f 7021 7165 7173
f 7165 7252 7290
f 7165 7290 7173
f 7290 7252 7315
f 7306 7315 7335
f 7315 7306 7290
f 7306 7335 7311
f 7173 7290 7235
f 7173 7235 7103
f 7290 7306 7341
f 7290 7341 7235
f 7341 7306 7311
f 7103 7235 7196
f 7196 7235 7341
f 7243 7149 7311
f 7311 7149 7286
f 7311 7286 7341
f 7286 7149 7166
f 7286 7166 7249
f 7341 7286 7258
f 7341 7258 7196
f 7258 7286 7249
f 7196 7258 7157
f 7196 7157 7215
f 7215 7157 7193
f 7157 7258 7128
f 7128 7258 7249
f 7157 7128 7193
f 7128 7249 7027
f 7128 7027 7193
f 5376 5337 5386
f 5386 5337 5281
f 5281 5337 5230
f 5376 5386 5466
f 5230 5337 5148
f 5337 5376 5220
f 5337 5220 5148
f 5230 5148 5096
f 5096 5148 5043
f 5096 5043 5040
f 5376 5466 5457
f 5457 5466 5544
f 5376 5457 5360
f 5376 5360 5220
f 5457 5544 5487
f 5457 5487 5360
f 5487 5544 5595
f 5220 5360 5285
f 5360 5487 5423
f 5360 5423 5285
f 5487 5595 5543
f 5487 5543 5423
f 5543 5595 5525
f 5525 5595 5620
f 5423 5543 5442
f 5442 5543 5525
f 5525 5620 5582
f 5423 5442 5392
f 5423 5392 5285
f 5442 5525 5405
f 5525 5582 5483
f 5525 5483 5405
f 5483 5582 5553
f 5483 5553 5414
f 5483 5414 5405
f 5405 5414 5283
f 5406 5392 5442
f 5406 5442 5405
f 5405 5283 5323
f 5405 5323 5406
f 5323 5283 5204
f 5204 5283 5171
f 5204 5171 5162
f 5392 5406 5325
f 5392 5325 5285
f 5406 5323 5321
f 5406 5321 5325
f 5323 5204 5211
f 5323 5211 5321
f 5204 5162 5174
f 5174 5162 5095
f 5211 5204 5194
f 5194 5204 5174
f 5321 5211 5217
f 5321 5217 5325
f 5211 5194 5159
f 5211 5159 5217
f 5194 5174 5140
f 5140 5174 5095
f 5159 5194 5153
f 5153 5194 5140
f 5140 5095 5076
f 5140 5076 5153
f 5076 5095 5056
f 5159 5153 5074
f 5074 5153 5076
f 5159 5074 5167
f 5159 5167 5217
f 5074 5076 5046
f 5217 5167 5244
f 5217 5244 5325
f 5325 5244 5285
f 5054 5076 5056
f 5076 5054 5046
f 5054 5056 5014
f 5014 5056 4984
f 5014 4984 4934
f 5054 5014 5001
f 5001 5014 4934
f 5054 5001 5046
f 5246 5285 5244
f 5285 5246 5220
f 5246 5244 5163
f 5163 5244 5167
f 5220 5246 5191
f 5191 5246 5163
f 5220 5191 5148
f 5163 5167 5083
f 5083 5167 5074
f 5083 5074 5046
f 5163 5083 5099
f 5163 5099 5191
f 5083 5046 5013
f 5083 5013 5099
f 5085 5148 5191
f 5085 5191 5099
f 5148 5085 5043
f 5085 5099 5021
f 5085 5021 5043
f 5021 5099 4962
f 5099 5013 5006
f 5099 5006 4962
f 5006 5013 4903
f 5006 4903 4962
f 4997 5013 5046
f 4997 5046 5001
f 4903 5013 4952
f 4952 5013 4997
f 4962 4903 4859
f 4903 4952 4873
f 4903 4873 4859
f 4952 4997 4908
f 4952 4908 4873
f 4997 5001 4911
f 4908 4997 4916
f 4916 4997 4911
f 4916 4911 4834
f 4908 4916 4836
f 4836 4916 4834
f 4834 4911 4817
f 4836 4834 4787
f 4817 4911 4899
f 4899 4911 5001
f 4899 5001 4934
f 4817 4899 4816
f 4899 4934 4874
f 4899 4874 4816
f 4816 4874 4802
f 4836 4787 4833
f 4836 4833 4908
f 4908 4833 4873
f 4833 4787 4768
f 4768 4787 4697
f 4873 4833 4799
f 4799 4833 4768
f 4799 4768 4678
f 4873 4799 4859
f 4799 4678 4617
f 4859 4799 4835
f 4799 4617 4757
f 4799 4757 4835
f 4757 4617 4649
f 4649 4617 4733
f 4859 4835 4880
f 4859 4880 4962
f 4835 4757 4749
f 4757 4649 4614
f 4757 4614 4749
f 4649 4733 4725
f 4649 4725 4614
f 4725 4733 4723
f 4723 4733 4704
f 4725 4723 4669
f 4669 4723 4638
f 4725 4669 4639
f 4725 4639 4614
f 4639 4669 4578
f 4614 4639 4581
f 4614 4581 4749
f 4581 4639 4496
f 4496 4639 4478
f 4581 4496 4562
f 4749 4581 4707
f 4707 4581 4562
f 4562 4496 4482
f 4482 4496 4436
f 4482 4436 4396
f 4482 4396 4367
f 4482 4367 4527
f 4482 4527 4562
f 4562 4527 4674
f 4562 4674 4707
f 4674 4527 4729
f 4707 4674 4782
f 4782 4674 4729
f 4782 4729 4811
f 4811 4729 4829
f 4782 4811 4883
f 4883 4811 4829
f 4707 4782 4778
f 4778 4782 4883
f 4707 4778 4749
f 4883 4829 4947
f 4947 4829 4902
f 4947 4902 4987
f 4749 4778 4805
f 4778 4883 4865
f 4778 4865 4805
f 4749 4805 4877
f 4877 4805 4865
f 4749 4877 4835
f 4835 4877 4880
f 4880 4877 4926
f 4926 4877 4865
f 4880 4926 4962
f 4962 4926 5021
f 4926 4865 4959
f 4926 4959 5021
f 4959 4865 4883
f 4959 4883 4947
f 5021 4959 5043
f 4959 4947 4999
f 4959 4999 5043
f 4999 4947 4987
f 5043 4999 5040
f 4999 4987 5048
f 4999 5048 5040
f 4638 4723 4704
f 4638 4704 4603
f 4603 4704 4519
f 4638 4603 4526
f 4526 4603 4519
f 4638 4526 4520
f 4638 4520 4504
f 4638 4504 4669
f 4669 4504 4578
f 4520 4526 4332
f 4504 4520 4427
f 4427 4520 4332
f 4332 4526 4327
f 4327 4526 4519
f 4427 4332 4240
f 4332 4327 4069
f 4332 4069 4240
f 4327 4519 4236
f 4069 4327 3973
f 3973 4327 4236
f 4069 3973 3814
f 4285 4504 4427
f 4069 3814 4056
f 4069 4056 4240
f 4265 4427 4240
f 4427 4265 4285
f 4240 4056 4089
f 4265 4240 4125
f 4125 4240 4089
f 4089 4056 3986
f 3986 4056 3766
f 3766 4056 3814
f 4089 3986 4008
f 4089 4008 4125
f 4008 3986 3852
f 3852 3986 3766
f 4008 3852 3908
f 4125 4008 3938
f 3938 4008 3908
f 3908 3852 3752
f 3908 3752 3938
f 3852 3766 3701
f 3852 3701 3752
f 3701 3766 3595
f 3752 3701 3541
f 3595 3766 3543
f 3543 3766 3814
f 3701 3595 3539
f 3701 3539 3541
f 3539 3595 135
f 3826 3938 3752
f 135 3595 173
f 173 3595 3543
f 3539 135 132
f 132 135 247
f 3539 132 80
f 3539 80 3541
f 80 132 252
f 252 132 247
f 135 173 303
f 135 303 247
f 303 173 386
f 247 303 402
f 402 303 386
f 247 402 366
f 366 402 476
f 476 402 386
f 247 366 445
f 247 445 252
f 445 366 452
f 452 366 476
f 252 445 517
f 452 476 562
f 445 452 554
f 554 452 562
f 445 554 517
f 554 562 641
f 554 641 701
f 554 701 517
f 641 562 717
f 641 717 701
f 620 562 476
f 517 701 771
f 717 562 663
f 663 562 620
f 517 771 579
f 517 579 372
f 517 372 252
f 372 579 507
f 372 507 152
f 252 372 210
f 252 210 80
f 372 152 165
f 372 165 210
f 165 152 60
f 80 210 51
f 80 51 3541
f 210 165 92
f 210 92 51
f 165 60 52
f 165 52 92
f 52 60 3559
f 52 3559 3613
f 92 52 3587
f 3587 52 3613
f 51 92 3572
f 3572 92 3587
f 3587 3613 3727
f 3727 3613 3702
f 3727 3702 3881
f 3587 3727 3711
f 3587 3711 3572
f 3727 3881 3969
f 3711 3727 4002
f 4002 3727 3969
f 3969 3881 4015
f 4015 3881 3845
f 4015 3845 4110
f 3969 4015 4285
f 4015 4110 4268
f 4015 4268 4285
f 3969 4285 4171
f 3969 4171 4002
f 4171 4285 4265
f 4285 4268 4504
f 4171 4265 4125
f 4504 4268 4448
f 4448 4268 4110
f 4504 4448 4578
f 4171 4125 4021
f 4171 4021 4002
f 4021 4125 3938
f 4002 4021 3901
f 4021 3938 3925
f 4021 3925 3901
f 3925 3938 3826
f 4002 3901 3711
f 3925 3826 3837
f 3711 3901 3714
f 3711 3714 3572
f 3714 3901 3856
f 3901 3925 3882
f 3882 3925 3837
f 3901 3882 3856
f 3714 3856 3717
f 3717 3856 3882
f 3714 3717 3572
f 3882 3837 3710
f 3710 3837 3826
f 3882 3710 3717
f 3572 3717 3627
f 3627 3717 3710
f 3572 3627 51
f 51 3627 3541
f 3627 3710 3628
f 3627 3628 3541
f 3628 3710 3826
f 3541 3628 3752
f 3752 3628 3826
f 5810 5898 5897
f 5810 5897 5737
f 5810 5737 5637
f 5737 5897 5800
f 5800 5897 5993
f 5993 5897 5898
f 5993 5898 6003
f 5993 6003 6075
f 6130 6120 6075
f 6075 6120 6072
f 5993 6075 6017
f 6017 6075 6072
f 5993 6017 5876
f 6017 6072 6031
f 6017 6031 5876
f 5876 6031 5970
f 5970 6031 5988
f 5970 5988 5904
f 5970 5904 5825
f 5825 5904 5847
f 5904 5988 5914
f 5914 5988 6007
f 5988 6031 6063
f 6063 6031 6072
f 6063 6072 6120
f 5988 6063 6047
f 5988 6047 6007
f 6063 6120 6111
f 6063 6111 6047
f 6111 6120 6136
f 6136 6120 6130
f 6047 6111 6076
f 6076 6111 6136
f 6076 6136 6036
f 6136 6130 6144
f 6136 6144 6117
f 6144 6130 6132
f 6144 6132 6166
f 6166 6132 6204
f 6047 6076 6037
f 6037 6076 6014
f 6047 6037 6009
f 6047 6009 6007
f 6037 6014 6001
f 6037 6001 6009
f 6001 6014 5956
f 6007 6009 5928
f 6007 5928 5903
f 5928 6009 5968
f 5968 6009 6001
f 5928 5968 5729
f 6001 5956 5923
f 6001 5923 5968
f 5923 5956 5907
f 5968 5923 5822
f 5822 5923 5907
f 5822 5907 5863
f 5901 5847 5904
f 5847 5901 5875
f 5901 5904 5914
f 6070 6068 5875
f 5875 5901 5950
f 5875 5950 6070
f 5901 5914 5889
f 5901 5889 5950
f 6070 5950 6054
f 6054 5950 5889
f 6070 6054 6170
f 6170 6054 6153
f 6166 6153 6144
f 6144 6153 6117
f 6117 6153 6054
f 6117 6054 6036
f 6117 6036 6136
f 5994 6054 5889
f 6036 6054 5996
f 5996 6054 5994
f 6036 5996 6014
f 6036 6014 6076
f 5996 5994 5803
f 5994 5889 5784
f 5994 5784 5803
f 5803 5784 5622
f 5784 5889 5855
f 5784 5855 5744
f 5855 5889 5914
f 5744 5855 5903
f 5903 5855 5914
f 5903 5914 6007
f 5844 5996 5803
f 5996 5844 6014
f 5844 5803 5667
f 5844 5667 5703
f 5844 5703 5869
f 5844 5869 6014
f 6014 5869 5956
f 5956 5869 5842
f 6289 6364 6357
f 6289 6357 6293
f 6289 6293 6234
f 6289 6234 6204
f 6204 6234 6166
f 6166 6234 6230
f 6230 6234 6293
f 6166 6230 6153
f 6153 6230 6170
f 6170 6230 6293
f 6303 6293 6357
f 6303 6357 6399
f 6303 6399 6348
f 6303 6348 6288
f 6293 6303 6229
f 6229 6303 6288
f 6170 6293 6218
f 6218 6293 6229
f 6170 6218 6423
f 6229 6288 6160
f 6218 6229 6172
f 6218 6172 6377
f 6218 6377 6423
f 6172 6229 6108
f 6160 6288 6198
f 6198 6288 6345
f 6229 6160 6159
f 6229 6159 6108
f 6198 6345 6131
f 6160 6198 6113
f 6113 6198 6131
f 6159 6160 6030
f 6030 6160 6113
f 6060 6131 6221
f 6131 6060 5858
f 6113 6131 5871
f 5871 6131 5858
f 6113 5871 6030
f 5871 5858 5586
f 5871 5586 5802
f 5871 5802 6030
f 5802 5586 5549
f 6030 5802 5955
f 6030 5955 6159
f 5802 5549 5713
f 5802 5713 5955
f 5713 5549 5681
f 5681 5549 5597
f 5681 5597 5713
f 5713 5597 5790
f 5713 5790 5955
f 5944 6159 5955
f 5944 5955 5790
f 6159 5944 6108
f 5944 5790 5840
f 5840 5790 5798
f 5798 5790 5631
f 5840 5798 5965
f 5798 5631 5742
f 5965 5798 5900
f 5900 5798 5742
f 5965 5900 5929
f 5929 5900 5742
f 5929 5742 5818
f 5840 5965 6016
f 5840 6016 5944
f 6016 5965 6112
f 6112 5965 6232
f 6112 6232 6129
f 6112 6129 6016
f 6016 6129 5944
f 5658 5818 5742
f 5818 5658 5649
f 5658 5742 5606
f 5606 5742 5631
f 5649 5658 5503
f 5503 5658 5606
f 5649 5503 5579
f 6168 5944 6129
f 5579 5503 5450
f 5579 5450 5433
f 5433 5450 5369
f 5450 5503 5373
f 5450 5373 5369
f 5373 5503 5606
f 5369 5373 5262
f 5262 5373 5249
f 5373 5606 5510
f 5373 5510 5249
f 5510 5606 5631
f 5249 5510 5400
f 5510 5631 5565
f 5510 5565 5400
f 6356 6240 6129
f 6129 6240 6168
f 6168 6240 6156
f 6168 6156 5944
f 6338 6240 6442
f 6240 6338 6156
f 5944 6156 6108
f 6156 6338 6383
f 6383 6338 6501
f 6108 6156 6275
f 6275 6156 6383
f 6108 6275 6243
f 6108 6243 6172
f 6275 6383 6394
f 6275 6394 6243
f 6394 6383 6456
f 6394 6456 6550
f 6172 6243 6377
f 6377 6243 6394
f 6394 6550 6444
f 6394 6444 6377
f 6377 6444 6513
f 6513 6444 6621
f 6377 6513 6534
f 6534 6513 6675
f 6377 6534 6423
f 6423 6534 6577
f 6423 6577 6491
f 6491 6577 6642
f 6491 6642 6628
f 6491 6628 6565
f 6423 6491 6451
f 6451 6491 6565
f 6423 6451 6170
f 6451 6565 6583
f 6451 6583 6366
f 6451 6366 6170
f 6366 6583 6505
f 6170 6366 6215
f 6215 6366 6505
f 6170 6215 6070
f 6070 6215 6173
f 6070 6173 6068
f 6068 6173 6339
f 6339 6173 6405
f 6405 6173 6215
f 6339 6405 6463
f 6215 6505 6524
f 6215 6524 6405
f 6524 6505 6590
f 6524 6590 6631
f 6405 6524 6541
f 6405 6541 6463
f 6541 6524 6631
f 6541 6631 6463
f 6463 6631 6576
f 6463 6576 6607
f 508 94 3599
f 508 3599 324
f 324 3599 3731
f 3731 3599 3953
f 3731 3953 4185
f 3731 4185 3753
f 3731 3753 3530
f 3731 3530 324
f 3530 3753 3658
f 324 3530 152
s 0
f 324 152 592
s 1
f 592 152 507
f 152 3530 60
f 60 3530 3658
f 60 3658 3620
f 60 3620 3574
f 60 3574 3559
f 3620 3658 3793
f 3793 3658 3841
f 3793 3841 4057
f 3793 4057 3974
f 3559 3574 3702
f 3559 3702 3613
f 3684 3574 3620
f 3574 3684 3702
f 3782 3620 3793
f 3782 3793 3974
f 3620 3782 3684
f 3782 3974 3845
f 3782 3845 3684
f 3684 3845 3702
f 3845 3974 4110
f 3702 3845 3881
f 4224 4448 4110
f 4224 4110 3974
f 4224 3974 4057
f 4448 4224 4331
f 4224 4057 4247
f 4224 4247 4331
f 4448 4331 4478
f 4448 4478 4578
f 4578 4478 4639
f 4478 4331 4344
f 4344 4331 4247
f 4478 4344 4496
f 4496 4344 4436
f 4344 4247 4237
f 4344 4237 4436
f 4004 4247 4057
f 4247 4004 4237
f 4004 4057 3841
f 4436 4237 4255
f 4255 4237 4004
f 4436 4255 4396
f 4004 3841 3981
f 4004 3981 4255
f 3981 3841 3658
f 3981 3658 3753
f 4255 3981 4210
f 4255 4210 4396
f 4210 3981 3753
f 4396 4210 4367
f 4210 3753 4185
f 4210 4185 4367
f 1062 771 896
f 896 771 811
f 811 771 701
f 811 701 717
f 896 811 876
f 811 717 852
f 811 852 876
f 1062 896 1011
f 1011 896 876
f 1011 876 946
f 946 876 852
f 852 717 773
f 1011 946 1103
f 1062 1011 1128
f 1128 1011 1103
f 1062 1128 1336
f 1062 1336 1262
f 1128 1103 1177
f 1103 946 1124
f 1103 1124 1177
f 1005 946 852
f 946 1005 1124
f 1128 1177 1272
f 1128 1272 1336
f 1177 1124 1238
f 1177 1238 1272
f 1238 1124 1334
f 1124 1005 1173
f 1124 1173 1334
f 1725 1262 1336
f 1262 1725 1739
f 1725 1336 1846
f 1414 1336 1272
f 1336 1414 1846
f 1414 1272 1390
f 1390 1272 1238
f 1390 1238 1443
f 1443 1238 1334
f 1414 1390 1458
f 1390 1443 1534
f 1390 1534 1458
f 1443 1334 1651
f 1443 1651 1534
f 1414 1458 1640
f 1414 1640 1846
f 1458 1534 1661
f 1661 1534 1651
f 1458 1661 1640
f 1651 1334 1441
f 1441 1334 1197
f 1197 1334 1173
f 1651 1441 1605
f 1605 1441 1197
f 1661 1651 1925
f 1197 1173 1005
f 1925 1651 1879
f 1651 1605 1847
f 1651 1847 1879
f 1879 1847 2058
f 1879 2058 1925
f 2058 1847 2056
f 1847 1605 1726
f 1847 1726 2056
f 1470 1605 1197
f 1605 1470 1726
f 1470 1197 1228
f 1726 1470 1467
f 1467 1470 1228
f 2056 1726 1977
f 1977 1726 1467
f 2100 2058 2056
f 2058 2100 2150
f 2058 2150 1925
f 2100 2056 2324
f 2150 2100 2331
f 2331 2100 2324
f 2324 2056 2243
f 2243 2056 1977
f 2331 2324 2458
f 2150 2331 2425
f 2425 2331 2458
f 2332 1925 2150
f 2332 2150 2425
f 2324 2243 2370
f 2324 2370 2458
f 2102 2243 1977
f 2243 2102 2370
f 2102 1977 1671
f 1671 1977 1467
f 2370 2102 1922
f 1922 2102 1671
f 2458 2370 2540
f 2599 2425 2458
f 2599 2458 2540
f 2425 2599 2486
f 2425 2486 2332
f 1922 1671 1673
f 2230 2370 1922
f 1673 1671 1478
f 1922 1673 1720
f 1720 1673 1478
f 1922 1720 1935
f 1922 1935 2230
f 1720 1478 1743
f 1720 1743 1935
f 1478 1671 1335
f 1335 1671 1467
f 1335 1467 1067
f 1478 1335 1219
f 1219 1335 1067
f 1743 1478 1299
f 1299 1478 1219
f 1744 1935 1743
f 1067 1467 1228
f 1743 1299 1547
f 1743 1547 1744
f 1547 1299 1300
f 1300 1299 1195
f 1195 1299 1219
f 1547 1300 1419
f 1419 1300 1195
f 1547 1419 1646
f 1547 1646 1744
f 1419 1195 1291
f 1419 1291 1646
f 1291 1195 1112
f 1195 1219 1002
f 1195 1002 1112
f 1002 1219 1001
f 1001 1219 1067
f 1002 1001 840
f 1646 1291 1479
f 1001 1067 844
f 1001 844 699
f 1001 699 840
f 844 1067 885
f 885 1067 1228
f 699 844 564
f 564 844 885
f 840 699 654
f 885 1228 937
f 937 1228 1050
f 1050 1228 1197
f 1050 1197 1005
f 937 1050 911
f 911 1050 1005
f 885 937 722
f 722 937 911
f 885 722 564
f 911 1005 812
f 812 1005 852
f 812 852 773
f 911 812 756
f 911 756 722
f 812 773 705
f 812 705 756
f 705 773 717
f 705 717 663
f 705 663 620
f 705 620 756
f 722 756 638
f 638 756 620
f 722 638 564
f 638 620 540
f 638 540 564
f 540 620 476
f 540 476 386
f 564 540 414
f 414 540 386
f 564 414 364
f 564 364 699
f 414 386 191
f 414 191 364
f 191 386 173
f 699 364 654
f 191 173 3543
f 364 191 143
f 143 191 3543
f 654 364 396
f 396 364 143
f 654 396 573
f 654 573 783
f 654 783 840
f 573 396 438
f 143 3543 3562
f 3562 3543 3643
f 3643 3543 3814
f 143 3562 3556
f 3556 3562 3643
f 283 396 143
f 396 283 438
f 143 3556 139
f 143 139 283
f 3643 3814 3791
f 3791 3814 3973
f 3556 3643 3592
f 3592 3643 3791
f 139 3556 3531
f 3531 3556 3592
f 283 139 246
f 139 3531 79
f 139 79 246
f 283 246 313
f 283 313 438
f 246 79 285
f 285 79 3531
f 246 285 455
f 313 246 493
f 493 246 455
f 438 313 545
f 545 313 493
f 438 545 718
f 438 718 573
f 573 718 783
f 718 545 721
f 783 718 776
f 776 718 721
f 545 493 589
f 545 589 721
f 589 493 518
f 518 493 455
f 721 589 751
f 589 518 607
f 589 607 751
f 721 751 779
f 721 779 776
f 751 607 659
f 607 518 520
f 607 520 659
f 520 518 455
f 751 659 660
f 751 660 779
f 659 520 606
f 659 606 660
f 520 455 469
f 520 469 606
f 469 455 298
f 298 455 285
f 606 469 566
f 606 566 660
f 660 566 639
f 639 566 512
f 566 469 436
f 566 436 512
f 436 469 298
f 512 436 340
f 340 436 298
f 512 340 375
f 375 340 315
f 340 298 275
f 340 275 315
f 122 298 285
f 122 285 3531
f 275 298 208
f 208 298 122
f 315 275 254
f 254 275 208
f 315 254 300
f 254 208 179
f 254 179 163
f 208 122 149
f 208 149 179
f 163 179 127
f 179 149 66
f 179 66 127
f 163 127 43
f 43 127 66
f 163 43 82
f 82 43 3555
f 71 149 122
f 149 71 66
f 71 122 28
f 28 122 3531
f 66 71 3534
f 3534 71 28
f 8 43 66
f 8 66 3534
f 3609 3555 43
f 3609 43 8
f 3555 3609 3623
f 3602 28 3531
f 28 3602 3534
f 3602 3531 3592
f 8 3534 3637
f 8 3637 3609
f 3534 3602 3680
f 3534 3680 3637
f 3602 3592 3683
f 3602 3683 3680
f 3683 3592 3791
f 3680 3683 3744
f 3744 3683 3791
f 3680 3744 3824
f 3824 3744 3791
f 3708 3637 3680
f 3637 3708 3609
f 3708 3680 3804
f 3804 3680 3824
f 3609 3708 3665
f 3609 3665 3623
f 3708 3804 3769
f 3708 3769 3665
f 3804 3824 3858
f 3804 3858 3769
f 3623 3665 3720
f 3623 3720 3611
f 3665 3769 3792
f 3665 3792 3720
f 3769 3858 3888
f 3769 3888 3792
f 3899 3858 3824
f 3720 3792 3863
f 3720 3863 3851
f 3863 3792 3862
f 3862 3792 3888
f 3863 3862 3914
f 3914 3862 3888
f 3851 3863 3990
f 3990 3863 3914
f 3851 3990 4054
f 3851 4054 4017
f 4017 4054 4129
f 4017 4129 4082
f 4054 3990 4052
f 4054 4052 4129
f 3990 3914 3998
f 3990 3998 4052
f 4082 4129 4175
f 3998 3914 3924
f 3924 3914 3888
f 4052 3998 4120
f 3924 3888 3907
f 3907 3888 3858
f 3998 3924 4051
f 4051 3924 3907
f 3998 4051 4120
f 3907 3858 3899
f 4051 3907 3946
f 3946 3907 3899
f 4051 3946 4059
f 4051 4059 4120
f 3946 3899 3911
f 3911 3899 3824
f 3911 3824 3791
f 3946 3911 3970
f 3970 3911 3791
f 3946 3970 4059
f 3970 3791 3973
f 3970 3973 4236
f 4059 3970 4172
f 4172 3970 4236
f 4059 4172 4120
f 4172 4236 4258
f 4120 4172 4270
f 4270 4172 4258
f 4258 4236 4440
f 4440 4236 4519
f 4440 4519 4637
f 4637 4519 4704
f 4637 4704 4733
f 4637 4733 4617
f 4440 4637 4501
f 4440 4501 4258
f 4501 4637 4617
f 4387 4270 4258
f 4387 4258 4501
f 4270 4387 4330
f 4501 4617 4552
f 4552 4617 4678
f 4387 4501 4429
f 4387 4429 4330
f 4501 4552 4472
f 4501 4472 4429
f 4552 4678 4697
f 4697 4678 4768
f 4472 4552 4547
f 4547 4552 4697
f 4429 4472 4404
f 4429 4404 4330
f 4472 4547 4466
f 4472 4466 4404
f 4547 4697 4665
f 4466 4547 4543
f 4543 4547 4665
f 4665 4697 4712
f 4712 4697 4787
f 4712 4787 4834
f 4665 4712 4653
f 4665 4653 4543
f 4712 4834 4693
f 4712 4693 4653
f 4693 4834 4817
f 4543 4653 4558
f 4693 4817 4760
f 4760 4817 4816
f 4760 4816 4747
f 4747 4816 4802
f 4760 4747 4687
f 4760 4687 4693
f 4626 4653 4693
f 4626 4693 4687
f 4653 4626 4558
f 4626 4687 4618
f 4626 4618 4540
f 4626 4540 4558
f 4477 4543 4558
f 4477 4558 4540
f 4543 4477 4466
f 4477 4540 4469
f 4469 4540 4509
f 4466 4477 4419
f 4466 4419 4404
f 4477 4469 4420
f 4477 4420 4419
f 4420 4469 4410
f 4404 4419 4308
f 4420 4410 4304
f 4304 4410 4381
f 4419 4420 4290
f 4290 4420 4304
f 4419 4290 4308
f 4404 4308 4330
f 4290 4304 4252
f 4252 4304 4251
f 4252 4251 4175
f 4290 4252 4217
f 4217 4252 4175
f 4290 4217 4308
f 4217 4175 4129
f 4308 4217 4215
f 4215 4217 4129
f 4259 4330 4308
f 4259 4308 4215
f 4215 4129 4138
f 4215 4138 4259
f 4138 4129 4052
f 4138 4052 4120
f 4259 4138 4223
f 4259 4223 4330
f 4223 4138 4120
f 4330 4223 4270
f 4270 4223 4120
f 2994 2889 2872
f 2889 2994 3036
f 2994 2872 3147
f 3036 2994 3170
f 3170 2994 3147
f 3036 3170 3233
f 3036 3233 3060
f 3170 3147 3266
f 3170 3266 3233
f 3147 2872 3125
f 3147 3125 3266
f 3060 3233 3278
f 3060 3278 3054
f 3233 3266 3311
f 3233 3311 3278
f 3266 3125 3296
f 3266 3296 3311
f 3278 3311 3339
f 3339 3311 3296
f 3278 3339 3327
f 3327 3339 3325
f 3325 3339 3286
f 3286 3339 3296
f 3325 3286 3258
f 3258 3286 3389
f 3258 3389 3372
f 3286 3296 3248
f 3286 3248 3389
f 3372 3389 3435
f 3248 3296 3134
f 3134 3296 3125
f 3389 3248 3303
f 3303 3248 3134
f 3435 3389 3409
f 3409 3389 3303
f 3134 3125 2941
f 2941 3125 2872
f 2941 2872 2836
f 2941 2836 2984
f 3134 2941 3268
f 3134 3268 3303
f 3268 2941 2984
f 3409 3303 3395
f 3395 3303 3268
f 3409 3395 3426
f 3409 3426 3435
f 3395 3268 3394
f 3268 2984 3272
f 3268 3272 3394
f 3272 2984 3105
f 3272 3105 3238
f 3272 3238 3394
f 3238 3105 3109
f 3433 3435 3426
f 3435 3433 3448
f 3445 3426 3395
f 3445 3395 3394
f 3426 3445 3433
f 3448 3433 3454
f 3454 3433 3445
f 3448 3454 3442
f 3442 3454 3430
f 3454 3445 3457
f 3457 3445 3394
f 3430 3454 3447
f 3447 3454 3457
f 3457 3394 3429
f 3429 3394 3238
f 3447 3457 3417
f 3417 3457 3429
f 3429 3238 3265
f 3429 3265 3417
f 3265 3238 3109
f 3387 3430 3447
f 3430 3387 3345
f 3447 3417 3346
f 3447 3346 3387
f 3345 3387 3379
f 3345 3379 3257
f 3387 3346 3392
f 3387 3392 3379
f 3346 3417 3210
f 3379 3392 3483
f 3379 3483 3402
f 3402 3483 3453
f 3453 3483 3516
f 3392 3346 3361
f 3361 3346 3210
f 3483 3392 3459
f 3459 3392 3361
f 3516 3483 3518
f 3518 3483 3459
f 3516 3518 3525
f 3516 3525 3523
f 3516 3523 3485
f 3523 3525 3529
f 3523 3529 3527
f 3523 3527 3515
f 3529 3525 3522
f 3522 3525 3518
f 3529 3522 3528
f 3528 3522 3511
f 3522 3518 3507
f 3507 3518 3459
f 3522 3507 3511
f 3528 3511 3514
f 3511 3507 3488
f 3507 3459 3411
f 3507 3411 3488
f 3411 3459 3361
f 3511 3488 3427
f 3427 3488 3411
f 3514 3511 3458
f 3458 3511 3427
f 3514 3458 3404
f 3427 3411 3374
f 3374 3411 3361
f 3374 3361 3254
f 3374 3254 3427
f 3254 3361 3210
f 3458 3427 3349
f 3349 3427 3254
f 3358 3404 3458
f 3358 3458 3349
f 3404 3358 3088
f 3404 3088 3146
f 3358 3349 3092
f 3358 3092 3088
f 3349 3254 3150
f 3150 3254 3210
f 3349 3150 3092
f 3088 3092 3053
f 3088 3053 3089
f 3092 3150 3115
f 3115 3150 3210
f 3053 3092 3066
f 3066 3092 3115
f 3053 3066 3042
f 3042 3066 3068
f 3068 3066 3115
f 3042 3068 3014
f 3014 3068 3109
f 3109 3068 3130
f 3130 3068 3115
f 3109 3130 3265
f 3130 3115 3271
f 3130 3271 3265
f 3271 3115 3210
f 3265 3271 3417
f 3417 3271 3210
f 2263 2081 1725
f 2263 1725 1846
f 2081 2263 2544
f 2263 1846 2343
f 2263 2343 2544
f 2343 1846 2245
f 2245 1846 1640
f 2544 2343 2508
f 2343 2245 2380
f 2343 2380 2508
f 2245 1640 2065
f 2380 2245 2312
f 2312 2245 2065
f 2065 1640 1839
f 1839 1640 1661
f 2312 2065 2154
f 2154 2065 1839
f 2380 2312 2493
f 2493 2312 2154
f 1839 1661 1975
f 1975 1661 1925
f 1975 1925 2332
f 1839 1975 2090
f 1839 2090 2154
f 2090 1975 2332
f 2154 2090 2350
f 2154 2350 2493
f 2090 2332 2365
f 2350 2090 2394
f 2394 2090 2365
f 2365 2332 2486
f 2350 2394 2480
f 2350 2480 2493
f 2365 2486 2562
f 2394 2365 2550
f 2550 2365 2562
f 2394 2550 2532
f 2394 2532 2480
f 2550 2562 2646
f 2646 2562 2486
f 2532 2550 2650
f 2650 2550 2646
f 2480 2532 2624
f 2624 2532 2650
f 2646 2486 2654
f 2654 2486 2599
f 2650 2646 2717
f 2717 2646 2654
f 2624 2650 2744
f 2744 2650 2717
f 2654 2599 2639
f 2717 2654 2670
f 2670 2654 2639
f 2639 2599 2540
f 2717 2670 2715
f 2744 2717 2827
f 2827 2717 2715
f 2715 2670 2679
f 2827 2715 2855
f 2827 2855 2944
f 2679 2670 2663
f 2663 2670 2639
f 2679 2663 2665
f 2665 2663 2605
f 2663 2639 2590
f 2663 2590 2605
f 2590 2639 2540
f 2605 2590 2533
f 2533 2590 2478
f 2478 2590 2402
f 2402 2590 2540
f 2478 2402 2387
f 2402 2540 2390
f 2390 2540 2370
f 2387 2402 2300
f 2300 2402 2390
f 2387 2300 2315
f 2390 2370 2230
f 2390 2230 2300
f 2315 2300 2255
f 2300 2230 2226
f 2300 2226 2255
f 2226 2230 2131
f 2131 2230 1935
f 2255 2226 2108
f 2255 2108 2228
f 2226 2131 2048
f 2048 2131 1935
f 2226 2048 2108
f 2048 1935 1744
f 2108 2048 1961
f 1961 2048 1744
f 2108 1961 2004
f 2108 2004 2135
f 1961 1744 1865
f 1961 1865 2004
f 1865 1744 1646
f 2004 1865 1816
f 1816 1865 1646
f 1816 1646 1479
f 1816 1479 1613
f 1613 1479 1312
f 1312 1479 1241
f 1241 1479 1291
f 1241 1291 1112
f 1312 1241 1231
f 1312 1231 1362
f 1241 1112 1145
f 1241 1145 1231
f 1231 1145 1000
f 1231 1000 1110
f 1110 1000 993
f 1000 1145 1032
f 1145 1112 1003
f 1145 1003 1032
f 1003 1112 973
f 973 1112 1002
f 973 1002 840
f 973 840 783
f 973 783 875
f 973 875 1003
f 875 783 776
f 1003 875 890
f 890 875 776
f 1003 890 1032
f 890 776 871
f 890 871 1032
f 1032 871 1000
f 871 776 779
f 1000 871 918
f 918 871 779
f 1000 918 993
f 918 779 906
f 918 906 993
f 906 779 660
f 993 906 920
f 906 660 821
f 906 821 920
f 2515 2508 2380
f 2515 2380 2493
f 2508 2515 2561
f 2508 2561 2666
f 2508 2666 2622
f 2508 2622 2544
f 2666 2561 2777
f 2544 2622 2633
f 2544 2633 2638
f 2638 2633 2742
f 2633 2622 2772
f 2772 2622 2666
f 2633 2772 2742
f 2772 2666 2777
f 2742 2772 2843
f 2843 2772 2777
f 2742 2843 2865
f 2865 2843 2945
f 2945 2843 2870
f 2870 2843 2777
f 3025 2990 2945
f 3025 2945 2959
f 2959 2945 2870
f 3025 2959 3019
f 3019 2959 2887
f 2887 2959 2870
f 2870 2777 2796
f 2887 2870 2848
f 2848 2870 2796
f 2887 2848 2917
f 2796 2777 2755
f 2796 2755 2848
f 2917 2848 2851
f 2851 2848 2755
f 2917 2851 2937
f 2755 2777 2651
f 2651 2777 2561
f 2651 2561 2515
f 2937 2851 2884
f 2937 2884 2913
f 2851 2755 2806
f 2851 2806 2884
f 2913 2884 2829
f 2806 2755 2732
f 2732 2755 2651
f 2884 2806 2788
f 2788 2806 2732
f 2884 2788 2829
f 2913 2829 2969
f 2732 2651 2644
f 2644 2651 2515
f 2788 2732 2721
f 2788 2721 2829
f 2721 2732 2644
f 2969 2829 2909
f 2829 2721 2770
f 2829 2770 2909
f 2721 2644 2647
f 2721 2647 2770
f 2565 2644 2515
f 2644 2565 2647
f 2565 2515 2493
f 2770 2647 2769
f 2769 2647 2565
f 2565 2493 2672
f 2565 2672 2769
f 2672 2493 2718
f 2672 2718 2769
f 2718 2493 2480
f 2770 2769 2900
f 2770 2900 2909
f 2769 2718 2807
f 2718 2480 2675
f 2718 2675 2807
f 2675 2480 2624
f 2769 2807 2845
f 2769 2845 2900
f 2675 2624 2713
f 2713 2624 2744
f 2807 2675 2759
f 2759 2675 2713
f 2713 2744 2850
f 2713 2850 2759
f 2850 2744 2827
f 2850 2827 2938
f 2938 2827 2944
f 2938 2944 3027
f 2850 2938 2894
f 2894 2938 3027
f 2850 2894 2759
f 2894 3027 3086
f 3086 3027 3107
f 2759 2894 2893
f 2893 2894 3086
f 3086 3107 3186
f 2759 2893 2890
f 3086 3186 3167
f 3167 3186 3249
f 2893 3086 3048
f 3048 3086 3167
f 2893 3048 2890
f 3167 3249 3127
f 3167 3127 3048
f 2759 2890 2820
f 2759 2820 2807
f 2890 3048 2955
f 2890 2955 2820
f 2955 3048 3127
f 2807 2820 2845
f 2820 2955 3034
f 2820 3034 2845
f 3034 2955 3127
f 3298 3127 3249
f 3298 3249 3342
f 3298 3342 3322
f 3127 3298 3166
f 3127 3166 3034
f 3298 3322 3183
f 3298 3183 3166
f 3183 3322 3232
f 3183 3232 3218
f 3166 3183 3081
f 3166 3081 3034
f 3183 3218 3071
f 3183 3071 3081
f 3034 3081 2957
f 2957 3081 3071
f 3034 2957 2845
f 2845 2957 3015
f 3015 2957 3071
f 2845 3015 2900
f 3104 3071 3218
f 3071 3104 3015
f 3104 3218 3164
f 3015 3104 3055
f 3055 3104 3164
f 3015 3055 2900
f 3055 3164 3155
f 3055 3155 3182
f 2900 3055 3070
f 3070 3055 3182
f 2900 3070 3022
f 3022 3070 3182
f 3022 3182 3141
f 2900 3022 2909
f 2909 3022 2969
f 2969 3022 3073
f 3019 3046 3025
f 3046 3019 3059
f 3089 3053 3046
f 3089 3046 3059
f 3146 3088 3089
f 3146 3089 3180
f 3180 3089 3059
f 3146 3180 3310
f 3146 3310 3404
f 3180 3059 3131
f 3310 3180 3312
f 3312 3180 3131
f 3404 3310 3496
f 3404 3496 3514
f 3496 3310 3438
f 3438 3310 3312
f 3514 3496 3521
f 3521 3496 3438
f 3514 3521 3528
f 3438 3312 3463
f 3438 3463 3521
f 3528 3521 3526
f 3526 3521 3463
f 3528 3526 3529
f 3529 3526 3524
f 3529 3524 3527
f 3527 3524 3519
f 3527 3519 3515
f 3515 3519 3487
f 3519 3524 3501
f 3501 3524 3526
f 3487 3519 3446
f 3501 3526 3470
f 3470 3526 3463
f 3519 3501 3441
f 3519 3441 3446
f 3501 3470 3363
f 3501 3363 3441
f 3470 3463 3436
f 3470 3436 3363
f 3436 3463 3362
f 3362 3463 3312
f 3363 3436 3321
f 3321 3436 3362
f 3362 3312 3144
f 3321 3362 3193
f 3193 3362 3144
f 3144 3312 3131
f 3363 3321 3217
f 3217 3321 3193
f 3144 3131 3067
f 3067 3131 3059
f 3144 3067 3057
f 3067 3059 2976
f 2976 3059 3019
f 2976 3019 2887
f 2976 2887 2917
f 3067 2976 2986
f 2986 2976 2917
f 3067 2986 3057
f 3144 3057 3013
f 3144 3013 3193
f 3013 3057 2986
f 2986 2917 2956
f 2956 2917 2937
f 3013 2986 2989
f 2986 2956 2964
f 2986 2964 2989
f 2956 2937 2911
f 2956 2911 2964
f 2911 2937 2919
f 2919 2937 2913
f 2964 2911 2960
f 2960 2911 2919
f 2919 2913 2969
f 2919 2969 2977
f 2977 2969 3073
f 2960 2919 2878
f 2878 2919 2977
f 2964 2960 3102
f 2964 3102 2998
f 2964 2998 2989
f 2998 3102 3065
f 2998 3065 2989
f 2878 2977 3108
f 2960 2878 3083
f 3083 2878 3108
f 3198 3102 2960
f 3198 2960 3083
f 3065 3102 3149
f 3149 3102 3198
f 3108 2977 3174
f 3083 3108 3263
f 3263 3108 3174
f 3083 3263 3256
f 3083 3256 3198
f 3149 3198 3314
f 3314 3198 3256
f 3256 3263 3316
f 3316 3263 3174
f 3256 3316 3279
f 3256 3279 3314
f 3316 3174 3226
f 3316 3226 3385
f 3316 3385 3279
f 3226 3174 3148
f 3090 3174 2977
f 3174 3090 3148
f 3090 2977 3073
f 3226 3148 3329
f 3226 3329 3385
f 3148 3090 3185
f 3090 3073 3141
f 3090 3141 3185
f 3141 3073 3022
f 3148 3185 3320
f 3148 3320 3329
f 3185 3141 3205
f 3185 3205 3320
f 3205 3141 3253
f 3253 3141 3182
f 3253 3182 3155
f 3329 3320 3391
f 3329 3391 3385
f 3320 3205 3356
f 3320 3356 3391
f 3205 3253 3353
f 3205 3353 3356
f 3253 3155 3304
f 3253 3304 3353
f 3304 3155 3250
f 3250 3155 3164
f 3353 3304 3388
f 3356 3353 3393
f 3356 3393 3391
f 3393 3353 3388
f 3250 3164 3328
f 3304 3250 3376
f 3376 3250 3328
f 3304 3376 3388
f 3328 3164 3218
f 3328 3218 3315
f 3315 3218 3232
f 3376 3328 3422
f 3376 3422 3388
f 3422 3328 3315
f 3315 3232 3397
f 3315 3397 3422
f 3397 3232 3347
f 3347 3232 3322
f 3347 3322 3336
f 3347 3336 3340
f 3347 3340 3397
f 3340 3336 3284
f 3397 3340 3398
f 3398 3340 3352
f 3398 3352 3380
f 3398 3380 3424
f 3424 3380 3423
f 3397 3398 3439
f 3439 3398 3424
f 3439 3424 3423
f 3397 3439 3422
f 3439 3423 3416
f 3439 3416 3422
f 3416 3423 3407
f 3407 3423 3377
f 3407 3377 3360
f 3407 3360 3421
f 3422 3416 3412
f 3422 3412 3388
f 3416 3407 3465
f 3465 3407 3421
f 3412 3416 3462
f 3462 3416 3465
f 3388 3412 3432
f 3432 3412 3462
f 3388 3432 3393
f 3465 3421 3494
f 3494 3421 3452
f 3462 3465 3495
f 3495 3465 3494
f 3432 3462 3492
f 3492 3462 3495
f 3393 3432 3434
f 3434 3432 3492
f 3393 3434 3391
f 3391 3434 3385
f 3495 3494 3505
f 3495 3505 3492
f 3505 3494 3504
f 3504 3494 3452
f 3385 3434 3478
f 3478 3434 3492
f 3492 3505 3486
f 3492 3486 3478
f 3505 3504 3502
f 3505 3502 3486
f 3504 3452 3489
f 3504 3489 3502
f 3489 3452 3473
f 3489 3473 3499
f 3489 3499 3502
f 3499 3473 3401
f 3486 3502 3503
f 3503 3502 3499
f 3499 3401 3484
f 3486 3503 3477
f 3503 3499 3491
f 3491 3499 3484
f 3503 3491 3477
f 3491 3484 3500
f 3491 3500 3477
f 3500 3484 3460
f 3460 3484 3419
f 3477 3500 3464
f 3444 3486 3477
f 3486 3444 3478
f 3478 3444 3385
f 3444 3477 3428
f 3428 3477 3464
f 3385 3444 3366
f 3366 3444 3428
f 3385 3366 3279
f 3366 3428 3408
f 3366 3408 3279
f 3408 3428 3405
f 3405 3428 3464
f 3279 3408 3384
f 3384 3408 3405
f 3279 3384 3314
f 3314 3384 3371
f 3371 3384 3405
f 3314 3371 3237
f 3314 3237 3149
f 3237 3371 3338
f 3338 3371 3405
f 3149 3237 3158
f 3149 3158 3065
f 3237 3338 3243
f 3237 3243 3158
f 3065 3158 3153
f 3065 3153 2989
f 3158 3243 3305
f 2989 3153 3039
f 2989 3039 3013
f 3013 3039 3193
f 3153 3158 3242
f 3242 3158 3305
f 3039 3153 3075
f 3075 3153 3242
f 3193 3039 3172
f 3172 3039 3075
f 3193 3172 3217
f 3075 3242 3177
f 3075 3177 3172
f 3242 3305 3288
f 3242 3288 3177
f 3288 3305 3354
f 3354 3305 3243
f 3177 3288 3308
f 3354 3243 3369
f 3369 3243 3338
f 3288 3354 3341
f 3341 3354 3369
f 3288 3341 3308
f 3369 3338 3383
f 3369 3383 3341
f 3383 3338 3405
f 3308 3341 3367
f 3367 3341 3383
f 3367 3383 3399
f 3399 3383 3405
f 3399 3405 3437
f 3437 3405 3464
f 3437 3464 3468
f 3308 3367 3223
f 3308 3223 3177
f 3468 3464 3472
f 3472 3464 3500
f 3468 3472 3449
f 3472 3500 3460
f 3472 3460 3449
f 3449 3460 3414
f 3414 3460 3413
f 3414 3413 3348
f 3413 3460 3381
f 3200 3177 3223
f 3177 3200 3172
f 3172 3200 3217
f 3200 3223 3179
f 3179 3223 3252
f 3217 3200 3197
f 3197 3200 3179
f 3179 3252 3135
f 3135 3252 3076
f 3197 3179 3112
f 3112 3179 3135
f 3135 3076 2929
f 3112 3135 2993
f 2993 3135 2929
f 3197 3112 3168
f 3168 3112 2993
f 3332 3217 3197
f 3332 3197 3168
f 3217 3332 3363
f 3363 3332 3441
f 3332 3168 3211
f 3332 3211 3441
f 3168 2993 3008
f 3168 3008 3211
s 0
f 3441 3211 3126
s 1
f 3126 3211 3008
f 3441 3126 3343
f 3441 3343 3446
f 3126 3008 3023
f 3008 2993 2973
f 2973 2993 2929
f 3023 3008 2991
f 2991 3008 2973
f 3126 3023 3010
f 3010 3023 2991
f 2973 2929 2902
f 3126 3010 3124
f 3126 3124 3343
f 2902 2929 2885
f 2973 2902 2983
f 2973 2983 2991
f 2902 2885 2899
f 2899 2885 2946
f 2983 2902 2972
f 2972 2902 2899
f 2899 2946 2934
f 2899 2934 2972
f 2934 2946 2931
f 2934 2931 2866
f 2983 2972 2966
f 2983 2966 2991
f 2972 2934 2978
f 2972 2978 2966
f 2934 2866 2897
f 2934 2897 2978
f 2897 2866 2835
f 2835 2866 2748
f 2835 2748 2677
f 2966 2978 2932
f 2978 2897 2859
f 2978 2859 2932
f 2859 2897 2835
f 2966 2932 2923
f 2966 2923 2991
f 2923 2932 2859
f 2991 2923 2953
f 2991 2953 3010
f 2923 2859 2892
f 2923 2892 2953
f 3010 2953 3062
f 3010 3062 3124
f 2953 2892 3024
f 2953 3024 3062
f 2892 2859 2864
f 2892 2864 2908
f 2864 2859 2805
f 2864 2805 2908
f 2805 2859 2835
f 2805 2835 2700
f 2700 2835 2677
f 2805 2700 2766
f 2805 2766 2908
f 2700 2677 2595
f 2700 2595 2766
f 2595 2677 2621
f 2595 2621 2527
f 3006 2892 2908
f 2892 3006 3024
f 3006 2908 2999
f 3006 2999 3097
f 3006 3097 3091
f 3006 3091 3024
f 3024 3091 3062
f 2999 2908 2868
f 2868 2908 2766
f 2999 2868 2918
f 2918 2868 2783
f 2783 2868 2766
f 2918 2783 2869
f 2869 2783 2734
f 2783 2766 2707
f 2707 2766 2595
f 2734 2783 2673
f 2673 2783 2707
f 2734 2673 2616
f 2707 2595 2497
f 2497 2595 2527
f 2673 2707 2512
f 2512 2707 2497
f 2497 2527 2351
f 2351 2527 2279
f 2351 2279 2153
f 2351 2153 1984
f 2673 2512 2487
f 2673 2487 2616
f 2512 2497 2395
f 2512 2395 2487
f 2395 2497 2351
f 2616 2487 2415
f 2616 2415 2470
f 2415 2487 2320
f 2320 2487 2395
f 2415 2320 1910
f 2395 2351 2283
f 2395 2283 2320
f 2283 2351 1984
f 2283 1984 1752
f 2320 2283 1690
f 2320 1690 1910
f 1690 2283 1752
f 1910 1690 1581
f 1690 1752 1346
f 1690 1346 1581
f 1581 1346 1307
f 1307 1346 944
f 5940 6069 6006
f 6006 6069 6137
f 5851 5983 5940
f 5851 5940 5884
f 5884 5940 6006
f 5851 5884 5722
s 0
f 6006 6137 6028
s 1
f 6028 6137 6106
f 6106 6137 6182
f 6028 6106 6109
f 6109 6106 6182
f 6109 6182 6280
f 6280 6182 6326
f 6280 6326 6271
f 6280 6271 6109
f 5977 6006 6028
f 6006 5977 5873
f 6006 5873 5884
f 5977 6028 5933
f 5933 6028 6109
f 5873 5977 5861
f 5861 5977 5933
f 5884 5873 5740
f 5740 5873 5861
f 5884 5740 5722
f 6142 6109 6271
f 6109 6142 5933
f 5722 5740 5670
f 5861 5933 5767
f 5861 5767 5740
f 5670 5740 5607
f 5607 5740 5767
f 5722 5670 5604
f 5604 5670 5607
f 5722 5604 5711
f 5722 5711 5851
f 5851 5711 5859
f 5859 5711 5685
f 5711 5604 5535
f 5685 5711 5611
f 5611 5711 5535
f 5685 5611 5617
f 5611 5535 5471
f 5471 5535 5604
f 5611 5471 5617
f 5685 5617 5679
f 5679 5617 5581
f 5617 5471 5472
f 5617 5472 5581
f 5471 5604 5424
f 5581 5472 5478
f 5581 5478 5560
f 5472 5471 5418
f 5472 5418 5478
f 5418 5471 5424
f 5560 5478 5437
f 5560 5437 5553
f 5553 5437 5414
f 5437 5478 5388
f 5388 5478 5418
f 5414 5437 5292
f 5292 5437 5388
f 5388 5418 5382
f 5382 5418 5424
f 5414 5292 5260
f 5414 5260 5283
f 5283 5260 5119
f 5283 5119 5171
f 5260 5292 5235
f 5260 5235 5119
f 5171 5119 5162
f 5235 5292 5209
f 5209 5292 5388
f 5119 5235 5111
f 5111 5235 5209
f 5162 5119 5049
f 5049 5119 5111
f 5209 5388 5298
f 5298 5388 5382
f 5111 5209 5172
f 5172 5209 5298
f 5111 5172 5057
f 5298 5382 5352
f 5352 5382 5424
f 5172 5298 5271
f 5271 5298 5352
f 5352 5424 5359
f 5352 5359 5271
f 5172 5271 5155
f 5172 5155 5057
f 5155 5271 5245
f 5245 5271 5359
f 5359 5424 5492
f 5492 5424 5604
f 5492 5604 5607
f 5359 5492 5482
f 5492 5607 5644
f 5492 5644 5482
f 5644 5607 5767
f 5359 5482 5448
f 5448 5482 5644
f 5359 5448 5245
f 5644 5767 5619
f 5644 5619 5448
f 5619 5767 5775
f 5245 5448 5541
f 5541 5448 5619
f 5619 5775 5714
f 5619 5714 5541
f 5775 5767 5874
f 5874 5767 5933
f 5714 5775 5936
f 5874 5933 6021
f 6021 5933 6142
f 5775 5874 5931
f 5931 5874 6021
f 5775 5931 5957
f 5775 5957 5936
f 5931 6021 6114
f 6114 6021 6142
f 5957 5931 6122
f 6122 5931 6114
f 5957 6122 6203
f 6122 6114 6178
f 6122 6178 6203
f 6114 6142 6228
f 6114 6228 6178
f 6228 6142 6278
f 6278 6142 6271
f 6278 6271 6407
f 6278 6407 6332
f 6228 6278 6261
f 6228 6261 6178
f 6261 6278 6332
f 6178 6261 6336
f 6178 6336 6203
f 6261 6332 6334
f 6261 6334 6336
f 6334 6332 6430
f 6430 6332 6462
f 6336 6334 6447
f 6334 6430 6562
f 6334 6562 6447
f 6562 6430 6597
f 6447 6562 6460
f 6447 6460 6336
f 6460 6562 6611
f 6460 6611 6627
f 6336 6460 6298
f 6336 6298 6203
f 6460 6627 6427
f 6460 6427 6298
f 6203 6298 6146
f 6203 6146 5957
f 5957 6146 5936
f 6146 6298 6285
f 6285 6298 6427
f 5936 6146 6174
f 6174 6146 6285
f 5936 6174 5987
f 6285 6427 6428
f 6174 6285 6314
f 6314 6285 6428
f 6174 6314 6034
f 6174 6034 5987
f 6314 6428 6389
f 6428 6427 6493
f 6493 6427 6627
f 6428 6493 6555
f 6428 6555 6389
f 6493 6627 6706
f 6706 6627 6629
f 6706 6629 6742
f 6706 6742 6801
f 6493 6706 6687
f 6687 6706 6801
f 6493 6687 6555
f 6687 6801 6779
f 6555 6687 6678
f 6678 6687 6779
f 6555 6678 6527
f 6555 6527 6389
f 6527 6678 6511
f 6527 6511 6389
f 6678 6779 6740
f 6678 6740 6511
f 6872 6857 6779
f 6779 6857 6841
f 6779 6841 6740
f 6841 6857 6918
f 6841 6918 6829
f 6841 6829 6740
f 6829 6918 6889
f 6598 6511 6740
f 6598 6740 6829
f 6511 6598 6449
f 6598 6829 6679
f 6598 6679 6449
f 6829 6889 6819
f 6829 6819 6679
f 6819 6889 6917
f 6917 6889 6972
f 6917 6972 6985
f 6917 6985 7039
f 6449 6679 6473
f 6679 6819 6601
f 6679 6601 6473
f 6819 6917 6800
f 6819 6800 6601
f 6917 7039 6950
f 6473 6601 6532
f 6800 6917 6875
f 6875 6917 6950
f 6601 6800 6637
f 6601 6637 6532
f 6800 6875 6806
f 6800 6806 6637
f 6473 6532 6384
f 6384 6532 6637
f 6637 6806 6690
f 6637 6690 6384
f 6806 6875 6835
f 6806 6835 6690
f 6835 6875 6920
f 6920 6875 6950
f 6690 6835 6778
f 6778 6835 6920
f 6920 6950 7035
f 7035 6950 7039
f 7035 7039 7071
f 7035 7071 7019
f 6920 7035 6986
f 6986 7035 7019
f 6920 6986 6778
f 6986 7019 7027
f 7027 7019 7193
f 6986 7027 6883
f 6986 6883 6778
f 7249 7166 7027
f 7027 7166 7043
f 7027 7043 6883
f 7043 7166 7149
f 6778 6883 6698
f 6883 7043 6890
f 6883 6890 6698
f 6890 7043 6974
f 6974 7043 7149
f 6890 6974 6717
f 6890 6717 6698
f 6974 7149 6975
f 6975 7149 7243
f 6717 6974 6802
f 6802 6974 6975
f 6975 7243 7109
f 6975 7109 6802
f 7109 7243 7137
f 7109 7137 7036
f 7036 7137 7238
f 7109 7036 6923
f 7109 6923 6802
f 6923 7036 6900
f 6923 6900 6802
f 7036 7238 7026
f 7036 7026 6900
f 7026 7238 7228
f 7026 7228 7229
f 7026 7229 7178
f 7026 7178 7110
f 7110 7178 7285
f 6900 7026 6811
f 7026 7110 7007
f 7026 7007 6811
f 7320 7206 7110
f 7110 7206 7064
f 7110 7064 7007
f 7064 7206 7117
f 7007 7064 6901
f 7064 7117 7016
f 7064 7016 6901
f 7007 6901 6844
f 7007 6844 6811
f 6844 6901 6796
f 6796 6901 7016
f 6811 6844 6725
f 6725 6844 6796
f 7139 7117 7234
f 7117 7139 7016
f 7125 7139 7159
f 7139 7125 7037
f 7139 7037 7016
f 7037 7125 7097
f 6751 6796 7016
f 7016 7037 6895
f 7016 6895 6751
f 6796 6751 6602
f 6796 6602 6725
f 6751 6895 6676
f 6602 6751 6492
f 6492 6751 6676
f 6895 7037 6888
f 6895 6888 6676
f 6888 7037 6968
f 6968 7037 7097
f 6676 6888 6697
f 6888 6968 6874
f 6888 6874 6697
f 6968 7097 7089
f 7089 7097 7131
f 7089 7131 7025
f 6968 7089 6909
f 6968 6909 6874
f 6909 7089 7025
f 6874 6909 6827
f 6874 6827 6697
f 6909 7025 6976
f 6909 6976 6827
f 6976 7025 7022
f 7022 7025 7066
f 7022 7066 6970
f 6976 7022 6863
f 6976 6863 6827
f 7022 6970 6952
f 7022 6952 6863
f 6952 6970 7018
f 6952 7018 7023
f 6952 7023 6934
f 6863 6952 6795
f 6795 6952 6934
f 6732 6827 6863
f 6827 6732 6697
f 6732 6863 6745
f 6745 6863 6795
f 6795 6934 6847
f 6847 6934 6930
f 6930 6934 7001
f 6847 6930 6833
f 6795 6847 6731
f 6795 6731 6677
f 6795 6677 6745
f 6677 6731 6559
f 6745 6677 6488
f 6488 6677 6559
f 6745 6488 6732
f 6488 6559 6402
f 6732 6488 6435
f 6732 6435 6697
f 6488 6402 6337
f 6488 6337 6435
f 6337 6402 6118
f 6337 6118 5877
f 6337 5877 6053
f 6337 6053 6435
f 6053 5877 5837
f 6537 6697 6435
f 6697 6537 6676
f 6435 6053 6119
f 6119 6053 5837
f 6537 6435 6290
f 6290 6435 6119
f 6676 6537 6267
f 6267 6537 6290
f 6676 6267 6492
f 6119 5837 5912
f 6119 5912 6290
f 6290 5912 6267
f 5912 5837 5534
f 6492 6267 6246
f 6492 6246 6385
f 6246 6267 5952
f 5952 6267 5912
f 6246 5952 6385
f 5912 5534 5618
f 5912 5618 5952
f 6492 6385 6602
f 5618 5534 5363
f 6602 6385 6587
f 6602 6587 6725
f 5952 5618 5754
f 5754 5618 5363
f 6148 6385 5952
f 6725 6587 6515
f 6725 6515 6811
f 6587 6385 6208
f 6587 6208 6515
f 6208 6385 6148
f 6811 6515 6623
f 6811 6623 6900
f 6515 6208 6413
f 6515 6413 6623
f 6900 6623 6653
f 6653 6623 6413
f 6900 6653 6802
f 6413 6208 6180
f 6180 6208 6148
f 6653 6413 6481
f 6802 6653 6588
f 6588 6653 6481
f 6802 6588 6717
f 6717 6588 6603
f 6603 6588 6481
f 6717 6603 6698
f 6481 6413 6292
f 6292 6413 6180
f 6603 6481 6543
f 6603 6543 6698
f 6543 6481 6422
f 6422 6481 6292
f 6698 6543 6686
f 6686 6543 6422
f 6698 6686 6778
f 6778 6686 6566
f 6778 6566 6690
f 6686 6422 6469
f 6686 6469 6566
f 6690 6566 6400
f 6690 6400 6384
f 6566 6469 6343
f 6566 6343 6400
f 6469 6422 6376
f 6469 6376 6343
f 6376 6422 6292
f 6400 6343 6265
f 6400 6265 6384
f 6343 6376 6158
f 6343 6158 6265
f 6376 6292 6154
f 6376 6154 6158
f 6154 6292 5974
f 6154 5974 6158
f 5974 6292 6180
f 5974 6180 6148
f 6284 6384 6265
f 6384 6284 6473
f 6062 6265 6158
f 6265 6062 6284
f 6473 6284 6291
f 6291 6284 6062
f 6473 6291 6449
f 5966 6158 5974
f 6158 5966 6062
f 6449 6291 6342
f 6449 6342 6511
f 6511 6342 6389
f 6342 6291 6169
f 6169 6291 6062
f 6389 6342 6255
f 6255 6342 6169
f 6389 6255 6314
f 6314 6255 6034
f 6034 6255 6157
f 6255 6169 5961
f 6255 5961 6157
f 6034 6157 5895
f 5895 6157 5961
f 5961 6169 5896
f 5896 6169 6062
f 5961 5896 5895
f 5896 6062 5849
f 5849 6062 5966
f 5895 5896 5735
f 5735 5896 5849
f 5809 6034 5895
f 6034 5809 5987
f 5849 5966 5548
f 5548 5966 5974
f 5809 5895 5680
f 5680 5895 5735
f 5987 5809 5733
f 5809 5680 5594
f 5809 5594 5733
f 5680 5735 5493
f 5987 5733 5773
f 5987 5773 5936
f 5936 5773 5714
f 5714 5773 5541
f 5773 5733 5626
f 5773 5626 5541
f 5626 5733 5594
f 5447 5594 5680
f 5447 5680 5493
f 5626 5594 5509
f 5509 5594 5447
f 5541 5626 5476
f 5476 5626 5509
f 5541 5476 5310
f 5541 5310 5245
f 5509 5447 5312
f 5312 5447 5493
f 5245 5310 5131
f 5245 5131 5155
f 5310 5476 5240
f 5310 5240 5131
f 5331 5476 5509
f 5476 5331 5240
f 5155 5131 4985
f 5331 5509 5319
f 5319 5509 5312
f 5319 5312 5192
f 5192 5312 5493
f 5331 5319 4915
f 5155 4985 5057
f 4918 5240 5331
f 4918 5331 4915
f 5240 4918 4994
f 5240 4994 5131
f 4994 4918 4876
f 5131 4994 5003
f 5003 4994 4876
f 5131 5003 4985
f 4985 5003 4870
f 4870 5003 4876
f 4876 4918 4703
f 4703 4918 4915
f 4870 4876 4796
f 4796 4876 4668
f 4668 4876 4703
f 4870 4796 4798
f 4796 4668 4671
f 4796 4671 4798
f 4668 4703 4592
f 4668 4592 4671
f 4881 4985 4870
f 4881 4870 4798
f 4985 4881 4941
f 4985 4941 5057
f 4881 4798 4889
f 4881 4889 4941
f 5057 4941 5011
f 5011 4941 4889
f 5057 5011 5061
f 5057 5061 5111
f 5011 4889 4991
f 5011 4991 5061
f 5111 5061 5049
f 5049 5061 4991
f 4767 4889 4798
f 4991 4889 4855
f 4855 4889 4767
f 5049 4991 4980
f 4767 4798 4690
f 4690 4798 4671
f 4767 4690 4645
f 4690 4671 4587
f 4690 4587 4645
f 4767 4645 4666
f 4645 4587 4512
f 4645 4512 4666
f 4512 4587 4510
f 4510 4587 4671
f 4767 4666 4779
f 4767 4779 4855
f 4779 4666 4717
f 4510 4671 4592
f 4779 4717 4761
f 4779 4761 4855
f 4761 4717 4753
f 4855 4761 4822
f 4822 4761 4753
f 4855 4822 4894
f 4855 4894 4991
f 4822 4753 4851
f 4822 4851 4894
f 4851 4753 4802
f 4851 4802 4874
f 4991 4894 4980
f 4851 4874 4922
f 4851 4922 4894
f 4894 4922 4980
f 4922 4874 4934
f 4922 4934 4984
f 4922 4984 4980
f 4980 4984 5051
f 4980 5051 5049
f 5051 4984 5056
f 5049 5051 5162
f 5051 5056 5095
f 5051 5095 5162
f 7324 7335 7299
f 7324 7299 7353
f 7353 7299 7333
f 7335 7324 7307
f 7335 7307 7311
f 7311 7307 7243
f 7307 7324 7349
f 7349 7324 7353
f 7243 7307 7288
f 7288 7307 7349
f 7243 7288 7137
f 7137 7288 7238
f 7344 7353 7333
f 7353 7344 7349
f 7344 7333 7244
f 7238 7288 7326
f 7326 7288 7349
f 7238 7326 7228
f 7228 7326 7229
f 7326 7349 7284
f 7326 7284 7229
f 7284 7349 7344
f 7344 7244 7280
f 7344 7280 7284
f 7280 7244 7316
f 7280 7316 7284
f 7316 7244 7298
f 7298 7244 7099
f 7284 7316 7319
f 7284 7319 7229
f 7319 7316 7312
f 7312 7316 7298
f 7229 7319 7285
f 7229 7285 7178
f 7319 7312 7265
f 7319 7265 7285
f 7265 7312 7363
f 7363 7312 7298
f 7285 7265 7320
f 7320 7265 7363
f 7285 7320 7110
f 7363 7298 7309
f 7363 7309 7320
f 7320 7309 7352
f 7320 7352 7206
f 7206 7352 7117
f 7117 7352 7247
f 7117 7247 7234
f 7352 7309 7301
f 7170 7309 7298
f 7309 7170 7301
f 7170 7298 7044
f 7044 7298 7099
f 7044 7099 6840
f 7246 7247 7352
f 7246 7352 7301
f 7247 7246 7277
f 7247 7277 7234
f 7246 7301 7174
f 7044 6840 6828
f 7277 7246 7260
f 7260 7246 7174
f 7234 7277 7159
f 7234 7159 7139
f 6828 6840 6746
f 6746 6840 6590
f 6746 6590 6505
f 6746 6505 6583
f 6746 6583 6782
f 6746 6782 6828
f 6782 6583 6565
f 6782 6565 6628
f 6828 6782 7008
f 6828 7008 7044
f 7044 7008 7170
f 7008 6782 6836
f 6836 6782 6628
f 7170 7008 7080
f 7080 7008 6836
f 7170 7080 7301
f 6836 6628 6790
f 6836 6790 7080
f 6790 6628 6642
f 7301 7080 7174
f 6790 6642 6713
f 6713 6642 6577
f 7080 6790 6869
f 6869 6790 6713
f 6713 6577 6743
f 6743 6577 6534
f 6743 6534 6675
f 7080 6869 7082
f 7080 7082 7174
f 6869 6713 6858
f 6869 6858 7082
f 6858 6713 6743
f 7174 7082 7138
f 7138 7082 6858
f 7174 7138 7217
f 7174 7217 7260
f 7138 6858 7067
f 7138 7067 7217
f 7260 7217 7254
f 7254 7217 7067
f 7260 7254 7277
f 7277 7254 7219
f 7277 7219 7159
f 7254 7067 7192
f 7254 7192 7219
f 7002 7067 6858
f 7159 7219 7175
f 7175 7219 7192
f 7159 7175 7186
f 7159 7186 7125
f 7125 7186 7097
f 7108 7192 7067
f 7108 7067 7002
f 7175 7192 7124
f 7124 7192 7108
f 7097 7186 7119
f 7201 7186 7175
f 7201 7175 7124
f 7186 7201 7119
f 7124 7108 7055
f 7055 7108 7002
f 7097 7119 7131
f 7124 7055 7171
f 7124 7171 7201
f 7171 7055 7076
f 7201 7171 7155
f 7201 7155 7119
f 7155 7171 7076
f 7119 7155 7081
f 7081 7155 7076
f 7164 7131 7119
f 7164 7119 7081
f 7131 7164 7069
f 7131 7069 7025
f 7025 7069 7066
f 7081 7076 7015
f 7018 6970 7066
f 7164 7081 7085
f 7085 7081 7015
f 7069 7164 7057
f 7057 7164 7085
f 7066 7069 7083
f 7066 7083 7018
f 7083 7069 7057
f 7018 7083 7031
f 7018 7031 7023
f 7083 7057 7052
f 7083 7052 7031
f 7057 7085 6949
f 7057 6949 7052
f 7023 7031 7001
f 7023 7001 6934
f 7031 7052 6977
f 7001 7031 6978
f 6978 7031 6977
f 7001 6978 7009
f 7001 7009 6930
f 6930 7009 6915
f 7009 6978 6996
f 7009 6996 6914
f 6996 6978 6942
f 6942 6978 6977
f 6996 6942 6867
f 6867 6942 6793
f 6942 6977 6937
f 6942 6937 6793
f 6885 6977 7052
f 6977 6885 6937
f 6885 7052 6949
f 6793 6937 6823
f 6823 6937 6885
f 6793 6823 6663
f 6823 6885 6755
f 6823 6755 6663
f 6755 6885 6949
f 6663 6755 6517
f 6663 6517 6442
f 6442 6517 6338
f 6338 6517 6501
f 6456 6383 6501
f 6501 6517 6645
f 6501 6645 6456
f 6517 6755 6776
f 6517 6776 6645
f 6776 6755 6845
f 6845 6755 6949
f 6645 6776 6767
f 6767 6776 6845
f 6456 6645 6714
f 6714 6645 6767
f 6456 6714 6550
f 6845 6949 6987
f 6987 6949 7085
f 6987 7085 7015
f 6845 6987 6865
f 6865 6987 7015
f 6845 6865 6767
f 6865 7015 6848
f 6865 6848 6767
f 6848 7015 6988
f 6988 7015 7076
f 6767 6848 6864
f 6864 6848 6988
f 6767 6864 6714
f 6988 7076 6945
f 6988 6945 6864
f 6945 7076 7055
f 6945 7055 7002
f 6864 6945 6919
f 6919 6945 7002
f 6714 6864 6703
f 6714 6703 6550
f 6864 6919 6787
f 6864 6787 6703
f 6919 7002 6839
f 6919 6839 6787
f 6839 7002 6858
f 6839 6858 6743
f 6839 6743 6787
f 6787 6743 6675
f 6621 6550 6703
f 6621 6703 6787
f 6621 6787 6675
f 6550 6621 6444
f 6621 6675 6513
f 4747 4802 4753
f 4747 4753 4658
f 4747 4658 4687
f 4658 4753 4717
f 4687 4658 4618
f 4658 4717 4662
f 4662 4717 4666
f 4618 4658 4604
f 4604 4658 4662
f 4618 4604 4560
f 4618 4560 4540
f 4540 4560 4509
f 4509 4560 4604
f 4662 4666 4607
f 4604 4662 4525
f 4604 4525 4509
f 4525 4662 4607
f 4607 4666 4500
f 4607 4500 4525
f 4500 4666 4512
f 4509 4525 4459
f 4459 4525 4500
f 4500 4512 4446
f 4500 4446 4459
f 4446 4512 4447
f 4447 4512 4510
f 4509 4459 4435
f 4509 4435 4469
f 4469 4435 4410
f 4410 4435 4381
f 4435 4459 4388
f 4435 4388 4381
f 4388 4459 4325
f 4325 4459 4446
f 4381 4388 4301
f 4381 4301 4304
f 4304 4301 4251
f 4301 4388 4232
f 4232 4388 4325
f 4251 4301 4209
f 4209 4301 4232
f 4251 4209 4140
f 4251 4140 4175
f 4175 4140 4082
f 4140 4209 4118
f 4140 4118 4082
f 4209 4232 4180
f 4209 4180 4118
f 4180 4232 4159
f 4118 4180 4095
f 4095 4180 4159
f 4159 4232 4151
f 4151 4232 4325
f 4095 4159 4071
f 4071 4159 4151
f 4151 4325 4366
f 4366 4325 4446
f 4366 4446 4447
f 4041 4118 4095
f 4118 4041 4082
f 4095 4071 4027
f 4095 4027 4041
f 4366 4447 4333
f 4333 4447 4398
f 4333 4398 4339
f 4333 4339 4238
f 4238 4339 4274
f 4366 4333 4277
f 4277 4333 4238
f 4366 4277 4204
f 4366 4204 4151
f 4277 4238 4131
f 4277 4131 4204
f 4238 4274 4188
f 4188 4274 4292
f 4188 4292 4193
f 4238 4188 4127
f 4238 4127 4131
f 4188 4193 4128
f 4128 4193 4147
f 4128 4147 4074
f 4188 4128 4117
f 4188 4117 4127
f 4128 4074 4024
f 4128 4024 4117
f 4024 4074 4011
f 4011 4074 4013
f 3982 4131 4127
f 3982 4127 4117
f 4011 4013 3966
f 4117 4024 3994
f 4117 3994 3982
f 4024 4011 3903
f 4024 3903 3994
f 3903 4011 3966
f 3966 4013 3900
f 3966 3900 3892
f 3966 3892 3903
f 3994 3903 3880
f 3994 3880 3982
f 3903 3892 3838
f 3892 3900 3833
f 3892 3833 3838
f 3807 3900 3913
f 3900 3807 3833
f 3903 3838 3778
f 3903 3778 3880
f 3838 3833 3739
f 3838 3739 3778
f 3833 3807 3699
f 3699 3807 3797
f 3739 3833 3723
f 3723 3833 3699
f 3699 3797 3696
f 3891 3880 3778
f 3880 3891 3982
f 3688 3778 3739
f 3891 3778 3718
f 3718 3778 3688
f 3891 3718 3875
f 3891 3875 3982
f 3982 3875 4028
f 3982 4028 4131
f 3875 3718 3633
f 3875 3633 4028
f 4131 4028 4204
f 3633 3718 3603
f 3603 3718 3688
f 4028 3633 3580
f 3669 3688 3739
f 3669 3739 3723
f 3669 3723 3642
f 3642 3723 3699
f 3688 3669 2
f 2 3669 3642
f 3580 3633 84
f 84 3633 3603
f 3585 3603 3688
f 3585 3688 2
f 3603 3585 21
f 21 3585 53
f 53 3585 2
f 3603 21 93
f 3603 93 84
f 21 53 162
f 21 162 93
f 53 2 172
f 53 172 162
f 44 2 3642
f 93 162 180
f 84 93 209
f 209 93 180
f 180 162 190
f 190 162 172
f 180 190 248
f 180 248 209
f 190 172 294
f 190 294 248
f 164 172 2
f 164 2 44
f 172 164 302
f 172 302 294
f 164 44 296
f 164 296 302
f 248 294 353
f 248 353 209
f 353 294 361
f 294 302 393
f 294 393 361
f 393 302 369
f 369 302 296
f 361 393 403
f 361 403 353
f 393 369 460
f 393 460 403
f 353 403 429
f 353 429 209
f 403 460 474
f 403 474 429
f 460 369 528
f 209 429 321
f 474 460 568
f 568 460 528
f 209 321 419
f 209 419 84
f 321 429 587
f 321 587 419
f 567 429 474
f 567 474 568
f 429 567 587
f 84 419 226
f 84 226 3580
f 419 587 667
f 226 419 565
f 565 419 667
f 3580 226 329
f 226 565 577
f 226 577 329
f 577 565 1033
f 1033 565 667
f 329 577 628
f 628 577 1033
f 3580 329 3648
f 3580 3648 4028
f 329 628 374
f 329 374 74
f 329 74 3648
f 374 628 770
f 74 374 274
f 374 770 462
f 374 462 274
f 4019 4028 3648
f 4028 4019 4204
f 3648 74 3601
f 4204 4019 4036
f 4204 4036 4151
f 4151 4036 4071
f 4071 4036 4027
f 3601 74 55
f 55 74 274
f 4036 4019 3972
f 4036 3972 4027
f 3972 4019 3912
f 3912 4019 3648
f 4027 3972 3996
f 3691 3648 3601
f 3648 3691 3912
f 3972 3912 3904
f 3972 3904 3996
f 3904 3912 3691
f 4027 3996 3929
f 3929 3996 3904
f 4027 3929 4041
f 4041 3929 3954
f 4041 3954 4082
f 3929 3904 3872
f 3929 3872 3954
f 4082 3954 3894
f 3894 3954 3872
f 4082 3894 4017
f 4017 3894 3851
f 3894 3872 3783
f 3894 3783 3851
f 3735 3872 3904
f 3735 3904 3691
f 3872 3735 3783
f 3735 3691 3690
f 3735 3690 3783
f 3690 3691 3631
f 3631 3691 3601
f 3631 3601 55
f 3631 55 3548
f 3690 3631 3598
f 3598 3631 3548
f 3783 3690 3729
f 3729 3690 3598
f 3732 3851 3783
f 3732 3783 3729
f 3851 3732 3720
f 3720 3732 3659
f 3659 3732 3729
f 3720 3659 3611
f 3659 3729 3589
f 3589 3729 3598
f 3659 3589 3611
f 3611 3589 3555
f 3611 3555 3623
f 3589 3598 97
f 3589 97 3555
f 102 3598 3548
f 3598 102 97
f 102 3548 55
f 3555 97 110
f 3555 110 82
f 102 55 197
f 102 197 97
f 197 55 274
f 110 97 223
f 110 223 82
f 97 197 241
f 97 241 223
f 197 274 336
f 197 336 241
f 336 274 482
f 482 274 462
f 82 223 215
f 82 215 163
f 223 241 327
f 223 327 215
f 163 215 300
f 300 215 327
f 163 300 254
f 327 241 426
f 426 241 336
f 300 327 411
f 411 327 426
f 375 315 300
f 375 300 411
f 375 411 512
f 426 336 439
f 439 336 482
f 411 426 513
f 513 426 439
f 512 411 550
f 550 411 513
f 512 550 639
f 439 482 596
f 596 482 462
f 596 462 770
f 439 596 664
f 513 439 740
f 740 439 664
f 550 513 720
f 720 513 740
f 550 720 715
f 550 715 639
f 715 720 803
f 803 720 740
f 639 715 755
f 755 715 803
f 639 755 660
f 660 755 821
f 741 740 664
f 690 664 596
f 664 690 741
f 690 596 770
f 741 690 801
f 741 801 740
f 801 690 770
f 740 801 880
f 740 880 803
f 801 770 963
f 801 963 880
f 963 770 965
f 965 770 628
f 880 963 1037
f 1037 963 965
f 803 880 947
f 947 880 1037
f 803 947 864
f 803 864 755
f 864 947 1031
f 1031 947 1037
f 755 864 863
f 863 864 1031
f 755 863 821
f 821 863 910
f 910 863 1031
f 821 910 980
f 821 980 920
f 910 1031 1055
f 910 1055 980
f 920 980 1078
f 1078 980 1055
f 920 1078 993
f 993 1078 1110
f 1110 1078 1231
f 1231 1078 1277
f 1231 1277 1362
f 1078 1055 1139
f 1078 1139 1277
f 1139 1055 1116
f 1116 1055 1031
f 1277 1139 1296
f 1277 1296 1362
f 1139 1116 1184
f 1139 1184 1296
f 1116 1031 1136
f 1184 1116 1160
f 1160 1116 1136
f 1136 1031 1037
f 1184 1160 1220
f 1220 1160 1136
f 1296 1184 1216
f 1216 1184 1220
f 1220 1136 1186
f 1186 1136 1037
f 1216 1220 1278
f 1278 1220 1186
f 1296 1216 1378
f 1378 1216 1278
f 1296 1378 1543
f 1296 1543 1362
f 1186 1037 1113
f 1113 1037 965
f 1278 1186 1249
f 1249 1186 1113
f 1378 1278 1444
f 1444 1278 1249
f 1602 1543 1378
f 1602 1378 1444
f 1113 965 1073
f 1073 965 628
f 1249 1113 1286
f 1249 1286 1444
f 1286 1113 1073
f 1073 628 1033
f 1286 1073 1179
f 1179 1073 1033
f 1444 1286 1559
f 1559 1286 1179
f 1729 1602 1444
f 1729 1444 1559
f 1602 1729 1737
f 1602 1737 1543
f 1179 1033 1070
f 1179 1070 1250
f 1179 1250 1559
f 1070 1033 1008
f 1729 1559 1802
f 1070 1008 1129
f 1070 1129 1250
f 1008 1033 809
f 809 1033 667
f 1129 1008 1092
f 1008 809 915
f 1008 915 1092
f 915 809 818
f 809 667 712
f 809 712 818
f 712 667 587
f 915 818 817
f 817 818 712
f 712 587 698
f 712 698 817
f 698 587 567
f 915 817 951
f 915 951 1092
f 817 698 837
f 817 837 951
f 698 567 680
f 698 680 837
f 680 567 568
f 837 680 834
f 837 834 951
f 680 568 640
f 680 640 834
f 640 568 528
f 834 640 704
f 704 640 528
f 704 528 539
f 704 539 734
f 539 528 362
f 539 362 491
f 362 528 369
f 362 369 296
f 362 296 227
f 362 227 297
f 227 296 17
f 227 17 116
f 17 296 44
f 116 17 20
f 17 44 3591
f 17 3591 20
f 3591 44 3642
f 3591 3642 3699
f 20 3591 3594
f 3594 3591 3699
f 20 3594 3550
f 3594 3699 3696
f 3594 3696 3550
f 5087 4915 5319
f 5087 5319 5192
f 4915 5087 4973
f 5087 5192 5030
f 4915 4973 4854
f 4915 4854 4703
f 4973 5087 4982
f 4982 5087 5030
f 4854 4973 4804
f 4703 4854 4698
f 4698 4854 4804
f 4804 4973 4790
f 4790 4973 4982
f 4698 4804 4714
f 4714 4804 4790
f 4703 4698 4634
f 4703 4634 4592
f 4634 4698 4631
f 4631 4698 4714
f 4592 4634 4579
f 4790 4982 4914
f 4914 4982 5030
f 4714 4790 4696
f 4696 4790 4914
f 4579 4634 4599
f 4599 4634 4631
f 4592 4579 4485
f 4592 4485 4510
f 4579 4599 4457
f 4579 4457 4485
f 4599 4631 4468
f 4599 4468 4457
f 4468 4631 4484
f 4484 4631 4714
f 4510 4485 4471
f 4510 4471 4447
f 4447 4471 4398
f 4398 4471 4339
f 4471 4485 4417
f 4471 4417 4339
f 4417 4485 4457
f 4339 4417 4274
f 4274 4417 4292
f 4292 4417 4409
f 4409 4417 4457
f 4292 4409 4193
f 4193 4409 4197
f 4193 4197 4147
f 4147 4197 4074
f 4409 4457 4390
f 4390 4457 4468
f 4197 4409 4253
f 4253 4409 4390
f 4390 4468 4355
f 4390 4355 4253
f 4355 4468 4484
f 4078 4074 4197
f 4197 4253 4157
f 4197 4157 4078
f 4074 4078 4013
f 4253 4355 4213
f 4253 4213 4157
f 4213 4355 4345
f 4345 4355 4484
f 4157 4213 4203
f 4203 4213 4345
f 4013 4078 4030
f 4013 4030 3900
f 4101 4078 4157
f 4078 4101 4030
f 3900 4030 3913
f 4101 4157 4134
f 4134 4157 4203
f 4030 4101 4045
f 4030 4045 3913
f 4101 4134 4037
f 4101 4037 4045
f 4037 4134 4075
f 4134 4203 4195
f 4045 4037 3886
f 4045 3886 3913
f 3886 4037 3951
f 3913 3886 3797
f 3913 3797 3807
f 3797 3886 3815
f 3797 3815 3696
f 4319 4195 4203
f 4319 4203 4345
f 4195 4319 4271
f 4271 4319 4349
f 4319 4345 4484
f 4349 4319 4423
f 4319 4484 4567
f 4319 4567 4423
f 4567 4484 4714
f 4567 4714 4696
f 4567 4696 4423
f 4423 4696 4605
f 4794 4774 4696
f 4794 4696 4914
f 4774 4794 4900
f 4794 4914 4975
f 4975 4914 5030
f 4900 4794 5042
f 5042 4794 4975
f 4975 5030 5212
f 4975 5212 5042
f 5212 5030 5192
f 4900 5042 5288
f 5288 5042 5212
f 5212 5192 5370
f 5212 5370 5288
f 5370 5192 5493
f 5370 5493 5555
f 5555 5493 5735
f 5555 5735 5545
f 5555 5545 5370
f 5545 5735 5849
f 5545 5849 5548
f 5370 5545 5394
f 5370 5394 5288
f 5394 5545 5548
f 5160 4900 5288
f 4900 5160 5100
f 5100 5160 5363
f 5160 5288 5273
f 5160 5273 5363
f 5273 5288 5394
f 5363 5273 5567
f 5567 5273 5394
f 5567 5394 5548
f 5363 5567 5754
f 5567 5548 5870
f 5870 5548 5974
f 5870 5974 6148
f 5567 5870 5934
f 5567 5934 5754
f 5934 5870 6148
f 5754 5934 5952
f 5952 5934 6148
f 2108 2135 2228
f 2255 2228 2315
f 2315 2228 2229
f 2228 2135 2168
f 2228 2168 2229
f 2168 2135 2130
f 2315 2229 2354
f 2315 2354 2387
f 2229 2168 2166
f 2166 2168 2130
f 2354 2229 2301
f 2387 2354 2438
f 2438 2354 2301
f 2387 2438 2478
f 2229 2166 2195
f 2229 2195 2301
f 2195 2166 2161
f 2161 2166 2130
f 2301 2195 2218
f 2218 2195 2161
f 2478 2438 2467
f 2478 2467 2533
f 2373 2438 2301
f 2438 2373 2467
f 2301 2218 2404
f 2301 2404 2373
f 2467 2373 2494
f 2467 2494 2533
f 2494 2373 2404
f 2533 2494 2563
f 2533 2563 2605
f 2605 2563 2612
f 2605 2612 2665
f 2563 2494 2558
f 2563 2558 2612
f 2558 2494 2505
f 2505 2494 2404
f 2612 2558 2609
f 2665 2612 2637
f 2637 2612 2609
f 2665 2637 2667
f 2637 2609 2634
f 2637 2634 2667
f 2665 2667 2679
f 2609 2558 2589
f 2589 2558 2505
f 2609 2589 2634
f 2679 2667 2728
f 2679 2728 2715
f 2715 2728 2855
f 2728 2667 2723
f 2723 2667 2634
f 2855 2728 2838
f 2838 2728 2723
f 2723 2634 2653
f 2611 2634 2589
f 2634 2611 2653
f 2723 2653 2740
f 2740 2653 2611
f 2723 2740 2838
f 2611 2589 2575
f 2575 2589 2505
f 2971 2855 2838
f 2855 2971 2944
f 2944 2971 3040
f 2944 3040 3027
f 2971 2838 2954
f 2971 2954 3040
f 3027 3040 3107
f 2954 2838 2813
f 2813 2838 2740
f 3107 3040 3101
f 3107 3101 3186
f 3040 2954 3041
f 3040 3041 3101
f 2813 2740 2724
f 2724 2740 2611
f 2954 2813 2830
f 2830 2813 2724
f 3101 3041 3103
f 3101 3103 3186
f 2979 3041 2954
f 2979 2954 2830
f 3041 2979 3103
f 2607 2724 2611
f 3186 3103 3224
f 3186 3224 3249
f 3249 3224 3342
f 3336 3322 3342
f 3336 3342 3284
f 3284 3342 3224
f 3284 3224 3161
f 3161 3224 3103
f 3284 3161 3118
f 3161 3103 3030
f 3161 3030 3118
f 3030 3103 2979
f 3118 3030 2880
f 3030 2979 2858
f 3030 2858 2880
f 2858 2979 2830
f 2880 2858 2781
f 2880 2781 2837
f 2837 2781 2749
f 2858 2830 2682
f 2858 2682 2781
f 2682 2830 2724
f 2749 2781 2636
f 2636 2781 2682
f 2749 2636 2625
f 2682 2724 2607
f 2682 2607 2636
f 2625 2636 2555
f 2555 2636 2607
f 2625 2555 2534
f 2534 2555 2436
f 2534 2436 2382
f 2555 2607 2560
f 2560 2607 2575
f 2575 2607 2611
f 2555 2560 2472
f 2555 2472 2436
f 2560 2575 2491
f 2560 2491 2472
f 2491 2575 2496
f 2496 2575 2505
f 2496 2505 2404
f 2491 2496 2397
f 2397 2496 2404
f 2472 2491 2396
f 2396 2491 2397
f 2397 2404 2361
f 2397 2361 2396
f 2361 2404 2218
f 2472 2396 2347
f 2472 2347 2436
f 2396 2361 2348
f 2396 2348 2347
f 2361 2218 2160
f 2160 2218 2161
f 2348 2361 2287
f 2287 2361 2160
f 2160 2161 2112
f 2112 2161 2130
f 2287 2160 2167
f 2348 2287 2216
f 2216 2287 2167
f 2167 2160 2084
f 2084 2160 2112
f 2167 2084 2049
f 2167 2049 1991
f 2167 1991 2216
f 2049 2084 1848
f 2348 2216 2325
f 2348 2325 2347
f 2084 2112 1802
f 2084 1802 1848
f 1802 2112 1933
f 1933 2112 2130
f 1802 1933 1729
f 1848 1802 1559
f 1729 1933 1737
f 1933 2130 1939
f 1933 1939 1737
f 1939 2130 2135
f 1939 2135 1849
f 1939 1849 1737
f 1849 2135 2004
f 1849 2004 1816
f 1849 1816 1613
f 1737 1849 1641
f 1641 1849 1613
f 1737 1641 1543
f 1543 1641 1362
f 1362 1641 1613
f 1362 1613 1312
f 1535 1848 1559
f 1535 1559 1250
f 1848 1535 1786
f 1848 1786 2049
f 2049 1786 1991
f 1786 1535 1614
f 1991 1786 1835
f 1835 1786 1614
f 1535 1250 1369
f 1535 1369 1614
f 1369 1250 1207
f 1614 1369 1412
f 1412 1369 1207
f 1835 1614 1734
f 1734 1614 1412
f 1964 1991 1835
f 1964 1835 1734
f 1207 1250 1140
f 1140 1250 1129
f 1140 1129 1092
f 1207 1140 1084
f 1084 1140 1092
f 1084 1092 1060
f 1060 1092 951
f 1207 1084 1155
f 1207 1155 1412
f 1084 1060 1017
f 1017 1060 951
f 1084 1017 1155
f 1017 951 898
f 898 951 834
f 1155 1017 1006
f 1006 1017 898
f 1155 1006 1036
f 898 834 813
f 813 834 704
f 813 704 734
f 898 813 865
f 898 865 1006
f 865 813 734
f 1006 865 1036
f 865 734 657
f 1256 1155 1036
f 1155 1256 1412
f 1256 1036 1417
f 1412 1256 1461
f 1461 1256 1417
f 1412 1461 1734
f 1461 1417 1748
f 1734 1461 1857
f 1857 1461 1748
f 1734 1857 1964
f 1748 1417 1738
f 1964 1857 1927
f 1927 1857 1748
f 1748 1738 2023
f 1748 2023 1927
f 2023 1738 2080
f 2023 2080 2188
f 2023 2188 1927
f 2188 2080 2162
f 1964 1927 2094
f 2094 1927 2188
f 1964 2094 1991
f 1991 2094 2216
f 2216 2094 2280
f 2280 2094 2188
f 2216 2280 2325
f 2188 2162 2268
f 2188 2268 2280
f 2280 2268 2325
f 2268 2162 2265
f 2325 2268 2322
f 2322 2268 2265
f 2325 2322 2347
f 2322 2265 2382
f 2347 2322 2436
f 2436 2322 2382
f 3284 3234 3340
f 3340 3234 3352
f 3234 3284 3118
f 3352 3234 3240
f 3234 3118 3084
f 3234 3084 3240
f 3084 3118 2880
f 3084 2880 2837
f 3352 3240 3380
f 3084 2837 2903
f 2903 2837 2803
f 2803 2837 2749
f 2803 2749 2625
f 2903 2803 2758
f 2758 2803 2625
f 3084 2903 3045
f 3084 3045 3240
f 3045 2903 2758
f 2758 2625 2596
f 2596 2625 2534
f 3045 2758 2849
f 3240 3045 3087
f 3087 3045 2849
f 2758 2596 2722
f 2758 2722 2849
f 2596 2534 2524
f 2596 2524 2722
f 2524 2534 2461
f 2461 2534 2382
f 2461 2382 2206
f 2206 2382 2265
f 2206 2265 2162
f 2461 2206 2356
f 2461 2356 2524
f 2206 2162 1962
f 1962 2162 2080
f 2356 2206 2012
f 2012 2206 1962
f 2524 2356 2406
f 1962 2080 1807
f 1807 2080 1738
f 1962 1807 1670
f 1962 1670 2012
f 1807 1738 1497
f 1497 1738 1417
f 1670 1807 1489
f 1489 1807 1497
f 1497 1417 1373
f 1373 1417 1036
f 1489 1497 1212
f 1212 1497 1373
f 1670 1489 1319
f 1319 1489 1212
f 1670 1319 1635
f 1670 1635 2012
f 1373 1036 1167
f 1373 1167 1212
f 1167 1036 1009
f 1009 1036 865
f 1212 1167 1051
f 1051 1167 1009
f 1212 1051 1102
f 1212 1102 1319
f 1051 1009 653
f 1009 865 679
f 1009 679 653
f 679 865 657
f 734 539 657
f 657 539 491
f 679 657 489
f 489 657 491
f 653 679 594
f 594 679 489
f 594 489 653
f 489 491 435
f 435 491 297
f 297 491 362
f 489 435 347
f 347 435 297
f 653 489 584
f 584 489 347
f 347 297 116
f 116 297 227
f 347 116 115
f 115 116 20
f 115 20 3550
f 347 115 169
f 347 169 584
f 584 169 541
f 541 169 144
f 541 144 389
f 541 389 615
f 615 389 368
f 615 368 624
f 615 624 933
f 933 624 754
f 541 615 700
f 744 584 541
f 744 541 700
f 584 744 869
f 584 869 653
f 653 869 1051
f 1051 869 1102
f 700 615 882
f 882 615 933
f 869 744 1144
f 869 1144 1102
f 1076 744 700
f 744 1076 1144
f 700 882 1027
f 700 1027 1076
f 882 933 1156
f 1027 882 1246
f 1246 882 1156
f 1076 1027 1261
f 1261 1027 1246
f 1403 1144 1076
f 1403 1076 1261
f 1261 1246 1500
f 1261 1500 1403
f 1246 1156 1606
f 1246 1606 1500
f 1345 1156 933
f 1156 1345 1606
f 1345 933 1176
f 1176 933 754
f 1176 754 1352
f 1176 1352 1304
f 1176 1304 1345
f 1304 1352 1834
f 1345 1304 1766
f 1766 1304 1834
f 1902 1606 1345
f 1902 1345 1766
f 1606 1902 1982
f 1606 1982 1768
f 1606 1768 1500
f 1982 1902 2127
f 1902 1766 2272
f 1902 2272 2127
f 2272 1766 2187
f 2187 1766 1834
f 1982 2127 2237
f 1982 2237 1768
f 2127 2272 2422
f 2127 2422 2237
f 2422 2272 2482
f 2482 2272 2187
f 2237 2422 2526
f 2526 2422 2482
f 1768 2237 2232
f 1768 2232 2122
f 2232 2237 2327
f 2327 2237 2526
f 2122 2232 2212
f 2212 2232 2327
f 1768 2122 2020
f 2020 2122 2212
f 1768 2020 1500
f 1500 2020 1863
f 2020 2212 2194
f 2020 2194 1863
f 2212 2327 2401
f 2194 2212 2413
f 2413 2212 2401
f 1500 1863 1403
f 2194 2413 2431
f 1403 1863 1740
f 1863 2194 2326
f 2326 2194 2431
f 1740 1863 2107
f 2107 1863 2326
f 1403 1740 1806
f 1806 1740 2107
f 1403 1806 1330
f 1403 1330 1144
f 1144 1330 1102
f 2107 2326 2414
f 2414 2326 2431
f 1102 1330 1413
f 1102 1413 1319
f 1319 1413 1635
f 1413 1330 1796
f 1413 1796 1635
f 1796 1330 1806
f 1635 1796 1985
f 1635 1985 2012
f 1796 1806 2033
f 1796 2033 1985
f 2033 1806 2107
f 2012 1985 2210
f 2210 1985 2033
f 2012 2210 2356
f 2033 2107 2235
f 2235 2107 2414
f 2356 2210 2406
f 2210 2033 2291
f 2210 2291 2406
f 2291 2033 2235
f 2406 2291 2328
f 2328 2291 2235
f 2406 2328 2471
f 2235 2414 2502
f 2328 2235 2447
f 2447 2235 2502
f 2502 2414 2536
f 2328 2447 2485
f 2328 2485 2471
f 2536 2414 2431
f 2485 2447 2541
f 2447 2502 2598
f 2447 2598 2541
f 2598 2502 2645
f 2645 2502 2536
f 2541 2598 2736
f 2736 2598 2645
f 2485 2541 2659
f 2485 2659 2471
f 2659 2541 2736
f 2471 2659 2714
f 2714 2659 2802
f 2802 2659 2736
f 2471 2714 2578
f 2471 2578 2406
f 2406 2578 2524
f 2524 2578 2722
f 2578 2714 2768
f 2578 2768 2722
f 2768 2714 2802
f 2722 2768 2849
f 2849 2768 2952
f 2768 2802 2891
f 2768 2891 2952
f 2891 2802 2958
f 2891 2958 2952
f 2849 2952 3087
f 2958 2802 2834
f 2834 2802 2736
f 2952 2958 3136
f 2958 2834 3021
f 2958 3021 3136
f 3087 2952 3110
f 3110 2952 3136
f 2834 2736 2809
f 3021 2834 2914
f 2914 2834 2809
f 3021 2914 3028
f 3021 3028 3136
f 2914 2809 2967
f 2914 2967 3028
f 2809 2736 2764
f 2764 2736 2645
f 2967 2809 2943
f 2809 2764 2780
f 2809 2780 2943
f 2764 2645 2681
f 2764 2681 2780
f 2681 2645 2536
f 2780 2681 2643
f 2643 2681 2536
f 2967 2943 3162
f 2967 3162 3028
f 3162 2943 3176
f 2942 2943 2780
f 2943 2942 3176
f 2942 2780 2812
f 2812 2780 2643
f 2559 2643 2536
f 2559 2536 2431
f 2559 2431 2413
f 2559 2413 2401
f 2643 2559 2630
f 2630 2559 2401
f 2812 2643 2778
f 2778 2643 2630
f 2812 2778 2921
f 2812 2921 2942
f 2778 2630 2746
f 2778 2746 2921
f 2630 2401 2520
f 2520 2401 2327
f 2520 2327 2526
f 2630 2520 2660
f 2630 2660 2746
f 2660 2520 2657
f 2660 2657 2746
f 2657 2520 2526
f 2657 2526 2735
f 2657 2735 2746
f 2735 2526 2482
f 2746 2735 2915
f 2746 2915 2921
f 2735 2482 2610
f 2915 2735 2822
f 2822 2735 2610
f 2921 2915 3082
f 2610 2482 2569
f 2915 2822 3033
f 2915 3033 3082
f 2822 2610 2726
f 2726 2610 2569
f 2569 2482 2383
f 2383 2482 2187
f 3082 3033 3171
f 2569 2383 2582
f 2726 2569 2709
f 2709 2569 2582
f 2726 2709 2760
f 2582 2383 2543
f 2786 2822 2726
f 2786 2726 2760
f 2822 2786 2863
f 2822 2863 3033
f 2543 2383 2433
f 2433 2383 2187
f 2433 2187 2113
f 2113 2187 1834
f 2113 1834 1995
f 2113 1995 2202
f 2113 2202 2433
f 2202 1995 2129
f 2543 2433 2542
f 2542 2433 2202
f 2202 2129 2454
f 2454 2129 2262
f 2542 2202 2377
f 2377 2202 2454
f 2377 2454 2600
f 2377 2600 2542
f 2454 2262 2405
f 2405 2262 2443
f 2600 2454 2577
f 2577 2454 2405
f 2405 2443 2514
f 2405 2514 2577
f 2514 2443 2538
f 2600 2577 2655
f 2577 2514 2695
f 2577 2695 2655
f 2514 2538 2614
f 2514 2614 2695
f 2614 2538 2642
f 2642 2538 2632
f 2642 2632 2739
f 2614 2642 2730
f 2730 2642 2739
f 2614 2730 2695
f 2730 2739 2828
f 2924 3012 2828
f 2828 3012 2852
f 2828 2852 2730
f 2852 3012 3064
f 2695 2730 2797
f 2797 2730 2852
f 2852 3064 2888
f 2852 2888 2797
f 2888 3064 3085
f 2797 2888 2936
f 2936 2888 3085
f 2695 2797 2794
f 2794 2797 2936
f 2695 2794 2773
f 2695 2773 2655
f 2794 2936 2930
f 2794 2930 2773
f 2936 3085 3094
f 2936 3094 2930
f 3094 3085 3203
f 2773 2930 2940
f 2940 2930 3094
f 2773 2940 2655
f 3094 3203 3132
f 3094 3132 2940
f 2655 2940 2787
f 2940 3132 2920
f 2940 2920 2787
f 2920 3132 3120
f 3120 3132 3260
f 2787 2920 3005
f 3005 2920 3120
f 2655 2787 2674
f 2655 2674 2600
f 2600 2674 2542
f 3261 3189 3120
f 3120 3189 3005
f 3005 3189 3151
f 2754 2787 3005
f 2787 2754 2674
f 3005 3151 2896
f 3005 2896 2754
f 2674 2754 2649
f 2649 2754 2896
f 2674 2649 2542
f 2896 3151 3096
f 3096 3151 3281
f 3096 3281 3093
f 2896 3096 2861
f 2896 2861 2649
f 3096 3093 2862
f 3096 2862 2861
f 2862 3093 3078
f 2649 2861 2696
f 2649 2696 2542
f 2861 2862 2761
f 2861 2761 2696
f 2542 2696 2688
f 2688 2696 2761
f 2542 2688 2543
f 2543 2688 2582
f 2582 2688 2685
f 2685 2688 2761
f 2582 2685 2709
f 2685 2761 2792
f 2685 2792 2709
f 2792 2761 2862
f 2709 2792 2760
f 2947 2862 3078
f 2862 2947 2792
f 2947 3078 3222
f 2760 2792 2846
f 2792 2947 2867
f 2792 2867 2846
f 2867 2947 2948
f 2948 2947 3051
f 2867 2948 2895
f 2867 2895 2846
f 2846 2895 3000
f 2846 3000 2927
f 2844 2760 2846
f 2844 2846 2927
f 2760 2844 2786
f 2844 2927 3047
f 2786 2844 2873
f 2873 2844 3047
f 2786 2873 2863
f 2873 3047 3063
f 2873 3063 2863
f 2863 3063 3033
f 3063 3047 3187
f 3033 3063 3171
f 3171 3063 3187
f 3171 3187 3348
f 3348 3187 3350
f 3171 3348 3355
f 3355 3348 3413
f 3171 3355 3301
f 3355 3413 3381
f 3355 3381 3301
f 3171 3301 3082
f 3460 3419 3381
f 3082 3301 3100
f 3082 3100 2921
f 3301 3381 3318
f 3318 3381 3419
f 3100 3301 3225
f 3225 3301 3318
f 2921 3100 3079
f 3079 3100 3225
f 2921 3079 2942
f 2942 3079 3176
f 3318 3419 3401
f 3401 3419 3484
f 3225 3318 3270
f 3270 3318 3401
f 3079 3225 3206
f 3206 3225 3270
f 3079 3206 3176
f 3270 3401 3406
f 3270 3406 3206
f 3406 3401 3473
f 3206 3406 3359
f 3206 3359 3176
f 3359 3406 3473
f 3176 3359 3215
f 3359 3473 3386
f 3359 3386 3215
f 3386 3473 3452
f 3176 3215 3162
f 3386 3452 3365
f 3386 3365 3215
f 3365 3452 3421
f 3365 3421 3360
f 3162 3215 3194
f 3194 3215 3365
f 3162 3194 3028
f 3194 3365 3228
f 3194 3228 3028
f 3228 3365 3360
f 3028 3228 3136
f 3228 3360 3323
f 3228 3323 3136
f 3323 3360 3377
f 3136 3323 3110
f 3323 3377 3335
f 3335 3377 3423
f 3110 3323 3236
f 3236 3323 3335
f 3335 3423 3380
f 3110 3236 3087
f 3236 3335 3235
f 3235 3335 3380
f 3236 3235 3087
f 3235 3380 3240
f 3235 3240 3087
f 3252 3223 3367
f 3252 3367 3368
f 3368 3367 3399
f 3368 3399 3400
f 3400 3399 3437
f 3252 3368 3293
f 3293 3368 3400
f 3252 3293 3221
f 3400 3437 3431
f 3431 3437 3468
f 3431 3468 3420
f 3431 3420 3400
f 3420 3468 3449
f 3420 3449 3414
f 3252 3221 3076
f 3420 3414 3350
f 3350 3414 3348
f 3400 3420 3378
f 3378 3420 3350
f 3400 3378 3280
f 3400 3280 3293
f 3378 3350 3128
f 3128 3350 3187
f 3128 3187 3047
f 3378 3128 3178
f 3378 3178 3280
f 3128 3047 3077
f 3128 3077 3178
f 3077 3047 2927
f 3178 3077 3157
f 3157 3077 2927
f 3178 3157 3280
f 3157 2927 3000
f 3204 3293 3280
f 3204 3280 3157
f 3293 3204 3221
f 3157 3000 3106
f 3204 3157 3163
f 3163 3157 3106
f 3221 3204 3201
f 3201 3204 3163
f 3163 3106 3251
f 3163 3251 3201
f 3106 3000 3058
f 3058 3000 2895
f 3106 3058 3169
f 3106 3169 3251
f 3058 2895 3052
f 3058 3052 3169
f 3052 2895 2948
f 3052 2948 3051
f 3169 3052 3122
f 3122 3052 3051
f 3251 3169 3229
f 3122 3051 3222
f 3222 3051 2947
f 3169 3122 3289
f 3169 3289 3229
f 3122 3222 3299
f 3122 3299 3289
f 3299 3222 3241
f 3241 3222 3078
f 3241 3078 3093
f 3241 3093 3220
f 3220 3093 3281
f 3299 3241 3259
f 3299 3259 3289
f 3241 3220 3267
f 3241 3267 3259
f 3267 3220 3281
f 3289 3259 3209
f 3289 3209 3229
f 3259 3267 3292
f 3292 3267 3281
f 3259 3292 3209
f 3229 3209 3239
f 3229 3239 3251
f 3209 3292 3274
f 3292 3281 3306
f 3292 3306 3274
f 3209 3274 3195
f 3209 3195 3239
f 3274 3306 3219
f 3274 3219 3195
f 3306 3281 3297
f 3306 3297 3219
f 3297 3281 3269
f 3269 3281 3151
f 3269 3151 3189
f 3269 3189 3324
f 3269 3324 3297
f 3324 3189 3261
f 3219 3297 3334
f 3334 3297 3324
f 3219 3334 3159
f 3219 3159 3195
f 3334 3324 3319
f 3195 3159 3184
f 3324 3261 3313
f 3324 3313 3319
f 3313 3261 3260
f 3260 3261 3120
f 3276 3159 3334
f 3276 3334 3319
f 3159 3276 3140
f 3159 3140 3184
f 3195 3184 3239
f 3326 3319 3313
f 3285 3313 3260
f 3313 3285 3326
f 3285 3260 3203
f 3203 3260 3132
f 3326 3285 3295
f 3285 3203 3283
f 3285 3283 3295
f 3283 3203 3207
f 3207 3203 3085
f 3295 3283 3291
f 3291 3283 3207
f 3326 3295 3300
f 3300 3295 3291
f 3207 3085 3129
f 3129 3085 3064
f 3291 3207 3214
f 3214 3207 3129
f 3129 3064 3012
f 3129 3012 3037
f 3037 3012 2924
f 3129 3037 3069
f 3129 3069 3214
f 3291 3214 3255
f 3291 3255 3300
f 3214 3069 3119
f 3255 3214 3139
f 3139 3214 3119
f 3255 3139 3114
f 3255 3114 3300
f 3139 3119 2981
f 3003 3069 3037
f 3139 2981 3011
f 3139 3011 3114
f 3026 3119 3069
f 3026 3069 3003
f 2981 3119 2997
f 2997 3119 3026
f 2981 2997 2818
f 2981 2818 3011
f 2997 3026 2853
f 2853 3026 3003
f 2997 2853 2818
f 2980 3003 3037
f 2980 3037 2924
f 2853 3003 2814
f 2980 2924 2886
f 2886 2924 2847
f 3003 2980 2905
f 3003 2905 2814
f 2980 2886 2925
f 2980 2925 2905
f 2886 2847 2841
f 2841 2847 2782
f 2925 2886 2857
f 2857 2886 2841
f 2841 2782 2839
f 2841 2839 2857
f 2839 2782 2804
f 2839 2804 2842
f 2839 2842 2857
f 2842 2804 2799
f 2842 2799 2753
f 2842 2753 2710
f 2710 2753 2671
f 2857 2842 2832
f 2832 2842 2710
f 2710 2671 2627
f 2857 2832 2871
f 2857 2871 2925
f 2925 2871 2905
f 2871 2832 2811
f 2811 2832 2710
f 2905 2871 2815
f 2815 2871 2811
f 2905 2815 2814
f 2811 2710 2733
f 2811 2733 2815
f 2815 2733 2814
f 2733 2710 2627
f 2814 2733 2743
f 2814 2743 2853
f 2733 2627 2552
f 2733 2552 2743
f 2552 2627 2448
f 2853 2743 2818
f 2552 2448 2435
f 2743 2552 2635
f 2635 2552 2435
f 2743 2635 2818
f 2635 2435 2626
f 2635 2626 2818
f 2626 2435 2527
f 2527 2435 2279
f 2626 2527 2621
f 2818 2626 2701
f 2701 2626 2621
f 2701 2621 2677
f 2818 2701 3011
f 2701 2677 2776
f 3011 2701 2951
f 2951 2701 2776
f 2776 2677 2779
f 2779 2677 2748
f 2951 2776 2974
f 2974 2776 2779
f 2779 2748 2906
f 2779 2906 2974
f 2906 2748 2866
f 2906 2866 2931
f 2951 2974 3117
f 3117 2974 2906
f 2951 3117 3011
f 2906 2931 3029
f 2906 3029 3117
f 3029 2931 2946
f 3011 3117 3140
f 3011 3140 3114
f 3140 3117 3184
f 3184 3117 3142
f 3142 3117 3029
f 3184 3142 3239
f 3114 3140 3111
f 3111 3140 3276
f 3114 3111 3202
f 3114 3202 3300
f 3111 3276 3245
f 3111 3245 3202
f 3245 3276 3319
f 3300 3202 3294
f 3294 3202 3245
f 3294 3245 3319
f 3300 3294 3326
f 3326 3294 3319
f 3160 3239 3142
f 3239 3160 3246
f 3239 3246 3251
f 3251 3246 3201
f 3201 3246 3192
f 3192 3246 3160
f 3201 3192 3221
f 3221 3192 3143
f 3143 3192 3160
f 3221 3143 3076
f 3050 3160 3142
f 3050 3142 3029
f 3143 3160 3031
f 3143 3031 3076
f 3160 3050 3044
f 3160 3044 3031
f 3050 3029 3016
f 3050 3016 3044
f 3016 3029 2946
f 3031 3044 2962
f 2962 3044 3016
f 3031 2962 3076
f 2962 3016 2946
f 3076 2962 2929
f 2962 2946 2885
f 2962 2885 2929
f 7364 7392 7396
f 7392 7364 7403
f 6669 7364 7012
f 7364 6669 7403
f 7392 7403 7447
f 7392 7447 7436
f 7436 7447 7470
f 7470 7447 7475
f 7447 7403 7424
f 7447 7424 7475
f 7424 7403 7397
f 7397 7403 6669
f 7475 7424 7465
f 7485 7475 7480
f 7480 7475 7465
f 7480 7465 7481
f 7465 7424 7438
f 7438 7424 7397
f 7481 7465 7473
f 7473 7465 7438
f 7481 7473 7482
f 7481 7482 7478
f 7482 7473 7459
f 7459 7473 7438
f 7438 7397 7402
f 7402 7397 6669
f 7459 7438 7433
f 7482 7459 7464
f 7482 7464 7477
f 7477 7464 7434
f 7464 7459 7420
f 7420 7459 7433
f 7434 7464 7416
f 7416 7464 7420
f 7434 7416 7345
f 7427 7433 7438
f 7427 7438 7402
f 7420 7433 7422
f 7422 7433 7427
f 7427 7402 7405
f 7427 7405 7422
f 7405 7402 7382
f 7420 7422 7388
f 7382 7402 7050
f 7050 7402 6669
f 7422 7405 7401
f 7422 7401 7388
f 7405 7382 7380
f 7405 7380 7401
f 7382 7050 7304
f 7382 7304 7380
s 0
f 7050 6669 5328
s 1
f 5328 6669 4827
f 5328 4827 3765
f 7050 5328 6619
f 7050 6619 7304
f 7348 7401 7380
f 7401 7348 7388
f 7287 7380 7304
f 7380 7287 7348
f 7287 7304 7181
f 7181 7304 6619
f 7348 7287 7195
f 7388 7348 7240
f 7240 7348 7195
s 0
f 7388 7240 7297
s 1
f 7388 7297 7420
f 7420 7297 7416
f 7287 7181 7188
f 7287 7188 7195
f 7416 7297 7211
f 7416 7211 7345
s 0
f 7297 7240 7179
f 7297 7179 7211
s 1
f 7049 7240 7195
f 7240 7049 7179
f 7345 7211 7101
f 7345 7101 7227
f 7227 7101 7048
s 0
f 7101 7211 6962
f 6962 7211 7179
f 7048 7101 6880
f 6880 7101 6962
s 1
f 7048 6880 6803
f 6962 7179 6941
f 6941 7179 7049
f 6880 6962 6807
f 6807 6962 6941
f 6803 6880 6705
f 6705 6880 6807
f 6803 6705 6571
f 6705 6807 6556
f 6705 6556 6571
f 6807 6941 6791
f 6807 6791 6556
f 6938 6941 7049
f 6941 6938 6791
f 6938 7049 7195
f 6556 6791 6618
f 6938 7195 7107
f 7107 7195 7188
f 6791 6938 6733
f 6791 6733 6618
f 6733 6938 6853
f 6938 7107 6932
f 6938 6932 6853
f 7107 7188 7014
f 6853 6932 6764
f 6853 6764 6733
f 6932 7107 6855
f 6855 7107 7014
f 6932 6855 6764
f 7014 7188 7181
f 6733 6764 6616
f 6733 6616 6618
f 7014 7181 6957
f 6957 7181 6619
f 7014 6957 6892
f 7014 6892 6855
f 6957 6619 6692
f 6957 6692 6892
f 6855 6892 6756
f 6855 6756 6777
f 6855 6777 6764
f 6756 6892 6560
f 6560 6892 6692
f 6777 6756 6471
f 6471 6756 6560
f 6764 6777 6575
f 6575 6777 6471
f 6764 6575 6616
f 6575 6471 6465
f 6575 6465 6616
f 6471 6560 6319
f 6471 6319 6465
f 6350 6560 6692
f 6560 6350 6319
f 6350 6692 6294
f 6294 6692 6475
f 6475 6692 6619
f 6350 6294 6035
f 6350 6035 6319
f 6294 6475 6018
f 6294 6018 6035
f 6475 6619 5668
f 5668 6619 5328
f 5668 5328 4624
f 5668 4624 5178
f 6475 5668 5494
s 0
f 5494 5668 5178
s 1
f 6475 5494 6018
f 5494 5178 4298
f 6018 5494 5550
f 5550 5494 4771
f 5550 4771 5265
f 6018 5550 5753
f 6018 5753 6035
f 5550 5265 5309
f 5550 5309 5753
f 5309 5265 4974
f 5309 4974 4860
f 5753 5309 5554
f 6035 5753 5962
f 6035 5962 6319
f 5753 5554 5642
f 5753 5642 5962
f 5554 5309 5308
f 5554 5308 5642
f 5309 4860 5110
f 5309 5110 5308
f 5110 4860 4884
f 5110 4884 5086
f 5110 5086 5308
f 5086 4884 4773
f 5642 5308 5393
f 5393 5308 5086
f 5086 4773 5026
f 5026 4773 4819
f 5393 5086 5236
f 5236 5086 5026
f 5026 4819 5062
f 5026 5062 5236
f 5393 5236 5381
f 5381 5236 5062
f 5507 5642 5393
f 5507 5393 5381
f 5642 5507 5953
f 5642 5953 5962
f 5962 5953 6319
f 5953 5507 5497
f 5497 5507 5381
f 6319 5953 6002
f 6002 5953 5497
f 6319 6002 6465
f 5497 5381 5303
f 5303 5381 5062
f 6002 5497 5856
f 6465 6002 6259
f 6259 6002 5856
f 6465 6259 6616
f 6616 6259 6464
f 6616 6464 6618
f 6464 6259 6360
f 6360 6259 5856
f 6618 6464 6387
f 6387 6464 6360
f 6618 6387 6556
f 6360 5856 5947
f 6360 5947 6387
f 5399 5856 5497
f 5399 5497 5303
f 5947 5856 5546
f 5546 5856 5399
f 6387 5947 5917
f 5917 5947 5546
f 6367 6556 6387
f 6367 6387 5917
f 6556 6367 6571
f 5007 5399 5303
f 5007 5303 5062
f 5224 5546 5399
f 5224 5399 5007
f 5477 5917 5546
f 5477 5546 5224
f 5007 5062 4857
f 4857 5062 4819
f 4857 4819 4571
f 4857 4571 4646
f 4646 4571 4424
f 4646 4424 4515
f 4857 4646 4801
f 4857 4801 5007
f 4646 4515 4722
f 4646 4722 4801
f 5007 4801 5072
f 5007 5072 5224
f 5072 4801 4885
f 4885 4801 4722
f 5224 5072 5358
f 5224 5358 5477
f 5072 4885 5022
f 5022 4885 4722
f 5072 5022 5358
f 5022 4722 4670
s 0
f 4481 4722 4515
s 1
f 4722 4481 4670
f 4481 4515 4361
f 4481 4361 4230
f 4481 4230 4422
f 4481 4422 4670
f 4670 4422 4506
f 4670 4506 4726
f 5107 5022 4670
f 5107 4670 4726
f 5022 5107 5358
f 5107 4726 5028
f 5107 5028 5296
f 5107 5296 5358
f 5358 5296 5485
f 5358 5485 5614
f 5358 5614 5477
f 5477 5614 5917
f 5614 5485 5995
f 5995 5485 5868
f 5917 5614 6005
f 6005 5614 5995
f 5917 6005 6367
f 5995 5868 6363
f 6367 6005 6352
f 6352 6005 5995
f 6367 6352 6571
f 6352 5995 6381
f 6352 6381 6571
f 6381 5995 6363
f 6571 6381 6558
f 6558 6381 6363
f 6558 6363 6595
f 6571 6558 6803
f 6803 6558 6757
f 6812 6521 6707
f 6521 6812 6595
f 6707 6521 6378
f 6521 6595 6316
f 6316 6595 6363
f 6521 6316 6217
f 6521 6217 6378
f 6316 6363 5935
f 6316 5935 6217
f 5935 6363 5868
f 6217 5935 5948
f 6217 5948 6378
f 5935 5868 5547
f 5935 5547 5948
f 5547 5868 5485
f 6378 5948 5882
f 5547 5485 5334
f 5334 5485 5296
f 5948 5547 5700
f 5700 5547 5334
f 5948 5700 5882
f 5334 5296 5200
f 5334 5200 5700
f 5200 5296 5028
f 5700 5200 5460
f 5700 5460 5882
f 5200 5028 4893
f 4893 5028 4726
f 4893 4726 4506
f 5200 4893 5127
f 5200 5127 5460
f 4893 4506 4815
f 4893 4815 5127
f 4815 4506 4534
f 4534 4506 4422
f 4534 4422 4119
f 4534 4119 4397
f 4815 4534 4939
f 4939 4534 4397
f 5127 4815 5089
f 5089 4815 4939
f 5127 5089 5293
f 5127 5293 5460
f 5089 4939 5137
f 5089 5137 5293
f 4939 4397 4652
f 5460 5293 5592
f 5460 5592 5882
f 4939 4652 4944
f 4939 4944 5137
f 4652 4397 4370
f 4370 4397 3931
f 4652 4370 4740
f 4652 4740 4944
f 4740 4370 4358
f 4358 4370 4010
f 4358 4010 4214
f 4358 4214 4740
f 3861 4177 4214
f 4740 4214 4505
f 4505 4214 4177
f 4740 4505 4755
f 4740 4755 4944
f 4505 4177 4635
f 4505 4635 4755
f 4635 4177 4113
f 4944 4755 4828
f 4828 4755 4635
f 4944 4828 5016
f 4635 4113 4354
f 4944 5016 5137
f 4828 4635 4866
f 4828 4866 5016
f 4635 4354 4337
f 4635 4337 4866
f 4354 4113 4053
f 4354 4053 4337
f 4053 4113 3772
f 4337 4053 4168
f 4168 4053 3776
f 4168 3776 3930
f 4337 4168 4622
f 4337 4622 4866
f 4168 3930 4260
f 4168 4260 4622
f 4260 3930 4087
f 4866 4622 4843
f 4622 4260 4518
f 4622 4518 4843
f 4518 4260 4373
f 4373 4260 4087
f 4843 4518 4793
f 4866 4843 5045
f 4866 5045 5016
f 5045 4843 5071
f 5071 4843 4793
f 5016 5045 5307
f 5016 5307 5137
f 5045 5071 5287
f 5045 5287 5307
f 4716 4793 4518
f 4716 4518 4373
f 5071 4793 5097
f 5287 5071 5282
f 5282 5071 5097
f 5097 4793 4998
f 4998 4793 4716
f 5282 5097 5234
f 5234 5097 4998
f 5287 5282 5533
f 5533 5282 5454
f 5287 5533 5576
s 0
f 5287 5576 5307
s 1
f 5576 5533 5768
f 5768 5533 5806
f 5307 5576 5445
f 5768 5806 5975
f 5975 5806 5999
f 5975 5999 6191
f 5576 5768 5758
f 5758 5768 5975
f 5576 5758 5445
f 5975 6191 6061
f 5975 6061 5758
f 6061 6191 6408
f 6408 6191 6420
f 6408 6420 6658
f 5758 6061 5765
f 5758 5765 5445
f 6408 6658 6309
f 6309 6658 6786
f 6061 6408 6219
f 6061 6219 5765
f 6219 6408 6309
f 6309 6786 6738
f 5765 6219 5853
f 5765 5853 5445
f 6219 6309 6155
f 6219 6155 5853
f 7017 6707 6738
f 6738 6707 6378
f 6309 6738 6268
f 6268 6738 6378
f 6309 6268 6155
f 6268 6378 5882
f 6268 5882 5979
f 6268 5979 6155
f 5979 5882 5592
f 6155 5979 5675
f 5675 5979 5592
f 6155 5675 5853
f 5675 5592 5293
f 5853 5675 5501
f 5501 5675 5293
f 5853 5501 5445
f 5501 5293 5137
f 5445 5501 5307
f 5307 5501 5137
f 6634 6724 6421
f 6634 6421 6489
f 6634 6489 6425
f 6425 6489 6233
f 6233 6489 6421
f 6233 6421 6249
f 6249 6421 6335
f 6335 6421 6724
f 6249 6335 5941
f 6335 6724 6474
f 6474 6724 6784
f 5941 6335 6044
f 5941 6044 5883
f 6335 6474 6241
f 6335 6241 6044
f 5883 6044 6046
f 6046 6044 6241
f 5883 6046 5699
f 5883 5699 5723
f 6046 6241 6216
f 5699 6046 5852
f 5852 6046 6216
f 5699 5852 5589
f 5699 5589 5234
f 5589 5852 5655
f 5589 5655 5234
f 5282 5234 5454
f 5454 5234 5655
f 6287 6216 6241
f 6287 6241 6474
f 5857 5852 6216
f 5852 5857 5655
f 6287 6474 6542
f 6542 6474 6784
f 6287 6542 6506
f 6542 6784 6735
f 6735 6784 6943
f 6542 6735 6660
f 6542 6660 6506
f 6735 6943 6797
f 6735 6797 6660
f 6797 6943 6897
f 6660 6797 6670
f 6660 6670 6506
f 6797 6897 6821
f 6797 6821 6670
f 6821 6897 6931
f 6670 6821 6794
f 6821 6931 6891
f 6821 6891 6794
f 6891 6931 6981
f 6891 6981 7020
f 6606 6506 6670
f 6606 6670 6794
f 6794 6891 6896
f 6896 6891 7020
f 6794 6896 6879
f 6896 7020 6979
f 6896 6979 6879
f 6979 7020 7059
f 6979 7059 7006
f 6979 7006 6879
f 7006 7059 7129
f 7006 7129 7065
f 7006 7065 6966
f 7006 6966 6879
f 6966 7065 7094
f 6966 7094 6912
f 6966 6912 6879
f 6912 7094 7112
f 6912 7112 6850
f 6879 6912 6789
f 6879 6789 6794
f 6794 6789 6606
f 6789 6912 6780
f 6780 6912 6850
f 6606 6789 6586
f 6586 6789 6780
f 6606 6586 6506
f 6780 6850 6820
f 6820 6850 7084
f 6820 7084 6928
f 6780 6820 6723
f 6723 6820 6928
f 6586 6780 6574
f 6574 6780 6723
f 6374 6506 6586
f 6506 6374 6287
f 6586 6574 6454
f 6586 6454 6374
f 6287 6374 6216
f 6734 6723 6928
f 6734 6928 6940
f 6734 6940 6624
f 6723 6734 6525
f 6525 6734 6624
f 6851 6658 6624
f 6624 6658 6420
f 6624 6420 6525
f 6525 6420 6310
f 6310 6420 6191
f 6723 6525 6441
f 6441 6525 6310
f 6723 6441 6574
f 6310 6191 5999
f 6574 6441 6362
f 6574 6362 6454
f 6441 6310 6209
f 6441 6209 6362
f 6310 5999 6074
f 6310 6074 6209
f 6362 6209 6258
f 6362 6258 6454
f 6258 6209 6074
f 6454 6258 6372
f 6454 6372 6374
f 6372 6258 6124
f 6372 6124 6374
f 6124 6258 6074
f 6374 6124 6088
f 6374 6088 6216
f 6216 6088 5857
f 6088 6124 5937
f 6088 5937 5857
f 5937 6124 6074
f 5857 5937 5655
f 5937 6074 5954
f 5937 5954 5655
f 5954 6074 5999
f 5655 5954 5691
f 5691 5954 5999
f 5655 5691 5454
f 5691 5999 5806
f 5454 5691 5533
f 5533 5691 5806
f 3808 4137 3959
f 4137 3808 3848
f 3959 4137 4250
f 3959 4250 3999
f 4137 3848 4081
f 4081 3848 3923
f 4250 4137 4392
f 4392 4137 4081
f 3999 4250 4402
f 4081 3923 4206
f 4081 4206 4392
f 4250 4392 4464
f 4250 4464 4402
f 4465 4048 4402
f 4465 4402 4591
f 4591 4402 4464
f 4465 4591 4692
f 4591 4464 4719
f 4591 4719 4692
f 4705 4464 4392
f 4719 4464 4776
f 4776 4464 4705
f 4692 4719 4905
f 4692 4905 4795
f 4795 4905 4931
f 4931 4905 5052
f 4905 4719 4977
f 4905 4977 5052
f 4977 4719 4776
f 5052 4977 5146
f 4977 4776 5019
f 5019 4776 4705
f 5146 4977 5225
f 5225 4977 5019
f 5146 5225 5335
f 5146 5335 5431
f 5431 5335 5633
f 5335 5225 5434
f 5335 5434 5633
f 5225 5019 4996
f 4996 5019 4705
f 5434 5225 5344
f 5344 5225 4996
f 5633 5434 5570
f 5570 5434 5344
f 5633 5570 5726
f 5633 5726 5707
f 5707 5726 5786
f 5786 5726 5774
f 5726 5570 5676
f 5726 5676 5774
f 5570 5344 5389
f 5774 5676 5819
f 5774 5819 5831
f 5676 5570 5575
f 5676 5575 5819
f 5575 5570 5389
f 5819 5575 5574
f 5574 5575 5389
f 5819 5574 5846
f 5114 5389 5344
f 5114 5344 4996
f 5114 4996 4869
f 4869 4996 4705
f 5389 5114 5219
f 5114 4869 4937
f 5114 4937 5219
f 4869 4705 4514
f 4937 4869 4713
f 4713 4869 4514
f 5389 5219 5449
f 5389 5449 5574
f 5219 4937 4951
f 4937 4713 4546
f 4937 4546 4951
f 5449 5219 5239
f 5239 5219 4951
f 5574 5449 5585
f 5449 5239 5395
f 5449 5395 5585
f 5239 4951 5118
f 5239 5118 5395
f 5118 4951 4810
f 4810 4951 4546
f 5395 5118 5213
f 5118 4810 4971
f 5118 4971 5213
f 5395 5213 5411
f 5395 5411 5585
f 5213 4971 5066
f 5411 5213 5294
f 5294 5213 5066
f 4971 4810 4516
f 4516 4810 4546
f 4971 4516 4766
f 4971 4766 5066
f 4516 4546 4364
f 4766 4516 4643
f 4643 4516 4364
f 4766 4643 4948
f 4766 4948 5066
f 4643 4364 4426
f 4948 4643 4777
f 4777 4643 4426
f 4426 4364 4241
f 4311 4364 4546
f 4364 4311 4241
f 4311 4546 4393
f 4393 4546 4713
f 4241 4311 4170
f 4170 4311 4393
f 4393 4713 4514
f 4241 4170 4066
f 4170 4393 4076
f 4066 4170 3932
f 3932 4170 4076
f 4393 4514 4234
f 4393 4234 4076
f 4234 4514 4350
f 4076 4234 4091
f 4091 4234 4350
f 4350 4514 4529
f 4529 4514 4705
f 4529 4705 4392
f 4529 4392 4206
f 4529 4206 4350
f 4350 4206 4091
f 4091 4206 3991
f 3991 4206 3923
f 3991 3923 3810
f 4091 3991 3859
f 3859 3991 3810
f 4091 3859 4076
f 3859 3810 3685
f 3859 3685 14
f 4076 3859 3700
f 3700 3859 14
f 4076 3700 3932
f 3700 14 70
f 3700 70 3655
f 3700 3655 3932
f 3655 70 151
s 0
f 3655 151 38
s 1
f 3932 3655 3713
f 3713 3655 38
f 3932 3713 4066
f 3713 38 47
f 47 38 282
f 4066 3713 4084
f 4066 4084 4241
f 3713 47 3821
f 3713 3821 4084
f 3821 47 3538
f 3538 47 287
f 4084 3821 4096
f 4241 4084 4280
f 4280 4084 4096
f 4241 4280 4426
f 4096 3821 3800
f 3800 3821 3538
f 4280 4096 4357
f 4426 4280 4651
f 4651 4280 4357
f 4426 4651 4777
f 4096 3800 4067
f 4096 4067 4357
f 3800 3538 3775
f 3800 3775 4067
f 350 3538 548
f 4777 4651 5041
f 3538 350 146
f 3538 146 3775
f 4772 4651 4357
f 4651 4772 5041
f 307 350 392
f 350 307 146
f 316 307 646
f 307 316 262
f 307 262 205
f 307 205 146
f 205 262 178
f 205 178 91
f 146 205 59
f 59 205 91
f 59 91 25
f 25 91 3571
f 3571 91 3619
f 3571 3619 3706
f 25 3571 3608
f 25 3608 59
f 3571 3706 3737
f 3571 3737 3608
f 3737 3706 3850
f 3850 3706 4007
f 3608 3737 3811
f 3811 3737 3850
f 59 3608 3746
f 3746 3608 3811
f 3811 3850 4116
f 4116 3850 4181
f 3811 4116 3941
f 3811 3941 3746
f 3746 3941 3843
f 59 3746 3625
f 59 3625 146
f 3746 3843 3725
f 3746 3725 3625
f 3725 3843 4016
f 146 3625 3715
f 3715 3625 3725
f 3715 3725 4016
f 146 3715 3775
f 3715 4016 4083
f 3775 3715 4123
f 4123 3715 4083
f 3775 4123 4067
f 4123 4083 4160
f 4067 4123 4286
f 4286 4123 4160
f 4067 4286 4357
f 4357 4286 4572
f 4286 4160 4434
f 4434 4160 4326
f 4286 4434 4572
f 4458 4528 4434
f 4434 4528 4572
f 4357 4572 4772
f 4572 4528 4600
f 4600 4528 4530
f 4572 4600 4694
f 4572 4694 4772
f 4694 4600 4684
f 4772 4694 4830
f 4830 4694 4684
f 4830 4684 4765
f 4765 4684 4764
f 4772 4830 5025
f 4765 4764 4892
f 4765 4892 4830
f 4892 4764 4848
f 4830 4892 4976
f 4830 4976 5025
f 4976 4892 5015
f 5015 4892 5002
f 4976 5015 5079
f 5079 5015 5080
f 4976 5079 5025
f 4772 5025 5041
f 5025 5079 5133
f 5133 5079 5202
f 5041 5025 5138
f 5138 5025 5133
f 5041 5138 5262
f 5138 5133 5226
f 5138 5226 5262
f 5226 5133 5201
f 5226 5201 5330
f 5226 5330 5369
f 5226 5369 5262
f 5041 5262 5249
f 5041 5249 4777
f 4777 5249 4948
f 4948 5249 5186
f 4948 5186 5066
f 5186 5249 5400
f 5066 5186 5295
f 5295 5186 5400
f 5066 5295 5294
f 5295 5400 5529
f 5529 5400 5667
f 5529 5667 5803
f 5529 5803 5622
f 5295 5529 5459
f 5459 5529 5622
f 5295 5459 5294
f 5459 5622 5628
f 5628 5622 5784
f 5294 5459 5518
f 5518 5459 5628
f 5294 5518 5411
f 5628 5784 5744
f 5628 5744 5518
f 5411 5518 5653
f 5653 5518 5744
f 5411 5653 5585
f 5653 5744 5928
f 5928 5744 5903
f 5653 5928 5729
f 5653 5729 5585
f 5585 5729 5574
f 5574 5729 5759
f 5574 5759 5846
f 5846 5759 5863
f 5863 5759 5822
f 5822 5759 5729
f 5822 5729 5968
f 3765 4624 5328
s 0
f 4624 3765 3629
s 1
f 4624 3629 5178
s 0
f 3629 3765 940
s 1
f 940 3765 1468
f 940 1468 1480
f 940 1480 1495
f 940 1495 1560
f 5178 3629 4298
f 940 1560 693
s 0
f 940 693 3629
s 1
f 3629 693 4298
f 693 1560 1575
f 4298 693 29
f 693 1575 793
f 693 793 29
f 793 1575 1503
f 1503 1575 1618
f 1503 1618 1735
f 1503 1735 1698
f 1503 1698 1493
f 1503 1493 1333
f 793 1503 1311
f 1311 1503 1333
f 793 1311 551
f 793 551 29
f 551 1311 1254
f 1254 1311 1333
f 29 551 251
f 4143 4298 29
s 0
f 4143 29 251
f 251 551 781
s 1
f 781 551 1254
f 4143 251 3604
f 4298 4143 4771
f 4298 4771 5494
f 4771 4143 4574
f 251 781 463
f 251 463 3604
f 463 781 557
f 4143 3604 4278
f 4143 4278 4574
f 4771 4574 4763
f 4771 4763 5265
f 5265 4763 4974
f 4974 4763 4664
f 4664 4763 4574
f 4974 4664 4860
f 4574 4278 4430
f 4574 4430 4664
f 4860 4664 4610
f 4610 4664 4430
f 4860 4610 4884
f 4884 4610 4773
f 4430 4278 3988
f 3988 4278 3604
f 4610 4430 4115
f 4115 4430 3988
f 4773 4610 4432
f 4432 4610 4115
f 4773 4432 4596
f 4773 4596 4819
f 4819 4596 4571
f 4571 4596 4374
f 4571 4374 4424
f 4596 4432 4362
f 4432 4115 4205
f 4432 4205 4362
f 4596 4362 4142
f 4596 4142 4374
f 4362 4205 4097
f 4362 4097 4142
f 4205 4115 3964
f 4205 3964 4097
f 3964 4115 3988
f 4065 4424 4374
f 4065 4374 4142
f 4361 4515 4424
f 4361 4424 4200
f 4200 4424 4065
f 4361 4200 4230
f 4065 4142 3877
f 3877 4142 4097
f 4200 4065 3944
f 4065 3877 3879
f 4065 3879 3944
f 3877 4097 3844
f 3844 4097 3964
f 3879 3877 3672
f 3672 3877 3844
f 3844 3964 3755
f 3755 3964 3988
f 3755 3988 3604
f 3844 3755 3588
f 3844 3588 3672
f 3755 3604 89
f 3755 89 3588
f 3588 89 3672
f 89 3604 463
f 89 463 305
f 305 463 557
f 89 305 293
f 293 305 557
f 3672 89 130
f 130 89 293
f 3672 130 69
f 130 293 344
f 130 344 69
f 293 557 585
f 293 585 344
f 3672 69 3709
f 3672 3709 3879
f 3879 3709 3944
f 3709 69 3
f 3709 3 3944
f 278 69 344
f 69 278 3
f 649 344 585
f 344 649 278
f 649 585 787
f 787 585 557
f 278 649 465
f 278 465 3
f 649 787 743
f 649 743 465
f 787 557 849
f 849 557 781
f 849 781 964
f 964 781 1254
f 787 849 1010
f 1010 849 964
f 854 743 787
f 854 787 1010
f 1010 964 1143
f 854 1010 1123
f 1123 1010 1143
f 1243 964 1254
f 964 1243 1143
f 1123 1143 1317
f 1243 1254 1268
f 1143 1243 1363
f 1143 1363 1317
f 1363 1243 1268
f 1268 1254 1333
f 1317 1363 1180
f 1317 1180 1123
f 1180 1363 1268
f 1268 1333 1218
f 1268 1218 1180
f 1218 1333 1287
f 1287 1333 1328
f 1287 1328 1166
f 1287 1166 1218
f 1166 1328 1126
f 1180 1218 1107
f 1014 1123 1180
f 1014 1180 1107
f 1123 1014 854
f 1218 1166 1105
f 1218 1105 1107
f 1166 1126 1052
f 1166 1052 1105
f 1052 1126 968
f 968 1126 962
f 1105 1052 1072
f 1072 1052 968
f 1107 1105 1109
f 1109 1105 1072
f 1072 968 912
f 1072 912 1109
f 968 962 674
f 674 962 676
f 912 968 692
f 692 968 674
f 1109 912 982
f 1109 982 1107
f 982 912 819
f 819 912 692
f 1107 982 927
f 927 982 819
f 1107 927 1014
f 1014 927 814
f 814 927 819
f 1014 814 854
f 854 814 743
f 814 819 711
f 814 711 743
f 711 819 692
f 743 711 465
f 711 692 449
f 711 449 465
f 449 692 394
f 394 692 674
f 465 449 61
f 465 61 3
f 3 61 3871
f 3 3871 3944
f 394 674 555
f 555 674 676
f 3944 3871 4050
f 3944 4050 4200
f 4200 4050 4230
f 4050 3871 3820
f 3820 3871 61
f 4230 4050 4033
f 4033 4050 3820
f 4230 4033 4034
f 4230 4034 4422
f 4422 4034 4119
f 3820 61 3533
f 4033 3820 3865
f 4033 3865 4034
f 3865 3820 3533
f 3533 61 449
f 4034 3865 3681
f 3533 449 212
f 212 449 394
f 3865 3533 3554
f 3554 3533 212
f 3865 3554 3681
f 212 394 371
f 371 394 555
f 3554 212 125
f 125 212 371
f 3554 125 34
f 3554 34 3681
f 125 371 412
f 412 371 555
f 34 125 192
f 192 125 412
f 3681 34 154
f 34 192 242
f 34 242 154
f 412 555 515
f 515 555 676
f 515 676 661
f 412 515 356
f 412 356 192
f 515 661 629
f 515 629 356
f 192 356 409
f 192 409 242
f 409 356 629
f 242 409 464
f 464 409 629
f 629 661 874
f 242 464 408
f 242 408 154
f 874 661 709
f 154 408 193
f 629 874 889
f 464 629 798
f 798 629 889
f 408 464 860
f 860 464 798
f 798 889 997
f 997 889 874
f 798 997 860
f 521 193 408
f 521 408 860
f 997 874 1181
f 1181 874 978
f 978 874 709
f 997 1181 1269
f 1181 978 1188
f 1181 1188 1269
f 978 709 848
f 978 848 1188
f 848 709 824
f 848 824 999
f 848 999 1188
f 1188 999 1183
f 1188 1183 1372
f 1188 1372 1269
f 1372 1183 1342
f 1372 1342 1517
f 1269 1372 1344
f 1094 997 1269
f 1094 1269 1344
f 1372 1517 1438
f 1372 1438 1344
f 1438 1517 1513
f 1513 1517 1782
f 1344 1438 1507
f 1513 1782 1855
f 1855 1782 2005
f 1438 1513 1545
f 1545 1513 1855
f 1438 1545 1507
f 1545 1855 1810
f 1545 1810 1507
f 1810 1855 1894
f 1810 1894 1836
f 1836 1894 1909
f 1507 1810 1705
f 1705 1810 1836
f 1836 1909 1781
f 1836 1781 1705
f 1781 1909 1828
f 1781 1828 1815
f 1705 1781 1643
f 1705 1643 1507
f 1781 1815 1556
f 1781 1556 1643
f 1556 1815 1524
f 1524 1815 1819
f 1556 1524 1428
f 1556 1428 1643
f 1428 1524 1309
f 1449 1507 1643
f 1507 1449 1344
f 1643 1428 1170
f 1643 1170 1449
f 1344 1449 1211
f 1211 1449 1170
f 1344 1211 1094
f 1214 1428 1309
f 1214 1309 1028
f 1170 1428 1182
f 1182 1428 1214
f 1211 1170 1013
f 1013 1170 1182
f 1211 1013 1094
f 1182 1214 983
f 1182 983 1013
f 983 1214 1028
f 1013 983 846
f 846 983 1028
f 1013 846 1094
f 846 1028 949
f 1094 846 905
f 949 1028 1118
f 1094 905 860
f 1094 860 997
f 905 846 662
f 905 662 860
f 662 846 650
f 650 846 949
f 860 662 586
f 860 586 521
f 521 586 193
f 586 662 475
f 475 662 650
f 193 586 318
f 318 586 475
f 650 949 708
f 193 318 1
f 318 475 57
f 318 57 1
f 475 650 485
f 57 475 228
f 228 475 485
f 650 708 561
f 650 561 485
f 856 708 949
f 708 856 561
f 856 949 1108
f 1108 949 1118
f 228 485 390
f 390 485 561
f 561 856 986
f 986 856 1108
f 561 986 897
f 390 561 636
f 636 561 897
f 228 390 142
f 228 142 3618
f 228 3618 57
f 142 390 377
f 377 390 636
f 142 377 3653
f 142 3653 3618
f 377 636 790
f 790 636 897
f 3653 377 263
f 263 377 790
f 3653 263 3861
f 3618 3653 3760
f 3760 3653 3861
f 3674 57 3618
f 57 3674 1
f 3618 3760 3883
f 3618 3883 3674
f 3883 3760 4010
f 4010 3760 3861
f 4010 3861 4214
f 3883 4010 4029
f 3883 4029 3674
f 4029 4010 4370
f 4029 4370 3931
f 3674 4029 3759
f 3759 4029 3931
f 3674 3759 1
f 4397 4119 3931
f 3931 4119 3873
f 3931 3873 3759
f 3873 4119 4034
f 3873 4034 3681
f 3759 3873 18
f 3759 18 1
f 18 3873 3681
f 1 18 193
f 18 3681 154
f 18 154 193
f 4692 4795 4710
f 4710 4795 4731
f 4710 4731 4561
f 4692 4710 4493
f 4710 4561 4594
f 4710 4594 4493
f 4594 4561 4376
f 4692 4493 4465
f 4594 4376 4416
f 4594 4416 4493
f 4416 4376 4005
f 4005 4376 3917
f 4416 4005 4220
f 4416 4220 4493
f 4493 4220 4465
f 4465 4220 4048
f 4048 4220 4061
f 3785 3999 4048
f 3785 4048 4061
f 3999 3785 3742
f 3999 3742 3840
f 3840 3742 3630
f 3630 3742 12
f 3630 12 95
f 12 3742 3657
f 3657 3742 3785
f 95 12 113
f 3670 3785 4061
f 3670 4061 4220
f 3670 4220 4005
f 12 3657 15
f 12 15 113
f 3657 3785 231
f 3657 231 15
f 3785 3670 36
f 3785 36 231
f 231 36 330
f 330 36 218
f 15 231 428
f 218 36 3663
f 3663 36 3670
f 3663 3670 4005
f 3663 4005 3917
f 3663 3917 166
f 166 3917 3846
f 15 428 194
f 15 194 113
f 194 428 367
f 194 367 370
f 370 367 616
f 113 194 187
f 187 194 370
f 113 187 95
f 187 370 295
f 95 187 260
f 260 187 295
f 4156 3786 3733
f 3786 4156 4158
f 3786 4158 4077
f 4156 3733 3600
f 4156 3600 3940
f 3733 3786 3563
f 3940 3600 3855
f 3600 3733 201
f 201 3733 3563
f 3786 4077 3728
f 3786 3728 3563
f 3728 4077 3756
f 3756 4077 3963
f 3563 3728 3540
f 3540 3728 3756
f 3563 3540 230
f 3563 230 201
f 3540 3756 109
f 3540 109 230
f 3756 3963 3693
f 3756 3693 109
f 3693 3963 4109
f 3693 4109 4000
f 230 109 345
f 230 345 201
f 109 3693 277
f 109 277 345
f 3693 4000 27
f 3693 27 277
f 345 277 543
f 201 345 497
f 497 345 543
f 201 497 420
f 201 420 3600
f 3600 420 83
f 3600 83 3855
f 3855 83 158
f 3855 158 76
f 3855 76 4040
f 4040 76 3798
f 3798 76 96
f 3798 96 3551
f 3798 3551 3836
f 3836 3551 3654
f 76 158 286
f 286 158 83
f 76 286 335
f 335 286 519
f 286 83 381
f 286 381 519
f 381 83 420
f 519 381 602
f 602 381 420
f 519 602 647
f 602 420 497
f 647 602 732
f 602 497 634
f 732 602 774
f 774 602 634
f 732 774 861
f 634 497 543
f 774 634 713
f 713 634 543
f 861 774 943
f 943 774 713
f 861 943 1224
f 861 1224 1270
f 943 713 1098
f 943 1098 1224
f 713 543 574
f 713 574 966
f 713 966 1098
f 574 543 383
f 383 543 277
f 383 277 27
f 574 383 416
f 383 27 239
f 383 239 416
f 574 416 786
f 574 786 966
f 786 416 600
f 600 416 239
f 966 786 1081
f 786 600 828
f 786 828 1081
f 828 600 689
f 600 239 404
f 600 404 689
f 966 1081 1253
f 404 239 32
f 966 1253 1192
f 966 1192 1098
f 1098 1192 1320
f 1320 1192 1253
f 1320 1253 1365
f 1098 1320 1314
f 1314 1320 1365
f 1365 1253 1282
f 1314 1365 1285
f 1282 1253 1215
f 1215 1253 1081
f 1282 1215 1240
f 1098 1314 1247
f 1098 1247 1224
f 1314 1285 1245
f 1314 1245 1247
f 1224 1247 1610
f 1224 1610 1694
f 1247 1245 1134
f 1245 1285 989
f 1245 989 1134
f 989 1285 1118
f 989 1118 1028
f 989 1028 1020
f 989 1020 1134
f 1020 1028 1309
f 1020 1309 1134
f 1380 1247 1134
f 1380 1134 1309
f 1247 1380 1610
f 1380 1309 1524
f 1380 1524 1610
f 1610 1524 1819
f 4048 3999 4402
f 3940 4291 4317
f 4291 3940 3855
f 3940 4317 4156
f 4291 3855 4040
f 4156 4317 4158
f 4291 4040 4107
f 4107 4040 3798
f 4107 3798 3836
f 4107 3836 4211
f 4291 4107 4336
f 4336 4107 4211
f 4336 4211 4303
f 4303 4211 4090
f 4291 4336 4498
f 4291 4498 4317
f 4336 4303 4517
f 4336 4517 4498
f 4517 4303 4377
f 4498 4517 4730
f 4317 4498 4565
f 4565 4498 4730
f 4467 4842 4517
f 4517 4842 4730
f 4317 4565 4433
f 4317 4433 4158
f 4565 4730 4582
f 4565 4582 4433
f 4158 4433 4141
f 4158 4141 4077
f 4077 4141 3963
f 3963 4141 4109
f 4141 4433 4346
f 4346 4433 4582
f 4109 4141 4288
f 4288 4141 4346
f 4346 4582 4522
f 4346 4522 4288
f 4522 4582 4720
f 4720 4582 4730
f 4288 4522 4363
f 4363 4522 4580
f 4580 4522 4720
f 4288 4363 4293
f 4154 4109 4288
f 4154 4288 4293
f 4109 4154 4000
f 4293 4363 4492
f 4492 4363 4580
f 4293 4492 4585
f 4585 4492 4580
f 4000 4154 4124
f 4000 4124 3905
f 4154 4293 4235
f 4154 4235 4124
f 4235 4293 4329
f 4329 4293 4585
f 4124 4235 4135
f 4124 4135 3997
f 4235 4329 4272
f 4235 4272 4135
f 4329 4585 4428
f 4329 4428 4272
f 3997 4135 4163
f 4163 4135 4272
f 3997 4163 4025
f 4272 4428 4405
f 4272 4405 4163
f 4025 4163 4412
f 4412 4163 4405
f 4025 4412 4144
f 4144 4412 4343
f 4144 4343 3978
f 3978 4343 4218
f 4343 4412 4656
f 4656 4412 4405
f 4656 4405 4511
f 4511 4405 4428
f 4343 4656 4531
f 4218 4343 4309
f 4309 4343 4531
f 4218 4309 4039
f 4218 4039 3774
f 4039 4309 4087
f 4039 4087 3777
f 4087 4309 4609
f 4609 4309 4531
f 4087 4609 4373
f 4825 4531 4656
f 4825 4656 4511
f 4531 4825 4964
f 4825 4511 4862
f 4825 4862 4964
f 4862 4511 4844
f 4844 4511 4685
f 4685 4511 4428
f 4862 4844 4989
f 4862 4989 4964
f 4685 4428 4585
f 4844 4685 4886
f 4844 4886 4989
f 4685 4585 4683
f 4683 4585 4580
f 4886 4685 4878
f 4878 4685 4683
f 4683 4580 4769
f 4683 4769 4878
f 4769 4580 4720
f 4886 4878 5068
f 4886 5068 4989
f 4878 4769 4940
f 4940 4769 4720
f 5068 4878 5269
f 5269 4878 4940
f 5068 5269 5259
f 5068 5259 4989
f 5269 4940 5205
f 4940 4720 4890
f 4940 4890 5205
f 5205 4890 5116
f 4890 4720 4730
f 4890 4730 4842
f 4890 4842 4930
f 5453 5259 5269
f 5453 5269 5664
f 5214 4989 5259
f 5214 5259 5453
f 5453 5664 5756
f 5756 5664 5839
f 5214 5453 5473
f 5473 5453 5514
f 5514 5453 5756
f 5214 5473 5623
f 5473 5514 5613
f 5473 5613 5623
f 5514 5756 5677
f 5514 5677 5613
f 6098 5756 5839
f 6098 5839 6239
f 5623 5613 5813
f 5813 5613 5677
f 5677 5756 5920
f 5920 5756 6098
f 5677 5920 5813
f 6098 6239 6283
f 6283 6239 6373
f 5920 6098 6084
f 6084 6098 6283
f 6283 6373 6233
f 6283 6233 6084
f 6233 6373 6425
f 6084 6233 5951
f 5951 6233 6249
f 5920 6084 5890
f 5920 5890 5813
f 5890 6084 5951
f 5951 6249 5941
f 5813 5890 5749
f 5749 5890 5951
f 5951 5941 5793
f 5951 5793 5749
f 5793 5941 5723
f 5723 5941 5883
f 5793 5723 5508
f 5508 5723 5419
f 5419 5723 5699
f 5793 5508 5486
f 5793 5486 5749
f 5419 5699 5234
f 5486 5508 5315
f 5315 5508 5419
f 5419 5234 5084
f 5084 5234 4998
f 5315 5419 5136
f 5136 5419 5084
f 5084 4998 4847
f 4847 4998 4716
f 5136 5084 4770
f 4770 5084 4847
f 4847 4716 4564
f 4847 4564 4770
f 4564 4716 4373
f 4564 4373 4609
f 4564 4609 4770
f 5136 4770 5164
f 5136 5164 5315
f 4770 4609 5067
f 4770 5067 5164
f 5315 5164 5284
f 5284 5164 5067
f 5315 5284 5486
f 5067 4609 4792
f 4792 4609 4531
f 4792 4531 4964
f 5067 4792 5175
f 5175 4792 4964
f 5067 5175 5284
f 5486 5284 5426
f 5486 5426 5749
f 5284 5175 5314
f 5284 5314 5426
f 5175 4964 5064
f 5175 5064 5314
f 5064 4964 4989
f 5064 4989 5190
f 5064 5190 5314
f 5190 4989 5214
f 5426 5314 5383
f 5383 5314 5190
f 5190 5214 5446
f 5190 5446 5383
f 5446 5214 5623
f 5426 5383 5616
f 5616 5383 5446
f 5426 5616 5678
f 5426 5678 5749
f 5616 5446 5739
f 5739 5446 5623
f 5616 5739 5678
f 5678 5739 5749
f 5739 5623 5813
f 5739 5813 5749
f 5831 5819 5786
f 5786 5819 5688
f 5786 5688 5666
f 5786 5666 5707
f 5688 5819 5776
f 5776 5819 5846
f 5776 5846 5850
f 5850 5846 5863
f 5850 5863 5907
f 5850 5907 5956
f 5850 5956 5842
f 5776 5850 5743
f 5743 5850 5842
f 5705 5688 5776
f 5705 5776 5743
f 5743 5842 5724
f 5724 5842 5869
f 5724 5869 5703
f 5743 5724 5683
f 5683 5724 5703
f 5743 5683 5705
f 5683 5703 5539
f 5705 5683 5526
f 5705 5526 5688
f 5526 5683 5539
f 5539 5703 5667
f 5688 5526 5422
f 5539 5667 5565
f 5565 5667 5400
f 5526 5539 5402
f 5402 5539 5565
f 5688 5422 5666
f 5526 5402 5349
f 5526 5349 5243
f 5526 5243 5422
f 5349 5402 5130
f 5243 5349 5124
f 5124 5349 5130
f 5422 5243 5189
f 5243 5124 5036
f 5243 5036 5189
f 5036 5124 4699
f 5124 5130 4897
f 5124 4897 4699
f 5166 5130 5402
f 4897 5130 5088
f 5088 5130 5166
f 5166 5402 5377
f 5377 5402 5565
f 5088 5166 5103
f 5377 5565 5557
f 5557 5565 5631
f 5557 5631 5790
f 5557 5790 5597
f 5557 5597 5412
f 5557 5412 5377
f 5412 5597 5549
f 5305 5166 5377
f 5305 5377 5412
f 5305 5412 5549
f 5166 5305 5103
f 5305 5549 5342
f 5342 5549 5586
f 5103 5305 5161
f 5161 5305 5342
f 5342 5586 5378
f 5342 5378 5161
f 5378 5586 5562
f 5562 5586 5858
f 5378 5562 5403
f 5562 5858 5781
f 5781 5858 6060
f 5781 6060 6143
f 5781 6143 6056
f 5781 6056 6051
f 5562 5781 5608
f 5562 5608 5403
f 5781 6051 5763
f 5781 5763 5608
f 5763 6051 5770
f 5770 6051 5978
f 5608 5763 5694
f 5763 5770 5660
f 5763 5660 5694
f 5608 5694 5602
f 5608 5602 5403
f 5694 5660 5652
f 5694 5652 5602
f 5660 5770 5538
f 5662 5770 5978
f 5770 5662 5538
f 5660 5538 5427
f 5660 5427 5652
f 5427 5538 5396
f 5396 5538 5662
f 5652 5427 5357
f 5652 5357 5602
f 5357 5427 5396
f 5602 5357 5207
f 5602 5207 5403
f 5357 5396 5280
f 5357 5280 5207
f 5280 5396 5197
f 5207 5280 5091
f 5091 5280 5197
f 5403 5207 5104
f 5403 5104 5109
f 5403 5109 5378
f 5378 5109 5161
f 5104 5207 4933
f 4933 5207 5091
f 5109 5104 4924
f 4924 5104 4933
f 5161 5109 5018
f 5018 5109 4924
f 5161 5018 5103
f 5103 5018 4943
f 5103 4943 5088
f 5088 4943 4897
f 4943 5018 4919
f 4919 5018 4924
f 4897 4943 4750
f 4750 4943 4919
f 4897 4750 4699
f 4919 4924 4673
f 4919 4673 4750
f 4673 4924 4641
f 4699 4750 4559
f 4559 4750 4673
f 4699 4559 4535
f 4559 4673 4460
f 4460 4673 4641
f 4559 4460 4315
f 4559 4315 4535
f 4460 4641 4379
f 4460 4379 4219
f 4460 4219 4315
f 4379 4641 4227
f 4379 4227 4219
f 4748 4641 4924
f 4748 4924 4933
f 4227 4641 4553
f 4553 4641 4748
f 4748 4933 4789
f 4748 4789 4553
f 4789 4933 5091
f 4553 4789 4775
f 4775 4789 5091
f 4227 4553 4283
f 3926 4219 4227
f 3926 4227 4283
f 4775 5091 5034
f 5034 5091 5197
f 4553 4775 4623
f 4553 4623 4283
f 4775 5034 4928
f 4775 4928 4623
f 5034 5197 5182
f 5034 5182 4928
f 4623 4928 4734
f 4623 4734 4283
f 4928 5182 4930
f 4928 4930 4734
f 4734 4930 4842
f 4930 5182 5116
f 4930 5116 4890
f 4734 4842 4467
f 4734 4467 4283
f 5116 5182 5297
f 5297 5182 5197
f 5116 5297 5205
f 5205 5297 5475
f 5205 5475 5269
f 5269 5475 5664
f 5297 5197 5443
f 5443 5197 5396
f 5443 5396 5662
f 5297 5443 5757
f 5297 5757 5475
f 5443 5662 5671
f 5443 5671 5757
f 5671 5662 5971
f 5971 5662 5978
f 5971 5978 6071
f 5971 6071 6151
f 5671 5971 6065
f 6065 5971 6151
f 5671 6065 5757
f 6065 6151 6236
f 5757 6065 5922
f 5757 5922 5475
f 6065 6236 6135
f 6065 6135 5922
f 6135 6236 6499
f 6135 6499 6321
f 6135 6321 5922
f 6321 6499 6455
f 5475 5922 5780
f 5475 5780 5664
f 5664 5780 5839
f 5780 5922 6004
f 5780 6004 5839
f 6004 5922 6321
f 5839 6004 6239
f 6239 6004 6321
f 6239 6321 6455
f 6239 6455 6425
f 6425 6455 6634
f 6239 6425 6373
f 5774 5831 5786
f 5633 5707 5609
f 5609 5707 5666
f 5633 5609 5431
f 5609 5666 5571
f 5571 5666 5422
f 5431 5609 5430
f 5430 5609 5571
f 5571 5422 5277
f 5571 5277 5430
f 5277 5422 5189
f 5431 5430 5149
f 5431 5149 5146
f 5430 5277 5188
f 5430 5188 5149
f 5277 5189 5093
f 5277 5093 5188
f 5093 5189 5036
f 5146 5149 4875
f 5146 4875 5052
f 5052 4875 4931
f 4931 4875 4795
f 4795 4875 4731
f 4875 5149 4824
f 4875 4824 4731
f 4824 5149 5188
f 4823 5093 5036
f 4823 5036 4699
f 4742 5188 5093
f 4742 5093 4823
f 5188 4742 4824
f 4823 4699 4535
f 4823 4535 4742
f 4742 4535 4538
f 4742 4538 4824
f 4538 4535 4408
f 4408 4535 4315
f 4824 4538 4644
f 4824 4644 4731
f 4538 4408 4316
f 4538 4316 4644
f 4731 4644 4549
f 4549 4644 4316
f 4731 4549 4561
f 4561 4549 4380
f 4561 4380 4376
f 4376 4380 3917
f 4380 4549 4323
f 4380 4323 3917
f 4323 4549 4316
f 3917 4323 3846
f 3846 4323 3884
f 3846 3884 3675
f 3675 3884 3651
f 3884 4323 4231
f 4231 4323 4316
f 3651 3884 3799
f 3799 3884 4231
f 3651 3799 6
f 4231 4316 4242
f 4242 4316 4408
f 3799 4231 3985
f 3985 4231 4242
f 6 3799 3734
f 3734 3799 3985
f 6 3734 40
f 4242 4408 4184
f 4242 4184 3985
f 4184 4408 4315
f 4184 4315 4148
f 4184 4148 3985
f 4148 4315 4219
f 3734 3985 3915
f 3915 3985 4148
f 3660 40 3734
f 3660 3734 3915
f 40 3660 3606
f 4148 4219 3952
f 4148 3952 3915
f 3915 3952 3660
f 3952 4219 3926
f 3952 3926 3660
f 3660 3926 3606
f 3606 3926 4080
f 4080 3926 4283
f 4080 4283 4467
f 3606 4080 3767
f 3606 3767 104
f 104 3767 3605
f 3767 4080 4178
f 4178 4080 4467
f 4178 4467 4377
f 4377 4467 4517
f 3767 4178 3895
f 3767 3895 3605
f 4178 4377 4090
f 4178 4090 3895
f 4090 4377 4303
f 3605 3895 3784
f 3784 3895 4090
f 3605 3784 3654
f 3784 4090 4211
f 3654 3784 3836
f 3836 3784 4211
f 4124 3909 3905
f 3909 4124 3997
f 3909 3997 3716
f 3716 3997 4025
f 3905 3909 32
f 32 3909 3716
f 3716 4025 3956
f 3956 4025 4144
f 3956 4144 3977
f 3977 4144 3978
s 0
f 3716 3956 3626
s 1
f 3956 3977 3586
f 3956 3586 3626
f 3716 3626 111
f 3716 111 32
f 3626 3586 186
f 3626 186 111
f 32 111 404
f 404 111 504
f 504 111 186
f 404 504 689
f 186 3586 77
f 504 186 355
f 355 186 77
f 689 504 697
f 697 504 355
f 77 3586 3581
f 3581 3586 3977
f 355 77 196
f 196 77 3581
f 697 355 431
f 431 355 196
f 3581 3977 4
f 3581 4 196
f 4 3977 3978
f 196 4 19
f 196 19 431
f 4 3978 3774
f 4 3774 19
f 3774 3978 4218
f 19 3774 26
f 26 3774 3777
f 3777 3774 4039
f 19 26 264
f 19 264 431
f 26 3777 3566
f 26 3566 264
f 3566 3777 4087
f 3566 4087 3930
f 3566 3930 68
f 3566 68 264
f 264 68 471
f 264 471 431
f 431 471 716
f 431 716 697
f 716 471 703
f 697 716 1046
f 1046 716 703
f 1046 703 994
f 1046 994 1240
f 697 1046 689
f 1046 1240 1215
f 689 1046 839
f 689 839 828
f 1046 1215 1075
f 1046 1075 839
f 839 1075 828
f 1075 1215 1081
f 1075 1081 828
f 3641 4113 4177
f 3641 4177 3861
f 4113 3641 3772
f 3641 3861 245
f 245 3861 263
f 3772 3641 140
f 140 3641 245
f 3772 140 3776
f 3772 3776 4053
f 3776 140 68
f 3776 68 3930
f 68 140 453
f 453 140 245
f 68 453 471
f 471 453 703
f 453 245 595
f 595 245 263
f 595 263 790
f 703 453 769
f 769 453 595
f 703 769 994
f 595 790 870
f 595 870 769
f 870 790 897
f 994 769 1049
f 1049 769 870
f 1049 870 897
f 994 1049 1240
f 1049 897 1127
f 1049 1127 1240
f 1127 897 986
f 1127 986 1108
f 1127 1108 1240
f 1240 1108 1282
f 1282 1108 1290
f 1290 1108 1118
f 1282 1290 1365
f 1290 1118 1285
f 1290 1285 1365
f 1518 1468 1435
f 1468 1518 1539
f 1468 1539 1480
f 1518 1435 1437
f 1539 1518 1464
f 1464 1518 1437
f 1539 1464 1514
f 1437 1435 1424
f 1437 1424 1423
f 1423 1424 1426
f 1464 1437 1429
f 1429 1437 1423
f 1464 1429 1399
f 1464 1399 1331
f 1331 1399 1289
f 1289 1399 1429
f 1331 1289 1273
f 1429 1423 1305
f 1429 1305 1289
f 1361 1423 1426
f 1423 1361 1305
f 1361 1426 1411
f 1361 1411 1509
f 1305 1361 1348
f 1348 1361 1509
f 1289 1305 1271
f 1271 1305 1348
f 1289 1271 1273
f 1348 1509 1561
f 1561 1509 1708
f 1271 1348 1494
f 1271 1494 1273
f 1494 1348 1561
f 1561 1708 1672
f 1561 1672 1494
f 1494 1672 1653
f 1273 1494 1349
f 1273 1349 1255
f 1494 1653 1499
f 1494 1499 1349
f 1653 1672 1678
f 1653 1678 1499
f 1678 1672 1657
f 1657 1672 1568
f 1657 1568 1689
f 1678 1657 1621
f 1621 1657 1689
f 1678 1621 1499
f 1621 1689 1654
f 1621 1654 1476
f 1621 1476 1472
f 1621 1472 1499
f 1472 1476 1588
f 1472 1588 1587
f 1499 1472 1420
f 1499 1420 1349
f 1420 1472 1587
f 1349 1420 1326
f 1326 1420 1498
f 1498 1420 1587
f 1498 1587 1638
f 1638 1587 1773
f 1747 1697 1498
f 1747 1498 1638
f 1747 1638 1730
f 1730 1638 1577
f 1577 1638 1591
f 1577 1591 1656
f 1591 1638 1709
f 1591 1709 1656
f 1709 1638 1773
f 1656 1709 1736
f 1709 1773 1788
f 1709 1788 1736
f 1788 1773 1882
f 1736 1788 1730
f 1788 1882 1747
f 1788 1747 1730
f 1558 1590 1530
f 1590 1558 1637
s 0
f 1530 1590 1553
s 1
f 1530 1553 1531
f 1553 1590 1642
f 1642 1590 1701
f 1642 1701 1746
f 1642 1746 1812
f 1553 1642 1624
f 1531 1553 1526
f 1531 1526 1505
f 1505 1526 1435
f 1435 1526 1424
f 1526 1553 1666
f 1666 1553 1624
f 1424 1526 1551
f 1551 1526 1666
f 1424 1551 1426
f 1759 1624 1642
f 1624 1759 1666
f 1759 1642 1812
f 1551 1666 1881
f 1551 1881 1426
f 1666 1759 2013
f 1666 2013 1881
f 1759 1812 1998
f 1759 1998 2013
f 1998 1812 1973
f 1973 1812 1869
f 2013 1998 2241
f 1998 1973 2093
f 1998 2093 2241
f 2093 1973 2151
f 2093 2151 2221
f 2221 2151 2357
f 2357 2151 2302
f 2093 2221 2259
f 2259 2221 2357
f 2093 2259 2241
f 2357 2302 2521
f 2357 2521 2511
f 2259 2357 2507
f 2507 2357 2511
f 2241 2259 2384
f 2384 2259 2507
f 2507 2511 2676
f 2676 2511 2521
f 2384 2507 2547
f 2547 2507 2676
f 2241 2384 2391
f 2391 2384 2547
f 2676 2521 2756
f 2756 2521 2631
f 2676 2756 2907
f 2547 2676 2775
f 2775 2676 2907
f 2547 2775 2545
f 2547 2545 2391
f 2118 2241 2391
f 2241 2118 2013
f 2013 2118 1881
f 2118 2391 2336
f 2336 2391 2369
f 2369 2391 2545
f 2118 2336 2082
f 2336 2369 2266
f 2336 2266 2082
f 2118 2082 1945
f 2118 1945 1881
f 2082 2266 2078
f 2082 2078 1945
f 2266 2369 2215
f 2266 2215 2078
f 1945 2078 1944
f 1881 1945 1789
f 1789 1945 1944
f 1944 2078 2087
f 2087 2078 2215
f 1789 1944 1783
f 1783 1944 2087
f 1881 1789 1544
f 2455 2215 2369
f 1881 1544 1509
f 1881 1509 1426
f 1426 1509 1411
f 1509 1544 1708
f 1544 1789 1589
f 1589 1789 1783
f 1708 1544 1707
f 1707 1544 1589
f 1589 1783 1702
f 1589 1702 1707
f 1702 1783 1829
f 1707 1702 1851
f 1851 1702 1829
f 1708 1707 1718
f 1708 1718 1672
f 1672 1718 1568
f 1568 1718 1794
f 1794 1718 1707
f 1568 1794 1689
f 1794 1707 1891
f 1891 1707 1851
f 1689 1794 1808
f 1808 1794 1891
f 1689 1808 1711
f 1808 1891 1970
f 1970 1891 1851
f 1808 1970 1711
f 1689 1711 1654
f 1654 1711 1761
f 1761 1711 2019
f 2019 1711 1926
f 1926 1711 1970
f 2019 1926 2109
f 2109 1926 2011
f 2011 1926 1970
f 2109 2011 2144
f 2144 2011 2046
f 2011 1970 1957
f 1957 1970 1851
f 2046 2011 1963
f 1963 2011 1957
f 2046 1963 2092
f 1957 1851 1924
f 1924 1851 1829
f 1963 1957 2110
f 2110 1957 1924
f 2092 1963 2152
f 2152 1963 2110
f 2110 1924 2116
f 2110 2116 2152
f 1924 1829 1958
f 1924 1958 2116
f 1958 1829 2031
f 2031 1829 1783
f 2031 1783 2087
f 2031 2087 2215
f 1958 2031 2070
f 1958 2070 2116
f 2031 2215 2378
f 2120 2152 2116
f 2120 2116 2070
f 2070 2031 2181
f 2181 2031 2378
f 2378 2215 2455
f 2070 2181 2349
f 2120 2070 2249
f 2249 2070 2349
f 2120 2249 2200
f 2120 2200 2152
f 2181 2378 2388
f 2181 2388 2349
f 2378 2455 2453
f 2378 2453 2388
f 2152 2200 2180
f 2152 2180 2092
f 2092 2180 2271
f 2271 2180 2364
f 2271 2364 2484
f 2484 2364 2529
f 2364 2180 2400
f 2364 2400 2529
f 2400 2180 2200
f 2529 2400 2488
f 2400 2200 2417
f 2400 2417 2488
f 2488 2417 2450
f 2417 2200 2249
f 2417 2249 2409
f 2409 2249 2349
f 2409 2349 2500
f 2500 2349 2388
f 2417 2409 2574
f 2574 2409 2500
f 2417 2574 2712
f 2417 2712 2509
f 2509 2712 2662
f 2500 2388 2476
f 2476 2388 2453
f 2574 2500 2698
f 2662 2712 2933
f 2662 2933 2840
f 2757 2712 2574
f 2757 2574 2698
f 2933 2712 2883
f 2883 2712 2757
f 2933 2883 3247
f 2933 3247 3482
f 2883 2757 3133
f 3133 2757 2698
f 3247 2883 3181
f 3181 2883 3133
f 3247 3181 3490
f 3490 3181 3471
f 3471 3181 3133
f 3471 3133 3333
f 3471 3333 3509
f 3133 2698 2922
f 3333 3133 3152
f 3152 3133 2922
f 3509 3333 3375
f 3375 3333 3152
f 3509 3375 3508
f 3509 3508 3520
f 3520 3508 3512
f 3375 3152 3020
f 3020 3152 2922
f 3508 3375 3213
f 3213 3375 3020
f 3512 3508 3443
f 3443 3508 3309
f 3309 3508 3213
f 3512 3443 3403
f 3512 3403 3506
f 3506 3403 3410
f 3403 3443 3273
f 3273 3443 3309
f 3410 3403 3307
f 3307 3403 3273
f 3493 3410 3390
f 3390 3410 3230
f 3230 3410 3307
f 3230 3307 3043
f 3043 3307 3273
f 2751 3043 2756
f 2756 3043 2907
f 2907 3043 3273
f 2907 3273 3309
f 2907 3309 2988
f 2988 3309 3213
f 2907 2988 2775
f 2988 3213 2968
f 2775 2988 2791
f 2791 2988 2968
f 2968 3213 3020
f 2775 2791 2545
f 2791 2968 2771
f 2791 2771 2545
f 2968 3020 2738
f 2968 2738 2771
f 2738 3020 2922
f 2545 2771 2525
f 2525 2771 2738
f 2545 2525 2455
f 2545 2455 2369
f 2455 2525 2453
f 2525 2738 2522
f 2525 2522 2453
f 2522 2738 2922
f 2453 2522 2476
f 2522 2922 2620
f 2522 2620 2476
f 2620 2922 2698
f 2476 2620 2500
f 2500 2620 2698
f 1331 1389 1464
f 1464 1389 1514
f 1514 1389 1512
f 1389 1331 1265
f 1512 1389 1523
f 1512 1523 1495
f 1512 1495 1480
f 1512 1480 1677
f 1677 1480 1660
f 1660 1480 1604
f 1604 1480 1539
f 1495 1523 1592
f 1495 1592 1560
f 1560 1592 1575
f 1592 1523 1519
f 1519 1523 1389
f 1575 1592 1633
f 1575 1633 1618
f 1592 1519 1546
f 1592 1546 1633
f 1618 1633 1496
f 1496 1633 1546
f 1519 1389 1393
f 1519 1393 1546
f 1393 1389 1265
f 1496 1546 1359
f 1359 1546 1393
f 1496 1359 1279
f 1496 1279 1226
f 1359 1393 1292
f 1292 1393 1265
f 1226 1279 1185
f 1226 1185 1295
f 1295 1185 1257
f 1295 1257 1341
f 1185 1279 1114
f 1210 1279 1359
f 1279 1210 1114
f 1210 1359 1292
f 1114 1210 967
f 1210 1292 1071
f 1210 1071 967
f 1071 1292 1152
f 1152 1292 1265
f 967 1071 1064
f 967 1064 999
f 1071 1152 1115
f 1071 1115 1064
f 1152 1265 1244
f 1152 1244 1115
f 1244 1265 1331
f 1244 1331 1273
f 1244 1273 1255
f 1244 1255 1115
f 1064 1115 1169
f 1169 1115 1255
f 1169 1255 1326
f 1326 1255 1349
f 1169 1326 1313
f 1313 1326 1498
f 1064 1169 1149
f 1149 1169 1313
f 1313 1498 1697
f 1064 1149 1080
f 1064 1080 999
f 999 1080 1183
f 1183 1080 1157
f 1157 1080 1133
f 1133 1080 1101
f 1101 1080 1149
f 1133 1101 1209
f 1209 1101 1157
f 1157 1101 1183
f 1183 1101 1149
f 1183 1149 1342
f 1381 1149 1313
f 1149 1381 1342
f 1381 1313 1697
f 1342 1381 1714
f 1714 1381 1697
f 1342 1714 1517
f 1517 1714 1782
f 1714 1697 1873
f 1714 1873 1782
f 1873 1697 1747
f 1782 1873 1974
f 1539 1514 1604
f 1604 1514 1677
f 1677 1514 1512
f 1415 1476 1405
f 1476 1415 1588
f 1588 1415 1798
f 1588 1798 1587
f 1587 1798 1773
f 1773 1798 1986
f 1798 1415 1764
f 1798 1764 1986
f 1764 1415 1459
f 1459 1415 1405
f 1764 1459 1830
f 1773 1986 1882
f 1873 1747 1882
f 1873 1882 1974
f 1974 1882 2047
f 2047 1882 1986
f 1782 1974 2005
f 2005 1974 2047
f 2005 2047 1960
f 2005 1960 1855
f 1855 1960 1894
f 1894 1960 1909
f 1909 1960 1828
f 1960 2047 2035
f 1960 2035 1828
f 2035 2047 2032
f 2032 2047 1986
f 1828 2035 2022
f 2022 2035 2032
f 1828 2022 1951
f 1828 1951 1815
f 2022 2032 2051
f 2022 2051 1951
f 2032 1986 2016
f 2051 2032 2085
f 2085 2032 2016
f 1951 2051 2037
f 2037 2051 2085
f 1929 1815 1951
f 1929 1951 2037
f 1815 1929 1819
f 1908 2016 1986
f 1908 1986 1764
f 2001 2085 2016
f 2001 2016 1908
f 2085 2001 2037
f 1908 1764 1830
f 1908 1830 2001
f 1694 1819 1929
f 1819 1694 1610
f 1923 1929 2037
f 1929 1923 1694
f 1981 2037 2001
f 1923 2037 1918
f 1918 2037 1981
f 1694 1923 1270
f 1694 1270 1224
f 1270 1923 1442
f 1442 1923 1918
f 1270 1442 1029
f 1270 1029 861
f 861 1029 732
f 1029 1442 1120
f 1120 1442 1918
f 732 1029 857
f 857 1029 1120
f 732 857 647
f 857 1120 831
f 857 831 647
f 1120 1918 1264
f 1120 1264 831
f 1264 1918 1715
f 1715 1918 1981
f 831 1264 953
f 953 1264 1715
f 647 831 768
f 768 831 953
f 1715 1981 1920
f 1920 1981 2001
f 953 1715 1784
f 1784 1715 1920
f 1920 2001 1871
f 1871 2001 1830
f 1784 1920 1859
f 953 1784 1595
f 1595 1784 1859
f 1859 1920 1822
f 1822 1920 1871
f 1595 1859 1860
f 1595 1860 1659
f 1860 1859 1893
f 1893 1859 1822
f 1860 1893 2054
f 1093 953 1595
f 1093 1595 1659
f 1093 1659 1327
f 1093 1327 1019
f 953 1093 768
f 768 1093 1019
f 768 1019 785
f 785 1019 1061
f 768 785 556
f 556 785 747
f 768 556 647
f 647 556 519
f 519 556 335
f 335 556 391
f 335 391 3551
f 335 3551 96
f 335 96 76
f 1511 1405 1476
f 1511 1476 1654
f 1511 1654 1761
f 1405 1511 1599
f 1599 1511 1761
f 1405 1599 1571
f 1405 1571 1410
f 1405 1410 1459
f 1459 1410 1830
f 1571 1599 1716
f 1599 1761 1833
f 1599 1833 1716
f 1833 1761 2095
f 2095 1761 2019
f 2095 2019 2109
f 1571 1716 1427
f 1571 1427 1410
f 2095 2109 2157
f 2157 2109 2144
f 2157 2144 2163
f 2157 2163 2170
f 2095 2157 2159
f 2159 2157 2170
f 2095 2159 2074
f 2095 2074 1833
f 2159 2170 2175
f 2175 2170 2073
f 2175 2073 2071
f 2175 2071 2054
f 2175 2054 1893
f 2159 2175 2114
f 2159 2114 2074
f 2114 2175 1893
f 2074 2114 1895
f 1895 2114 1893
f 1727 1833 2074
f 1727 2074 1895
f 1833 1727 1716
f 1716 1727 1540
f 1716 1540 1427
f 1727 1895 1453
f 1727 1453 1540
f 1767 1895 1893
f 1895 1767 1453
f 1767 1893 1681
f 1681 1893 1822
f 1453 1767 1384
f 1384 1767 1681
f 1540 1453 1409
f 1540 1409 1427
f 1409 1453 1384
f 1427 1409 1368
f 1368 1409 1384
f 1427 1368 1410
f 1384 1681 1484
f 1484 1681 1822
f 1368 1384 1392
f 1392 1384 1484
f 1368 1392 1410
f 1484 1822 1533
f 1484 1533 1392
f 1533 1822 1871
f 1410 1392 1691
f 1691 1392 1533
f 1691 1533 1871
f 1410 1691 1830
f 1830 1691 1871
f 532 757 733
f 532 733 505
f 532 505 253
f 14 3535 253
f 14 253 70
f 70 253 359
f 359 253 505
f 70 359 151
f 505 733 707
f 505 707 359
f 151 359 365
f 151 365 38
f 38 365 282
f 365 359 591
f 591 359 707
f 282 365 598
f 598 365 591
f 287 47 282
f 591 707 823
f 591 823 598
f 823 707 924
f 924 707 733
f 287 282 526
f 526 282 598
f 287 526 548
f 287 548 3538
f 548 526 778
f 924 733 979
f 979 733 757
f 979 757 998
f 998 757 1191
f 979 998 1329
f 1329 998 1191
f 924 979 1234
f 1234 979 1329
f 924 1234 1190
f 924 1190 823
f 1234 1329 1874
f 823 1190 1676
f 1190 1234 1850
f 1190 1850 1676
f 1850 1234 1874
f 823 1676 598
f 1823 1329 1191
f 1823 1191 1632
f 1329 1823 1797
f 1329 1797 1874
f 1823 1632 2121
f 1797 1823 2385
f 2385 1823 2121
f 2121 1632 1663
f 1797 2385 2276
f 1797 2276 1874
f 2385 2121 2567
f 2121 1663 2248
f 2121 2248 2567
f 2248 1663 1793
f 2248 1793 2247
f 2247 1793 2072
f 2247 2072 2594
f 2248 2247 2579
f 2579 2247 2594
f 2248 2579 2567
f 2579 2594 2694
f 2694 2594 2680
f 2567 2579 2686
f 2686 2579 2694
f 2686 2694 2765
f 2765 2694 2810
f 2567 2686 2708
f 2708 2686 2765
f 2765 2810 2860
f 2860 2810 2901
f 2708 2765 2817
f 2817 2765 2860
f 2860 2901 2928
f 2860 2928 2817
f 2928 2901 2982
f 2928 2982 2985
f 2619 2567 2708
f 2567 2619 2385
f 2689 2708 2817
f 2708 2689 2619
f 2385 2619 2495
f 2385 2495 2276
f 2619 2689 2469
f 2619 2469 2495
f 2276 2495 2330
f 2330 2495 2469
f 2276 2330 1874
f 1874 2330 2192
f 1874 2192 1850
f 2330 2469 2464
f 2330 2464 2192
f 2628 2469 2689
f 2469 2628 2602
f 2469 2602 2464
f 2628 2689 2789
f 2789 2689 2817
f 2602 2628 2729
f 2729 2628 2789
f 2789 2817 2854
f 2854 2817 2928
f 2729 2789 2801
f 2801 2789 2854
f 2854 2928 2876
f 2854 2876 2801
f 2876 2928 2985
f 2729 2801 2704
f 2729 2704 2602
f 2876 2985 2965
f 2965 2985 2995
f 2965 2995 3007
f 2876 2965 2935
f 2935 2965 3007
f 2876 2935 2801
f 3054 3007 3060
f 3007 3054 3017
f 3007 3017 2935
f 3017 3054 3277
f 3277 3054 3278
f 3277 3278 3327
f 3017 3277 3196
f 3196 3277 3327
f 2935 3017 3002
f 3002 3017 3196
f 3196 3327 3264
f 3264 3327 3325
f 3196 3264 3099
f 3196 3099 3002
f 3264 3325 3208
f 3208 3325 3258
f 3208 3258 3372
f 3264 3208 3095
f 3264 3095 3099
f 3208 3372 3351
f 3208 3351 3095
f 3351 3372 3415
f 3415 3372 3435
f 3415 3435 3448
f 3351 3415 3382
f 3382 3415 3448
f 3095 3351 3188
f 3188 3351 3382
f 3035 3099 3095
f 3035 3095 3188
f 3099 3035 3002
f 3382 3448 3396
f 3396 3448 3442
f 3382 3396 3227
f 3382 3227 3188
f 3396 3442 3282
f 3396 3282 3227
f 3282 3442 3430
f 2949 3002 3035
f 3227 3282 3175
f 3018 3035 3188
f 3035 3018 2949
f 3154 3188 3227
f 3154 3227 3175
f 3018 3188 3080
f 3080 3188 3154
f 2875 3002 2949
f 3002 2875 2935
f 2935 2875 2784
f 2784 2875 2949
f 2935 2784 2801
f 2801 2784 2704
f 2784 2949 2800
f 2784 2800 2704
f 2800 2949 2912
f 2912 2949 3018
f 2704 2800 2823
f 2823 2800 2912
f 2912 3018 2961
f 2912 2961 2823
f 2961 3018 3080
f 2704 2823 2737
f 3074 3080 3154
f 3080 3074 3009
f 3080 3009 2961
f 3074 3154 3113
f 3009 3074 3056
f 3056 3074 3113
f 3113 3154 3175
f 2825 2823 2961
f 2823 2825 2737
f 2961 3009 2879
f 2604 2704 2737
f 2704 2604 2602
f 2602 2604 2464
f 2604 2737 2664
f 2604 2664 2464
f 2664 2737 2702
f 2702 2737 2825
f 2464 2664 2501
f 2808 2825 2961
f 2825 2808 2702
f 2808 2961 2879
f 2464 2501 2192
f 2664 2702 2585
f 2664 2585 2501
f 2702 2808 2690
f 2702 2690 2585
f 2808 2879 2790
f 2808 2790 2690
s 0
f 2192 2501 2342
s 1
f 2192 2342 1850
f 2501 2585 2252
f 2501 2252 2342
f 1850 2342 2039
f 2039 2342 2252
f 1850 2039 1676
f 1676 2039 1612
f 1676 1612 598
f 2039 2252 2066
f 2039 2066 1612
f 2358 2252 2585
f 2252 2358 2066
f 2358 2585 2556
f 2556 2585 2690
f 598 1612 988
f 598 988 526
f 526 988 778
f 988 1612 1274
f 1274 1612 2066
f 778 988 789
f 789 988 1274
f 778 789 548
f 1274 2066 1790
f 1790 2066 2358
f 548 789 392
f 548 392 350
f 1790 2358 2207
f 2207 2358 2556
f 1274 1790 1394
f 1151 789 1274
f 1151 1274 1394
f 1394 1790 1801
f 1801 1790 2207
f 1151 1394 1521
f 1521 1394 1801
f 789 1151 974
f 789 974 392
f 1151 1521 1307
f 1151 1307 974
f 1307 1521 1581
f 974 1307 944
f 1581 1521 1837
f 1837 1521 1801
f 1581 1837 1910
f 646 392 974
f 646 974 944
f 392 646 307
f 646 944 642
f 646 642 316
f 642 944 842
f 1910 1837 2415
f 2415 1837 2260
f 2415 2260 2470
f 2260 1837 2147
f 2470 2260 2466
f 2466 2260 2147
f 2147 1837 2064
f 2064 1837 1801
f 2064 1801 2207
f 2147 2064 2346
f 2346 2064 2207
f 2147 2346 2466
f 2346 2207 2556
f 2346 2556 2466
f 2592 2470 2466
f 2470 2592 2616
f 2616 2592 2734
f 2466 2556 2606
f 2466 2606 2592
f 2606 2556 2690
f 2734 2592 2767
f 2767 2592 2606
f 2606 2690 2706
f 2606 2706 2767
f 2706 2690 2790
f 2706 2790 2793
f 2706 2793 2767
f 2793 2790 2879
f 2793 2879 2910
f 2793 2910 2767
f 2910 2879 3009
f 2874 2734 2767
f 2874 2767 2910
f 2734 2874 2869
f 2910 3009 3056
f 2869 2874 2975
f 2975 2874 2910
f 2975 2910 3056
f 2869 2975 2918
f 2918 2975 3056
f 2918 3056 3072
f 2918 3072 2999
f 3072 3056 3113
f 2999 3072 3097
f 3072 3113 3145
f 3072 3145 3097
f 3145 3113 3175
f 3097 3145 3123
f 3097 3123 3091
f 3091 3123 3137
f 3123 3145 3165
f 3165 3145 3175
f 3137 3123 3138
f 3138 3123 3165
f 3212 3137 3173
f 3173 3137 3138
f 3165 3175 3191
f 3165 3191 3138
f 3191 3175 3290
f 3290 3175 3282
f 3290 3282 3430
f 3290 3430 3262
f 3290 3262 3191
f 3262 3430 3345
f 3262 3345 3257
f 3191 3262 3190
f 3191 3190 3138
f 3190 3262 3257
f 3138 3190 3231
f 3138 3231 3173
f 3190 3257 3302
f 3302 3257 3379
f 3302 3379 3402
f 3173 3231 3330
f 3173 3330 3357
f 3231 3190 3344
f 3344 3190 3302
f 3231 3344 3330
f 3302 3402 3456
f 3302 3456 3344
f 3456 3402 3453
f 3357 3330 3425
f 3425 3330 3344
f 3425 3344 3456
f 3357 3425 3487
f 3487 3425 3515
f 3425 3456 3485
f 3425 3485 3515
f 3485 3456 3453
f 3515 3485 3523
f 3485 3453 3516
f 1813 1677 1604
f 1677 1813 1736
f 1736 1813 1604
f 1677 1736 1660
f 1736 1604 1656
f 1656 1604 1577
f 1577 1604 1660
f 1577 1660 1730
f 1730 1660 1736
f 3493 3506 3410
f 3480 3482 3493
f 3493 3482 3498
f 3493 3498 3506
f 3498 3482 3247
f 3498 3247 3490
f 3506 3498 3510
f 3510 3498 3490
f 3506 3510 3512
f 3512 3510 3517
f 3512 3517 3520
f 3510 3490 3513
f 3510 3513 3517
f 3517 3513 3520
f 3513 3490 3471
f 3520 3513 3509
f 3509 3513 3471
f 3156 2933 3482
f 3467 3482 3480
f 1668 1548 1903
f 1668 1903 1866
f 1866 1903 2017
f 2017 1903 2071
f 2017 2071 2073
f 2071 1903 1956
f 2071 1956 2054
f 2054 1956 1860
f 1956 1903 1757
f 1757 1903 1548
f 1860 1956 1722
f 1722 1956 1757
f 1860 1722 1659
f 1659 1722 1327
f 1757 1548 1172
f 1172 1548 1142
f 1757 1172 1502
f 1757 1502 1722
f 1327 1722 1433
f 1327 1433 1019
f 1019 1433 1061
f 1433 1722 1275
f 1433 1275 1061
f 1722 1502 1400
f 1722 1400 1275
f 1259 1502 1172
f 1502 1259 1400
f 1061 1275 930
f 1061 930 785
f 1275 1400 1138
f 1138 1400 1259
f 1275 1138 930
f 1259 1172 935
f 935 1172 731
f 1138 1259 995
f 995 1259 935
f 930 1138 957
f 957 1138 995
f 747 785 930
f 935 731 605
f 935 605 995
f 605 731 533
f 605 533 332
f 995 605 745
f 745 605 332
f 995 745 957
f 850 930 957
f 930 850 747
f 850 957 619
f 850 619 747
f 957 745 559
f 957 559 619
f 440 745 332
f 440 332 10
f 745 440 544
f 745 544 559
f 440 10 233
f 440 233 544
f 3675 3651 10
f 10 3651 233
f 233 3651 6
f 544 233 331
f 544 331 559
f 233 6 240
f 233 240 331
f 240 6 40
f 559 331 237
f 237 331 240
f 240 40 207
f 240 207 237
f 207 40 3606
f 207 3606 104
f 207 104 237
f 559 237 432
f 432 237 104
f 559 432 619
f 619 432 259
f 432 104 129
f 432 129 259
f 129 104 3605
f 129 3605 3654
f 129 3654 62
f 129 62 259
f 62 3654 3551
f 62 3551 259
f 619 259 747
f 259 3551 391
f 259 391 747
f 747 391 556
f 1202 1133 1209
f 1133 1202 1185
f 1133 1185 1257
f 1202 1209 1257
f 1257 1209 1157
f 1257 1157 1133
f 1114 996 1168
f 1114 1168 1185
f 996 1114 967
f 1185 1168 1202
f 824 967 999
f 967 824 996
f 996 824 709
f 996 709 661
f 1202 1168 1248
f 1202 1248 1257
f 1257 1248 1341
f 1341 1248 1242
f 1242 1248 1226
f 1242 1226 1295
f 1226 1248 1175
f 1175 1248 1168
f 1175 1168 1045
f 1045 1168 996
f 1045 996 891
f 891 996 661
f 1045 891 962
f 891 661 676
f 891 676 962
f 50 239 27
f 239 50 32
f 32 50 3610
f 32 3610 3905
f 50 27 3806
f 50 3806 3610
f 3610 3806 3905
f 3806 27 4000
f 3806 4000 3905
f 1421 1280 1382
f 1280 1421 1226
f 1226 1421 1496
f 1280 1226 1175
f 1496 1421 1554
f 1554 1421 1382
f 1496 1554 1618
f 1618 1554 1735
f 1735 1554 1698
f 1698 1554 1457
f 1457 1554 1382
f 1698 1457 1493
f 1493 1457 1328
f 1493 1328 1333
f 1328 1457 1280
f 1280 1457 1431
f 1431 1457 1382
f 1280 1431 1324
f 1431 1382 1355
f 1355 1382 1280
f 1324 1431 1418
f 1418 1431 1355
f 1324 1418 1351
f 1324 1351 1242
f 1242 1351 1341
f 1341 1351 1418
f 1341 1418 1295
f 1295 1418 1355
f 1295 1355 1242
f 1242 1355 1324
f 1324 1355 1280
f 1208 1328 1280
f 1208 1280 1175
f 1328 1208 1126
f 1126 1208 1175
f 1126 1175 1045
f 1126 1045 962
f 6442 6240 6356
f 6442 6356 6516
f 6442 6516 6663
f 6129 6232 6356
f 6356 6232 6516
f 6663 6516 6563
f 6663 6563 6793
f 6516 6232 6305
f 6793 6563 6765
f 6793 6765 6867
f 6563 6516 6438
f 6438 6516 6305
f 6765 6563 6683
f 6683 6563 6438
f 6867 6765 6831
f 6831 6765 6683
f 6125 6305 6232
f 6125 6232 5965
f 6125 5965 5929
f 6125 5929 6019
f 6019 5929 5818
f 6305 6125 6344
f 6344 6125 6019
f 6509 6438 6305
f 6509 6305 6344
f 6438 6509 6644
f 6438 6644 6683
f 6683 6644 6769
f 6683 6769 6831
f 6644 6509 6610
f 6509 6344 6461
f 6509 6461 6610
f 6644 6610 6715
f 6644 6715 6769
f 6610 6461 6591
f 6610 6591 6715
f 6461 6344 6398
f 6859 6831 6769
f 6831 6859 6867
f 6769 6715 6792
f 6867 6859 6886
f 6867 6886 6996
f 6996 6886 6914
f 6859 6769 6834
f 6834 6769 6792
f 6886 6859 6908
f 6908 6859 6834
f 6914 6886 6893
f 6893 6886 6908
f 6914 6893 6915
f 6914 6915 7009
f 6915 6893 6873
f 6915 6873 6833
f 6915 6833 6930
f 6873 6893 6894
f 6894 6893 6908
f 6873 6894 6843
f 6843 6894 6798
f 6798 6894 6908
f 6798 6908 6815
f 6815 6908 6834
f 6798 6815 6747
f 6747 6815 6730
f 6730 6815 6834
f 6747 6730 6656
f 6656 6730 6605
f 6730 6834 6771
f 6771 6834 6792
f 6771 6792 6708
f 6708 6792 6715
f 6730 6771 6716
f 6716 6771 6708
f 6708 6715 6591
f 6730 6716 6648
f 6730 6648 6605
f 6716 6708 6647
f 6647 6708 6591
f 6716 6647 6648
f 6605 6648 6626
f 6605 6626 6535
f 6648 6647 6622
f 6648 6622 6626
f 6647 6591 6612
f 6647 6612 6622
f 6535 6626 6579
f 6579 6626 6622
f 6535 6579 6485
f 6579 6622 6582
f 6622 6612 6573
f 6622 6573 6582
f 6547 6612 6591
f 6612 6547 6573
f 6547 6591 6461
f 6547 6461 6398
f 6579 6582 6561
f 6561 6582 6573
f 6579 6561 6479
f 6579 6479 6485
f 6561 6573 6490
f 6561 6490 6479
f 6487 6573 6547
f 6573 6487 6490
f 6487 6547 6398
f 6490 6487 6404
f 6404 6487 6398
f 6479 6490 6426
f 6426 6490 6404
f 6439 6485 6479
f 6485 6439 6433
f 6479 6426 6393
f 6479 6393 6439
f 6433 6439 6424
f 6424 6439 6393
f 6433 6424 6409
f 6409 6424 6327
f 6409 6327 6328
f 6424 6393 6296
f 6424 6296 6327
f 6328 6327 6301
f 6301 6327 6308
f 6308 6327 6296
f 6256 6301 6197
f 6296 6393 6318
f 6301 6308 6210
f 6301 6210 6197
f 6318 6393 6274
f 6274 6393 6426
f 6197 6210 6211
f 6197 6211 6186
f 6210 6308 6167
f 6274 6426 6361
f 6361 6426 6404
f 6186 6211 6190
f 6186 6190 6104
f 6211 6210 6202
f 6211 6202 6190
f 6202 6210 6167
f 6104 6190 6145
f 6145 6190 6202
f 6104 6145 6101
f 6145 6202 6102
f 6102 6202 6167
f 6101 6145 6091
f 6091 6145 6102
f 6025 6026 6101
f 6101 6091 6012
f 6101 6012 6025
f 6091 6102 5967
f 6091 5967 6012
f 6025 6012 5982
f 6025 5982 5984
f 5984 5982 5926
f 5982 6012 5927
f 5927 6012 5967
f 5926 5982 5915
f 5915 5982 5927
f 5926 5915 5894
f 5926 5894 5862
f 5894 5915 5880
f 5894 5880 5872
f 5894 5872 5848
f 5848 5872 5782
f 5872 5880 5787
f 5872 5787 5782
f 5880 5915 5865
f 5880 5865 5787
f 5865 5915 5927
f 5782 5787 5760
f 5782 5760 5748
f 5787 5865 5734
f 5760 5787 5771
f 5771 5787 5734
f 5748 5760 5741
f 5741 5760 5771
f 5748 5741 5698
f 5698 5741 5641
f 5741 5771 5731
f 5741 5731 5641
f 5731 5771 5736
f 5736 5771 5734
f 5641 5731 5615
f 5615 5731 5736
f 5641 5615 5590
f 5641 5590 5572
f 5572 5590 5531
f 5590 5615 5528
f 5590 5528 5531
f 5615 5736 5561
f 5615 5561 5528
f 5651 5736 5734
f 5736 5651 5561
f 5528 5561 5429
f 5531 5528 5439
f 5439 5528 5429
f 5531 5439 5421
f 5531 5421 5428
f 5421 5439 5354
f 5354 5439 5429
f 5428 5421 5322
f 5322 5421 5354
f 5428 5322 5291
f 5291 5322 5229
f 5354 5429 5345
f 5229 5322 5251
f 5345 5429 5355
f 5229 5251 5210
f 5229 5210 5176
f 5251 5322 5254
f 5254 5322 5354
f 5210 5251 5232
f 5232 5251 5254
f 5176 5210 5170
f 5176 5170 5078
f 5210 5232 5199
f 5210 5199 5170
f 5078 5170 5101
f 5101 5170 5199
f 5078 5101 4965
f 5232 5254 5203
f 5232 5203 5199
f 5203 5254 5263
f 5263 5254 5354
f 5199 5203 5139
f 5199 5139 5101
f 5203 5263 5113
f 5203 5113 5139
f 5263 5354 5270
f 5270 5354 5345
f 5270 5345 5355
f 5263 5270 5195
f 5263 5195 5113
f 5195 5270 5218
f 5218 5270 5355
f 5113 5195 5102
f 5102 5195 5218
f 5059 5139 5113
f 5139 5059 5101
f 5113 5102 5047
f 5113 5047 5059
f 5102 5218 5065
f 5101 5059 4970
f 5101 4970 4949
f 5101 4949 4965
f 4965 4949 4910
f 4910 4949 4831
f 4970 5059 4981
f 4981 5059 5047
f 4949 4970 4942
f 4942 4970 4981
f 4831 4949 4840
f 4840 4949 4942
f 4942 4981 4957
f 4957 4981 5047
f 4942 4957 4879
f 4942 4879 4840
f 4957 5047 4966
f 4831 4840 4781
f 4831 4781 4754
f 4831 4754 4813
f 4813 4754 4682
f 4754 4781 4735
f 4781 4840 4786
f 4781 4786 4735
f 4786 4840 4852
f 4852 4840 4879
f 4735 4786 4745
f 4735 4745 4701
f 4786 4852 4814
f 4786 4814 4745
f 4852 4879 4898
f 4898 4879 4957
f 4898 4957 4966
f 4852 4898 4872
f 4852 4872 4814
f 4898 4966 4896
f 4898 4896 4872
f 4679 4745 4814
f 4745 4679 4660
f 4814 4872 4818
f 4814 4818 4679
f 4660 4679 4633
f 4818 4872 4871
f 4871 4872 4896
f 4679 4818 4756
f 4633 4679 4640
f 4640 4679 4756
f 4633 4640 4566
f 4566 4640 4551
f 4871 4896 4945
f 4945 4896 4966
f 4820 4818 4871
f 4818 4820 4756
f 4871 4945 4856
f 4871 4856 4820
f 4945 4966 5004
f 5004 4966 5047
f 5004 5047 5102
f 5004 5102 5065
f 4945 5004 4967
f 4967 5004 5065
f 4945 4967 4856
f 4856 4967 4858
f 4803 4820 4856
f 4803 4856 4858
f 4820 4803 4715
f 4820 4715 4756
f 4715 4803 4680
f 4756 4715 4647
f 4756 4647 4640
f 4640 4647 4551
f 4647 4715 4629
f 4629 4715 4680
f 4551 4647 4575
f 4575 4647 4629
f 4551 4575 4537
f 4575 4629 4450
f 4537 4575 4479
f 4479 4575 4450
f 4479 4450 4347
f 4479 4347 4523
f 4450 4629 4554
f 4450 4554 4340
f 4554 4629 4680
f 4340 4554 4326
f 4326 4554 4458
f 4326 4458 4434
f 4458 4554 4530
f 4458 4530 4528
f 4530 4554 4611
f 4611 4554 4680
f 4530 4611 4600
f 4600 4611 4706
f 4706 4611 4680
f 4600 4706 4684
f 4684 4706 4764
f 4706 4680 4783
f 4783 4680 4803
f 4764 4706 4788
f 4788 4706 4783
f 4783 4803 4858
f 4783 4858 4788
f 4764 4788 4848
f 4848 4788 4858
f 4848 4858 4929
f 4929 4858 4967
f 4848 4929 4925
f 4848 4925 4892
f 4929 4967 5053
f 4892 4925 5002
f 5053 4967 5065
f 4925 4929 5008
f 5008 4929 5053
f 4925 5008 5002
f 5053 5065 5183
f 5183 5065 5218
f 5008 5053 5121
f 5121 5053 5183
f 5002 5008 5117
f 5117 5008 5121
f 5015 5002 5080
f 5080 5002 5117
f 5183 5218 5304
f 5304 5218 5355
f 5121 5183 5279
f 5279 5183 5304
f 5117 5121 5222
f 5222 5121 5279
f 5080 5117 5144
f 5080 5144 5079
f 5079 5144 5202
f 5144 5117 5250
f 5250 5117 5222
f 5202 5144 5320
f 5320 5144 5250
f 5133 5202 5201
f 5201 5202 5379
f 5379 5202 5320
f 5201 5379 5330
f 5250 5222 5333
f 5333 5222 5279
f 5320 5250 5385
f 5385 5250 5333
f 5379 5320 5391
f 5391 5320 5385
f 5330 5379 5413
f 5330 5413 5369
f 5379 5391 5506
f 5379 5506 5413
f 5369 5413 5433
f 5391 5385 5458
f 5391 5458 5506
f 5458 5385 5502
f 5502 5385 5408
f 5408 5385 5333
f 5458 5502 5624
f 5624 5502 5573
f 5573 5502 5408
f 5458 5624 5629
f 5458 5629 5506
f 5495 5413 5506
f 5413 5495 5584
f 5413 5584 5433
f 5495 5506 5563
f 5495 5563 5584
f 5506 5629 5697
f 5506 5697 5563
f 5433 5584 5636
f 5433 5636 5579
f 5584 5563 5708
f 5584 5708 5636
f 5579 5636 5762
f 5762 5636 5708
f 5579 5762 5669
f 5579 5669 5649
f 5649 5669 5792
f 5792 5669 5762
f 5649 5792 5818
f 5818 5792 5854
f 5818 5854 6019
f 5792 5762 5909
f 5854 5792 6024
f 6024 5792 5909
f 5854 6024 6033
f 5854 6033 6019
f 6024 5909 6073
f 6019 6033 6226
f 6019 6226 6344
f 6344 6226 6398
f 6398 6226 6214
f 6214 6226 6033
f 6398 6214 6404
f 6205 6033 6024
f 6033 6205 6214
f 6214 6205 6404
f 6205 6024 6073
f 6404 6205 6361
f 6361 6205 6073
f 6361 6073 6274
f 6274 6073 6192
f 6274 6192 6318
f 5985 6073 5909
f 6073 5985 6192
f 5985 5909 5843
f 5843 5909 5762
f 5843 5762 5708
f 5985 5843 5910
f 5910 5843 5708
f 5985 5910 6192
f 6242 6318 6192
f 6318 6242 6296
f 6192 5910 6079
f 6192 6079 6242
f 5910 5708 5949
f 5910 5949 6079
f 6296 6242 6253
f 6296 6253 6308
f 6308 6253 6167
f 6253 6242 6128
f 6253 6128 6167
f 6128 6242 6079
f 6167 6128 6082
f 6128 6079 6048
f 6048 6079 5949
f 6128 6048 6082
f 6167 6082 6102
f 6048 5949 5919
f 6048 5919 6082
f 6102 6082 5891
f 5891 6082 5919
f 6102 5891 5967
f 5919 5949 5815
f 5815 5949 5708
f 5815 5708 5563
f 5815 5563 5697
f 5815 5697 5919
f 5891 5919 5820
f 5820 5919 5697
f 5820 5697 5755
f 5820 5755 5891
f 5755 5697 5629
f 5864 5967 5891
f 5864 5891 5755
f 5967 5864 5927
f 5755 5629 5624
f 5864 5755 5693
f 5693 5755 5624
f 5927 5864 5799
f 5799 5864 5693
f 5693 5624 5689
f 5693 5689 5799
f 5927 5799 5814
f 5814 5799 5689
f 5927 5814 5865
f 5865 5814 5734
f 5734 5814 5672
f 5672 5814 5689
f 5734 5672 5651
f 5601 5689 5624
f 5601 5624 5573
f 5672 5689 5632
f 5672 5632 5651
f 5632 5689 5601
f 5601 5573 5408
f 5632 5601 5490
f 5490 5601 5408
f 5651 5632 5532
f 5532 5632 5490
f 5651 5532 5559
f 5651 5559 5561
f 5532 5490 5444
f 5444 5490 5408
f 5559 5532 5465
f 5559 5465 5561
f 5465 5532 5444
f 5561 5465 5429
f 5429 5465 5355
f 5355 5465 5444
f 5444 5408 5353
f 5353 5408 5333
f 5353 5333 5279
f 5444 5353 5348
f 5348 5353 5279
f 5444 5348 5355
f 5348 5279 5304
f 5348 5304 5355
f 4326 4160 4225
f 4326 4225 4340
f 4225 4160 4103
f 4103 4160 4083
f 4103 4083 4016
f 4103 4016 4225
f 4225 4016 4169
f 4225 4169 4340
f 4347 4450 4340
f 4347 4340 4169
f 4347 4169 4338
f 4347 4338 4523
f 4169 4016 3993
f 3993 4016 3843
f 3993 3843 3941
f 4169 3993 4208
f 4169 4208 4338
f 4208 3993 3941
f 4338 4208 4473
f 4208 3941 4116
f 4208 4116 4473
f 4473 4116 4181
f 4473 4181 4486
f 4486 4181 4281
f 4007 4181 3850
f 4181 4007 4281
f 4486 4281 4476
f 4281 4007 3919
f 3919 4007 3706
f 3919 3706 3619
f 4281 3919 4153
f 4281 4153 4249
f 4281 4249 4476
f 4153 3919 4058
f 3919 3619 3890
f 3919 3890 4058
f 4249 4153 4152
f 4152 4153 4058
f 4058 3890 4047
f 4058 4047 4152
f 3890 3619 3687
f 4249 4152 4100
f 4047 3890 3887
f 3887 3890 3687
f 4152 4047 4055
f 4152 4055 4100
f 4047 3887 3935
f 4047 3935 4055
f 3935 3887 3847
f 3847 3887 3687
f 4055 3935 3939
f 3935 3847 3896
f 3935 3896 3939
f 3896 3847 3754
f 3939 3896 3864
f 3864 3896 3754
f 3939 3864 4055
f 3754 3847 3668
f 3668 3847 3687
f 3754 3668 3864
f 3668 3687 3553
f 3864 3668 3650
f 3650 3668 3553
f 3864 3650 3584
f 3757 4055 3864
f 3757 3864 3584
f 4055 3757 4009
f 4055 4009 4100
f 4009 3757 3849
f 4100 4009 3961
f 3961 4009 3849
f 3849 3757 3673
f 3673 3757 3584
f 56 3584 3650
f 56 3650 3553
f 4100 3961 4104
f 3584 56 85
f 4100 4104 4190
f 4100 4190 4249
f 4249 4190 4476
f 4190 4104 4166
f 4166 4104 3961
f 4476 4190 4369
f 4369 4190 4166
f 4476 4369 4483
f 4476 4483 4586
f 4586 4483 4489
f 4483 4369 4395
f 4489 4483 4352
f 4352 4483 4395
f 4395 4369 4289
f 4289 4369 4166
f 4352 4395 4267
f 4267 4395 4289
f 4489 4352 4360
f 4267 4289 4085
f 4085 4289 4166
f 4352 4267 4254
f 4352 4254 4360
f 4267 4085 4093
f 4267 4093 4254
f 4360 4254 4299
f 4299 4254 4088
f 4088 4254 4093
f 4360 4299 4453
f 4088 4093 3960
f 3960 4093 4085
f 4360 4453 4456
f 4360 4456 4489
f 4456 4453 4537
f 4489 4456 4608
f 4608 4456 4537
f 3960 4085 3950
f 3950 4085 4166
f 3950 4166 3961
f 3960 3950 3802
f 3950 3961 3796
f 3950 3796 3802
f 3796 3961 3849
f 3796 3849 3673
f 3796 3673 3802
f 3960 3802 3853
f 3802 3673 3645
f 3802 3645 3853
f 3645 3673 16
f 16 3673 3584
f 3853 3645 7
f 16 3584 85
f 3645 16 72
f 3645 72 7
f 16 85 232
f 72 16 167
f 167 16 232
f 232 85 311
f 72 167 265
f 167 232 410
f 410 232 311
f 167 410 388
f 167 388 265
f 388 410 523
f 523 410 509
f 509 410 311
f 388 523 529
f 221 311 85
f 221 85 56
f 221 56 225
f 311 221 323
f 323 221 225
f 311 323 472
f 311 472 509
f 225 56 3553
f 581 523 509
f 523 581 529
f 581 509 727
f 727 509 658
f 658 509 611
f 611 509 472
f 658 611 762
f 658 762 727
f 581 727 726
f 581 726 529
f 611 472 571
f 726 727 921
f 611 571 735
f 611 735 762
f 727 762 851
f 727 851 921
f 762 735 800
f 851 762 888
f 888 762 800
f 921 851 961
f 961 851 888
f 921 961 1100
f 702 735 571
f 702 571 538
f 538 571 472
f 735 702 842
f 735 842 800
f 702 538 625
f 702 625 842
f 538 472 422
f 422 472 323
f 625 538 487
f 487 538 422
f 842 625 642
f 422 323 348
f 422 348 487
f 348 323 225
f 625 487 447
f 625 447 642
f 447 487 348
f 642 447 316
f 316 447 348
f 316 348 225
f 316 225 262
f 262 225 204
f 262 204 178
f 204 225 3553
f 178 204 118
f 118 204 3553
f 178 118 41
f 41 118 3553
f 178 41 91
f 41 3553 3687
f 91 41 3619
f 3619 41 3687
f 4598 4523 4473
f 4473 4523 4338
f 4598 4473 4486
f 4523 4598 4593
f 4523 4593 4479
f 4479 4593 4537
f 4537 4593 4608
f 4593 4598 4619
f 4593 4619 4608
f 4598 4486 4586
f 4598 4586 4619
f 4619 4586 4608
f 4586 4486 4476
f 4608 4586 4489
f 1058 952 944
f 1058 944 1178
f 1178 944 1346
f 944 952 842
f 842 952 800
f 800 952 941
f 952 1058 1047
f 952 1047 941
f 1058 1178 1161
f 1058 1161 1047
f 1161 1178 1281
f 800 941 942
f 942 941 1047
f 800 942 888
f 1047 1161 1148
f 1047 1148 942
f 1302 1288 1161
f 1161 1288 1148
f 1148 1288 1350
f 1148 1350 1251
f 888 942 1012
f 1012 942 1148
f 888 1012 1063
f 888 1063 961
f 1012 1148 1097
f 1012 1097 1063
f 1097 1148 1251
f 961 1063 1154
f 1154 1063 1097
f 1154 1097 1251
f 1154 1251 1294
f 1154 1294 1316
f 1316 1294 1430
f 961 1154 1100
f 1100 1154 1316
f 1100 1316 1450
f 1100 1450 1205
f 1205 1450 1364
f 1364 1450 1623
f 1364 1623 1395
f 1364 1395 1229
f 1364 1229 1205
f 1229 1395 1339
f 1339 1395 1455
f 1205 1229 1099
f 914 1100 1205
f 1100 914 921
f 921 914 726
f 914 1205 958
f 958 1205 1099
f 726 914 761
f 761 914 958
f 726 761 529
f 1163 1099 1229
f 1163 1229 1339
f 958 1099 977
f 977 1099 1163
f 958 977 761
f 1163 1339 1135
f 1163 1135 977
f 1135 1339 1171
f 1171 1339 1455
f 977 1135 1030
f 1030 1135 1171
f 1171 1455 1266
f 1266 1455 1407
f 1266 1407 1267
f 1267 1407 1303
f 1266 1267 1236
f 1171 1266 1137
f 1137 1266 1236
f 1171 1137 1030
f 1137 1236 1119
f 1119 1236 1222
f 1119 1222 1122
f 1119 1122 1040
f 1119 1040 1137
f 1030 1137 1044
f 1044 1137 1040
f 1030 1044 934
f 1030 934 977
f 1044 1040 956
f 1044 956 934
f 956 1040 923
f 923 1040 1004
f 977 934 806
f 977 806 761
f 934 956 859
f 956 923 862
f 956 862 859
f 862 923 830
f 830 923 883
f 830 883 780
f 830 780 772
f 772 780 714
f 830 772 794
f 830 794 862
f 794 772 714
f 763 859 862
f 763 862 794
f 807 934 859
f 807 859 763
f 934 807 806
f 763 794 706
f 763 706 807
f 706 794 714
f 806 807 737
f 737 807 706
f 806 737 761
f 761 737 603
f 761 603 529
f 603 737 622
f 622 737 706
f 529 603 466
f 529 466 388
f 388 466 265
f 466 603 498
f 466 498 265
f 498 603 622
f 622 706 558
f 622 558 498
f 498 558 354
f 498 354 265
f 558 706 563
f 354 558 473
f 473 558 563
f 265 354 177
f 265 177 72
f 72 177 7
f 177 354 299
f 299 354 473
f 177 299 161
f 177 161 7
f 161 299 292
f 299 473 433
f 299 433 292
f 433 473 492
f 527 473 563
f 473 527 492
f 527 563 648
f 648 563 706
f 648 706 714
f 527 648 582
f 527 582 492
f 648 714 666
f 648 666 582
f 666 714 681
f 666 681 588
f 666 588 582
f 582 588 530
f 582 530 492
f 530 588 514
f 530 514 459
f 530 459 492
f 459 514 444
f 492 459 405
f 492 405 433
f 459 444 373
f 459 373 405
f 373 444 273
f 433 405 292
f 405 373 306
f 405 306 292
f 373 273 271
f 373 271 306
f 271 273 213
f 213 273 217
f 306 271 249
f 306 249 292
f 249 271 213
f 292 249 175
f 292 175 161
f 249 213 174
f 249 174 175
f 213 217 108
f 213 108 174
f 108 217 136
f 108 136 31
f 174 108 23
f 23 108 31
f 175 174 107
f 107 174 23
f 73 161 175
f 73 175 107
f 161 73 7
f 107 23 3542
f 107 3542 73
f 7 73 3570
f 3570 73 3542
f 7 3570 3749
f 7 3749 3853
f 3853 3749 3866
f 3866 3749 3831
f 3749 3570 3624
f 3624 3570 3542
f 3831 3749 3779
f 3831 3779 3829
f 3749 3624 3678
f 3749 3678 3779
f 3624 3542 3614
f 3624 3614 3678
f 3614 3542 3590
f 3590 3542 23
f 3678 3614 3617
f 3617 3614 3590
f 3590 23 3565
f 3590 3565 3617
f 3565 23 31
f 3678 3617 3656
f 3678 3656 3779
f 3617 3565 3576
f 3576 3565 31
f 3617 3576 3656
f 3576 31 3582
f 3582 31 65
f 3576 3582 3647
f 3576 3647 3656
f 3647 3582 3636
f 3647 3636 3698
f 3647 3698 3656
f 3698 3636 3682
f 3698 3682 3738
f 3698 3738 3726
f 3698 3726 3656
f 3726 3738 3787
f 3656 3726 3770
f 3770 3726 3787
f 3656 3770 3779
f 3770 3787 3829
f 3770 3829 3779
f 1346 1281 1178
f 1281 1346 1752
f 1302 1161 1281
f 1281 1752 1456
f 1281 1456 1302
f 1456 1752 1749
f 1302 1456 1370
f 1302 1370 1288
f 1288 1370 1385
f 1288 1385 1350
f 1370 1456 1475
f 1370 1475 1385
f 1475 1456 1664
f 1664 1456 1749
f 1385 1475 1477
f 1385 1477 1350
f 1984 1749 1752
f 1477 1475 1692
f 1692 1475 1664
f 1350 1477 1397
f 1350 1397 1251
f 1477 1692 1597
f 1477 1597 1397
f 1251 1397 1398
f 1398 1397 1597
f 1251 1398 1294
f 1294 1398 1430
f 1398 1597 1713
f 1430 1398 1506
f 1506 1398 1713
f 1430 1506 1625
f 1430 1625 1316
f 1713 1597 1728
f 1728 1597 1692
f 1713 1728 1852
f 1728 1692 1724
f 1724 1692 1664
f 1728 1724 1853
f 1728 1853 1852
f 1724 1664 1799
f 1724 1799 1853
f 1799 1664 1785
f 1785 1664 1749
f 1785 1749 1896
f 1785 1896 1799
f 1896 1749 1984
f 1853 1799 1953
f 1953 1799 1896
f 1853 1953 2057
f 1853 2057 1852
f 1953 1896 2010
f 1953 2010 2057
f 1896 1984 2043
f 1896 2043 2010
f 2043 1984 2089
f 2089 1984 2153
f 2010 2043 2148
f 2089 2153 2219
f 2043 2089 2132
f 2043 2132 2148
f 2132 2089 2219
f 2219 2153 2279
f 2010 2148 2126
f 2010 2126 2057
f 2148 2132 2254
f 2148 2254 2126
f 2219 2279 2333
f 2333 2279 2435
f 2333 2435 2448
f 2219 2333 2217
f 2219 2217 2132
f 2333 2448 2371
f 2333 2371 2217
f 2132 2217 2242
f 2132 2242 2254
f 2242 2217 2371
f 2371 2448 2460
f 2460 2448 2627
f 2242 2371 2341
f 2371 2460 2475
f 2371 2475 2341
f 2460 2627 2587
f 2460 2587 2475
f 2587 2627 2671
f 2341 2475 2421
f 2421 2475 2587
f 2242 2341 2317
f 2317 2341 2421
f 2242 2317 2254
f 2317 2421 2463
f 2254 2317 2305
f 2254 2305 2126
f 2305 2317 2403
f 2403 2317 2463
f 2126 2305 2250
f 2250 2305 2403
f 2126 2250 2189
f 2126 2189 2057
f 2250 2403 2335
f 2057 2189 2076
f 2057 2076 1852
f 2189 2250 2220
f 2189 2220 2076
f 2220 2250 2335
f 1852 2076 2068
f 2068 2076 2220
f 2449 2335 2403
f 2449 2403 2463
f 2220 2335 2269
f 2220 2269 2068
f 2335 2449 2481
f 2481 2449 2463
f 2269 2335 2439
f 2439 2335 2481
f 2481 2463 2548
f 2481 2548 2439
f 1904 1852 2068
f 1852 1904 1713
f 1713 1904 1506
f 1904 2068 2002
f 1506 1904 1731
f 1731 1904 2002
f 1506 1731 1625
f 1625 1731 1965
f 1965 1731 2002
f 2002 2068 2199
f 2199 2068 2269
f 2002 2199 2156
f 2199 2269 2367
f 2367 2269 2439
f 2199 2367 2289
f 2199 2289 2156
f 1965 2002 2003
f 2003 2002 2156
f 2003 2156 2117
f 1965 2003 1915
f 2003 2117 2059
f 2003 2059 1915
f 2059 2117 2125
f 2125 2117 2156
f 2059 2125 2077
f 2059 2077 1952
f 2059 1952 1915
f 2125 2156 2307
f 2307 2156 2289
f 2125 2307 2133
f 2307 2289 2374
f 2374 2289 2367
f 2307 2374 2426
f 2426 2374 2442
f 2426 2442 2489
f 2374 2367 2424
f 2374 2424 2442
f 2442 2424 2489
f 2424 2367 2439
f 2489 2424 2518
f 2518 2424 2439
f 2489 2518 2498
f 2518 2439 2548
f 2498 2518 2581
f 2518 2548 2617
f 2518 2617 2581
f 2617 2548 2551
f 2581 2617 2648
f 2648 2617 2551
f 2581 2648 2640
f 2581 2640 2570
f 2640 2648 2683
f 2640 2683 2658
f 2648 2551 2669
f 2648 2669 2683
f 2506 2551 2548
f 2506 2548 2463
f 2506 2463 2421
f 2506 2421 2587
f 2506 2587 2551
f 2551 2587 2669
f 2669 2587 2693
f 2693 2587 2671
f 2693 2671 2753
f 2693 2753 2799
f 2669 2693 2731
f 2669 2731 2683
f 2693 2799 2763
f 2693 2763 2731
f 2763 2799 2804
f 2683 2731 2752
f 2752 2731 2763
f 2752 2763 2804
f 2683 2752 2658
f 2658 2752 2716
f 2716 2752 2804
f 2716 2804 2782
f 3331 3357 3418
f 3418 3357 3487
f 3418 3487 3446
f 3357 3331 3173
f 3418 3446 3343
f 3418 3343 3331
f 3173 3331 3212
f 3331 3343 3275
f 3331 3275 3212
f 3275 3343 3124
f 3275 3124 3121
f 3275 3121 3212
f 3121 3124 3062
f 3212 3121 3116
f 3116 3121 3062
f 3212 3116 3137
f 3116 3062 3091
f 3116 3091 3137
f 6873 6843 6833
f 6847 6833 6731
f 6833 6843 6752
f 6833 6752 6731
f 6731 6752 6580
f 6731 6580 6559
f 6752 6843 6709
f 6559 6580 6354
f 6559 6354 6402
f 6580 6752 6604
f 6604 6752 6709
f 6354 6580 6416
f 6416 6580 6604
f 6402 6354 6141
f 6402 6141 6118
f 6354 6416 6139
f 6354 6139 6141
f 6118 6141 5772
f 6118 5772 5877
f 6141 6139 5807
f 6141 5807 5772
f 6139 6416 6397
f 6397 6416 6604
f 5877 5772 5621
f 5877 5621 5837
f 5837 5621 5534
f 5621 5772 5420
f 5534 5621 5390
f 5390 5621 5420
f 5534 5390 5125
f 5534 5125 5363
f 5363 5125 5100
f 5420 5772 5521
f 5390 5420 5227
f 5390 5227 5125
f 5227 5420 5521
f 5521 5772 5807
f 5100 5125 4841
f 5125 5227 4907
f 5125 4907 4841
f 5100 4841 4759
f 5100 4759 4900
f 4900 4759 4774
f 4774 4759 4605
f 4774 4605 4696
f 4759 4841 4648
f 4759 4648 4605
f 4648 4841 4583
f 4583 4841 4907
f 4605 4648 4437
s 0
f 4437 4648 4583
s 1
f 4605 4437 4244
f 4437 4583 4049
f 4437 4049 4244
f 4583 4907 4700
f 4583 4700 4415
f 4583 4415 4174
f 4583 4174 4049
f 4174 4415 4394
f 4394 4415 4700
f 4049 4174 4079
f 4079 4174 4161
f 4161 4174 4394
f 4049 4079 4031
f 4079 4161 4032
f 4079 4032 4031
f 4161 4394 4245
f 4032 4161 4098
f 4098 4161 4245
f 4049 4031 3897
f 4031 4032 3867
f 4031 3867 3897
f 4049 3897 3965
f 3897 3867 3664
f 3897 3664 3965
f 4049 3965 4244
f 4244 3965 4062
f 3867 4032 3694
f 3664 3867 9
f 9 3867 3694
f 3965 3664 3638
f 9 3694 64
f 9 64 159
f 3694 4032 3763
f 9 159 87
f 9 87 3664
f 64 3694 3679
f 3679 3694 3763
f 64 3679 54
f 3763 4032 4098
f 3664 87 121
f 3664 121 3638
f 268 87 159
f 87 268 121
f 268 159 423
f 268 423 368
f 268 368 121
f 368 423 624
f 121 368 389
f 121 389 133
f 121 133 3638
f 133 389 144
f 3638 133 3560
f 3560 133 144
f 3638 3560 3736
f 3560 144 58
f 58 144 169
f 58 169 115
f 58 115 3550
f 58 3550 3615
f 58 3615 3560
f 3615 3550 3696
f 3764 3736 3560
f 3764 3560 3615
f 3936 3638 3736
f 3936 3736 3764
f 3638 3936 3965
f 3615 3696 3830
f 3615 3830 3764
f 3830 3696 3815
f 3965 3936 4062
f 3936 3764 3945
f 3945 3764 3830
f 3936 3945 4062
f 3830 3815 3951
f 3830 3951 3945
f 3951 3815 3886
f 3945 3951 4075
f 3945 4075 4062
f 4075 3951 4037
f 4195 4075 4134
f 4075 4195 4149
f 4075 4149 4062
f 4149 4195 4271
f 4062 4149 4275
f 4275 4149 4271
f 4062 4275 4244
f 4275 4271 4349
f 4244 4275 4371
f 4371 4275 4349
f 4244 4371 4605
f 4371 4349 4423
f 4371 4423 4605
f 6741 6843 6798
f 6843 6741 6709
f 6741 6798 6719
f 6709 6741 6636
f 6636 6741 6719
f 6719 6798 6747
f 6709 6636 6604
f 6636 6719 6546
f 6636 6546 6604
f 6719 6747 6650
f 6719 6650 6546
f 6650 6747 6656
f 6604 6546 6418
f 6604 6418 6397
f 6546 6650 6554
f 6546 6554 6418
f 6650 6656 6620
f 6650 6620 6554
f 6620 6656 6605
f 6620 6605 6457
f 6620 6457 6554
f 6457 6605 6535
f 6418 6554 6368
f 6368 6554 6457
f 6297 6397 6418
f 6297 6418 6368
f 6397 6297 6139
f 6139 6297 6087
f 6139 6087 5807
f 6297 6368 6126
f 6297 6126 6087
f 5807 6087 5911
f 5911 6087 6126
f 5807 5911 5578
f 5807 5578 5521
f 5578 5911 5564
f 5521 5578 5467
f 5467 5578 5564
f 5521 5467 5227
f 5564 5911 5838
f 5838 5911 6126
f 5467 5564 5316
f 5227 5467 5256
f 5256 5467 5316
f 5227 5256 5050
f 5227 5050 4907
f 4907 5050 4700
f 5050 5256 4979
f 5050 4979 4700
f 4979 5256 5179
f 5179 5256 5316
f 4700 4979 4864
f 4979 5179 5075
f 4979 5075 4864
f 4700 4864 4628
f 4700 4628 4394
f 4864 5075 5020
f 4864 5020 4628
f 5075 5179 5168
f 5075 5168 5020
f 5253 5179 5316
f 5179 5253 5168
f 4394 4628 4406
f 4394 4406 4245
f 4406 4628 4563
f 4245 4406 4384
f 4784 4628 5020
f 4628 4784 4563
f 4784 5020 4923
f 4384 4406 4444
f 4444 4406 4563
f 4245 4384 4226
f 4563 4784 4741
f 4384 4444 4470
f 4444 4563 4595
f 4444 4595 4470
f 4595 4563 4718
f 4718 4563 4741
f 4741 4784 4891
f 4891 4784 4923
f 4718 4741 4807
f 4741 4891 4950
f 4741 4950 4807
f 4891 4923 5031
f 4891 5031 4950
f 5031 4923 5035
f 4950 5031 5038
f 5035 4923 5055
f 5055 4923 5020
f 5031 5035 5147
f 5147 5035 5055
f 5031 5147 5122
f 5031 5122 5038
f 5147 5055 5208
f 5055 5020 5135
f 5055 5135 5208
f 5135 5020 5168
f 5135 5168 5233
f 5135 5233 5208
f 5233 5168 5241
f 5241 5168 5253
f 5208 5233 5338
f 5233 5241 5327
f 5233 5327 5338
f 5241 5253 5375
f 5241 5375 5327
f 5327 5375 5542
f 5327 5542 5338
f 5375 5253 5470
f 5286 5147 5208
f 5147 5286 5122
f 5336 5208 5338
f 5208 5336 5286
f 5122 5286 5313
f 5286 5336 5462
f 5286 5462 5313
f 5336 5338 5410
f 5336 5410 5462
f 5410 5338 5455
f 5455 5338 5542
f 5410 5455 5515
f 5410 5515 5462
f 5515 5455 5661
f 5462 5515 5640
f 5640 5515 5661
f 5455 5542 5625
f 5455 5625 5661
f 5462 5640 5580
f 5625 5542 5692
f 5661 5625 5702
f 5702 5625 5692
f 5692 5542 5577
f 5577 5542 5375
f 5577 5375 5470
f 5692 5577 5721
f 5721 5577 5470
f 5702 5692 5812
f 5812 5692 5721
f 5796 5661 5702
f 5702 5812 5805
f 5702 5805 5796
f 5661 5796 5704
f 5661 5704 5640
f 5640 5704 5698
f 5640 5698 5580
f 5698 5704 5748
f 5580 5698 5641
f 5580 5641 5572
f 5748 5704 5848
f 5848 5704 5796
f 5748 5848 5782
f 5848 5796 5862
f 5848 5862 5894
f 5862 5796 5805
f 5580 5572 5522
f 5522 5572 5531
f 5522 5531 5428
f 5580 5522 5474
f 5580 5474 5462
f 5522 5428 5387
f 5522 5387 5474
f 5462 5474 5313
f 5313 5474 5387
f 5387 5428 5291
f 5313 5387 5302
f 5302 5387 5291
f 5313 5302 5223
f 5223 5302 5291
f 5313 5223 5122
f 5223 5291 5196
f 5196 5291 5229
f 5196 5229 5176
f 5122 5223 5108
f 5108 5223 5196
f 5122 5108 5038
f 5108 5196 5082
f 5082 5196 5176
f 5108 5082 5038
f 5082 5176 5070
f 5070 5176 5078
f 5038 5082 4961
f 5082 5070 4986
f 5082 4986 4961
f 5070 5078 5012
f 5070 5012 4986
f 5012 5078 4963
f 4963 5078 4965
f 4986 5012 4921
f 4921 5012 4963
f 4963 4965 4910
f 4986 4921 4863
f 4986 4863 4961
f 4921 4963 4904
f 4904 4963 4910
f 4921 4904 4863
f 4831 4813 4910
f 4910 4813 4739
f 4910 4739 4904
f 4739 4813 4682
f 4863 4904 4727
f 4727 4904 4739
f 4739 4682 4621
f 4621 4682 4663
f 4621 4663 4655
f 4621 4655 4570
f 4739 4621 4636
f 4739 4636 4727
f 4621 4570 4584
f 4621 4584 4636
f 4550 4487 4570
f 4727 4636 4689
f 4636 4584 4573
f 4636 4573 4689
f 4584 4570 4494
f 4494 4570 4487
f 4573 4584 4488
f 4488 4584 4494
f 4494 4487 4449
f 4449 4487 4443
f 4449 4443 4348
f 4494 4449 4451
f 4494 4451 4488
f 4449 4348 4414
f 4449 4414 4451
f 4414 4348 4313
f 4313 4348 4295
f 4451 4414 4391
f 4391 4414 4313
f 4313 4295 4276
f 4451 4391 4439
f 4451 4439 4488
f 4276 4295 4228
f 4313 4276 4261
f 4261 4276 4228
f 4391 4313 4305
f 4305 4313 4261
f 4439 4391 4372
f 4372 4391 4305
f 4445 4488 4439
f 4445 4439 4372
f 4488 4445 4539
f 4488 4539 4573
f 4305 4261 4297
f 4305 4297 4372
f 4445 4372 4470
f 4445 4470 4539
f 4573 4539 4689
f 4470 4372 4342
f 4342 4372 4297
f 4470 4342 4384
f 4539 4470 4589
f 4589 4470 4595
f 4539 4589 4654
f 4654 4589 4595
f 4539 4654 4689
f 4654 4595 4718
f 4384 4342 4226
f 4654 4718 4762
f 4654 4762 4689
f 4762 4718 4807
f 4226 4342 4284
f 4284 4342 4297
f 4226 4284 4202
f 4202 4284 4297
f 4226 4202 4162
f 4226 4162 4245
f 4245 4162 4098
f 4202 4297 4201
f 4201 4297 4261
f 4162 4202 4111
f 4111 4202 4201
f 4098 4162 4020
f 4020 4162 4111
f 4201 4261 4194
f 4194 4261 4228
f 4111 4201 4114
f 4114 4201 4194
f 4111 4114 4020
f 4194 4228 4165
f 4165 4228 4155
f 4114 4194 4132
f 4132 4194 4165
f 4020 4114 4043
f 4043 4114 4132
f 4132 4165 4064
f 4132 4064 4043
f 4165 4155 4092
f 4165 4092 4064
f 4092 4155 4026
f 4064 4092 3983
f 3983 4092 4026
f 4043 4064 3933
f 3983 4026 3920
f 3920 4026 4022
f 4064 3983 3906
f 4064 3906 3933
f 3983 3920 3902
f 3983 3902 3906
f 4043 3933 3947
f 4043 3947 4020
f 3933 3906 3842
f 3842 3906 3902
f 3947 3933 3832
f 3832 3933 3842
f 4020 3947 3910
f 4020 3910 4098
f 4098 3910 3763
f 3910 3947 3819
f 3819 3947 3832
f 3763 3910 3768
f 3768 3910 3819
f 3763 3768 3679
f 3819 3832 3758
f 3758 3832 3842
f 3768 3819 3724
f 3724 3819 3758
f 3679 3768 3662
f 3662 3768 3724
f 3679 3662 54
f 54 3662 37
f 3662 3724 3622
f 3662 3622 37
f 3724 3758 3671
f 3724 3671 3622
f 37 3622 3612
f 3612 3622 3671
f 37 3612 24
f 24 3612 3552
f 3671 3758 3773
f 3773 3758 3842
f 3612 3671 3703
f 3703 3671 3773
f 3552 3612 3652
f 3652 3612 3703
f 3552 3652 3621
f 3552 3621 3568
f 3568 3621 3636
f 3568 3636 3582
f 3636 3621 3682
f 3682 3621 3652
f 3682 3652 3719
f 3719 3652 3703
f 3682 3719 3741
f 3741 3719 3781
f 3719 3703 3809
f 3809 3703 3773
f 3719 3809 3781
f 3809 3773 3842
f 3781 3809 3868
f 3781 3868 3812
f 3809 3842 3857
f 3809 3857 3868
f 3857 3842 3902
f 3857 3902 3920
f 3857 3920 3868
f 3868 3920 3928
f 6429 6535 6485
f 6429 6485 6433
f 6535 6429 6457
f 6429 6433 6380
f 6429 6380 6457
f 6380 6433 6409
f 6380 6409 6328
f 6301 6256 6328
f 6380 6328 6254
f 6254 6328 6256
f 6457 6380 6262
f 6262 6380 6254
f 6457 6262 6272
f 6457 6272 6368
f 6368 6272 6126
f 6272 6262 6133
f 6272 6133 6126
f 6262 6254 6176
f 6262 6176 6133
f 6187 6254 6256
f 6187 6256 6197
f 6187 6197 6186
f 6254 6187 6123
f 6254 6123 6176
f 6187 6186 6161
f 6187 6161 6123
f 6161 6186 6104
f 6123 6161 6096
f 6161 6104 6081
f 6161 6081 6096
f 6081 6104 6026
f 6026 6104 6101
f 6055 6176 6123
f 6055 6123 6096
f 6176 6055 6049
f 6096 6081 6010
f 6096 6010 6055
f 6010 6081 5976
f 5976 6081 6026
f 6055 6010 5930
f 6055 5930 6049
f 6010 5976 5925
f 6010 5925 5930
f 5976 6026 5805
f 5976 5805 5812
f 5976 5812 5925
f 5805 6026 5862
f 5862 6026 5984
f 5984 6026 6025
f 5862 5984 5926
f 5925 5812 5721
f 5925 5721 5930
f 5930 5721 5730
f 5930 5730 6049
f 5730 5721 5605
f 5605 5721 5470
f 6049 5730 5860
f 5860 5730 5605
f 6049 5860 5943
f 6049 5943 6133
f 6049 6133 6176
f 5943 5860 5990
f 5943 5990 6133
f 5990 5860 5605
f 6133 5990 6042
f 6133 6042 6126
f 6126 6042 5838
f 6042 5990 5834
f 6042 5834 5838
f 5834 5990 5605
f 5838 5834 5564
f 5564 5834 5569
f 5569 5834 5605
f 5564 5569 5316
f 5569 5605 5484
f 5484 5605 5470
f 5316 5569 5368
f 5368 5569 5484
f 5368 5484 5470
f 5316 5368 5253
f 5253 5368 5470
f 4537 4453 4551
f 4551 4453 4566
f 4566 4453 4452
f 4566 4452 4533
f 4566 4533 4633
f 4452 4453 4368
f 4633 4533 4588
f 4368 4453 4299
f 4633 4588 4660
f 4368 4299 4263
f 4263 4299 4088
f 4368 4263 4328
f 4452 4368 4413
f 4413 4368 4328
f 4452 4413 4461
f 4452 4461 4533
f 4461 4413 4418
f 4418 4413 4328
f 4533 4461 4507
f 4533 4507 4588
f 4461 4418 4389
f 4461 4389 4507
f 4418 4328 4353
f 4418 4353 4389
f 4198 4328 4263
f 4198 4263 4088
f 4353 4328 4248
f 4248 4328 4198
f 4353 4248 4302
f 4353 4302 4389
f 4248 4198 4191
f 4302 4248 4256
f 4256 4248 4191
f 4302 4256 4306
f 4302 4306 4389
f 4086 4198 4088
f 4198 4086 4191
f 4086 4088 3968
f 4191 4086 4072
f 4072 4086 3968
f 4182 4256 4191
f 4191 4072 4094
f 4191 4094 4182
f 4256 4182 4229
f 4256 4229 4306
f 4182 4094 4102
f 4182 4102 4229
f 4094 4072 4038
f 4094 4038 4102
f 4038 4072 3987
f 3987 4072 3968
f 4306 4229 4262
f 4229 4102 4164
f 4229 4164 4262
f 4164 4102 4155
f 4164 4155 4262
f 4155 4102 4026
f 4262 4155 4228
f 4262 4228 4295
f 4026 4102 4022
f 4022 4102 4038
f 4262 4295 4322
f 4262 4322 4306
f 4322 4295 4348
f 4322 4348 4401
f 4401 4348 4443
f 4306 4322 4407
f 4407 4322 4401
f 4407 4401 4443
f 4306 4407 4389
f 4389 4407 4455
f 4455 4407 4443
f 4389 4455 4507
f 4507 4455 4499
f 4507 4499 4588
f 4455 4443 4497
f 4455 4497 4499
f 4497 4443 4487
f 4497 4487 4550
f 4499 4497 4541
f 4499 4541 4588
f 4541 4497 4550
f 4588 4541 4630
f 4588 4630 4660
f 4660 4630 4745
f 4745 4630 4701
f 4630 4541 4615
f 4630 4615 4701
f 4615 4541 4550
f 4701 4615 4655
f 4655 4615 4550
f 4655 4550 4570
f 4701 4655 4735
f 4735 4655 4663
f 4735 4663 4754
f 4754 4663 4682
f 3853 3934 3960
f 3960 3934 4088
f 3934 3853 3866
f 4088 3934 3968
f 3934 3866 3898
f 3934 3898 3968
f 3898 3866 3831
f 3898 3831 3829
f 3968 3898 3870
f 3870 3898 3829
f 3870 3829 3787
f 3968 3870 3987
f 3870 3787 3835
f 3870 3835 3987
f 3835 3787 3738
f 3987 3835 3889
f 3835 3738 3812
f 3835 3812 3889
f 3812 3738 3741
f 3741 3738 3682
f 3812 3741 3781
f 3889 3812 3868
f 3889 3868 3928
f 3987 3889 3949
f 3949 3889 3928
f 3987 3949 4038
f 4038 3949 4022
f 4022 3949 3928
f 4022 3928 3920
f 4785 4863 4727
f 4785 4727 4689
f 4785 4689 4762
f 4863 4785 4861
f 4861 4785 4762
f 4863 4861 4961
f 4861 4762 4807
f 4961 4861 4912
f 4912 4861 4807
f 4961 4912 5038
f 4912 4807 4950
f 4912 4950 5038
f 65 3568 3582
f 3568 65 46
f 3568 46 3552
f 3552 46 24
f 31 136 65
f 65 136 117
f 65 117 46
f 117 136 217
f 24 46 114
f 114 46 117
f 117 217 189
f 117 189 114
f 189 217 273
f 24 114 120
f 114 189 171
f 114 171 120
f 24 120 37
f 171 189 216
f 171 216 120
f 189 273 266
f 189 266 216
f 37 120 126
f 37 126 54
f 120 216 235
f 120 235 126
f 235 216 312
f 312 216 266
f 126 235 214
f 351 266 273
f 351 273 444
f 214 235 304
f 304 235 312
f 126 214 236
f 236 214 304
f 141 54 126
f 141 126 236
f 54 141 64
f 64 141 159
f 159 141 333
f 333 141 236
f 159 333 423
f 423 333 696
f 696 333 635
f 696 635 748
f 748 635 746
f 748 746 808
f 635 333 534
f 635 534 746
f 534 333 337
f 337 333 236
f 337 236 349
f 349 236 304
f 534 337 516
f 516 337 349
f 746 534 599
f 599 534 516
f 746 599 767
f 746 767 820
f 746 820 808
f 767 599 682
f 808 820 931
f 808 931 894
f 820 767 835
f 820 835 931
f 835 767 682
f 682 599 601
f 601 599 516
f 835 682 799
f 682 601 627
f 682 627 799
f 601 516 467
f 601 467 627
f 467 516 349
f 467 349 385
f 385 349 304
f 627 467 457
f 457 467 385
f 385 304 380
f 385 380 457
f 380 304 312
f 457 380 458
f 458 380 312
f 627 457 536
f 536 457 458
f 458 312 434
f 434 312 266
f 458 434 488
f 458 488 536
f 434 266 427
f 434 427 488
f 427 266 351
f 427 351 444
f 427 444 496
f 427 496 488
f 496 444 514
f 488 496 547
f 547 496 514
f 488 547 536
f 547 514 588
f 547 588 681
f 536 547 764
f 764 547 681
f 764 681 780
f 780 681 714
f 536 764 728
f 536 728 627
f 764 780 917
f 764 917 728
f 917 780 883
f 627 728 799
f 917 883 1004
f 1004 883 923
f 728 917 903
f 728 903 799
f 903 917 1004
f 799 903 928
f 799 928 835
f 835 928 931
f 931 928 1025
f 931 1025 992
f 928 903 1024
f 928 1024 1025
f 1024 903 1004
f 1025 1024 1130
f 1130 1024 1153
f 1153 1024 1004
f 1153 1004 1122
f 1122 1004 1040
f 1153 1122 1258
f 1258 1122 1222
f 1258 1222 1303
f 1303 1222 1236
f 1303 1236 1267
f 1504 1450 1316
f 1504 1316 1580
f 1580 1316 1625
f 1450 1504 1742
f 1450 1742 1623
f 1504 1580 1862
f 1504 1862 1742
f 1580 1625 1763
f 1580 1763 1862
f 1763 1625 1965
f 1763 1965 1915
f 1763 1915 1862
f 1862 1915 1952
f 1862 1952 1780
f 1862 1780 1742
f 1742 1780 1695
f 1742 1695 1623
f 1695 1780 1650
f 1623 1695 1395
f 1695 1650 1455
f 1695 1455 1395
f 1563 1455 1650
f 1455 1563 1407
f 1407 1563 1391
f 1407 1391 1303
f 1303 1391 1258
f 1391 1563 1611
f 1611 1563 1650
f 1258 1391 1377
f 1258 1377 1153
f 1391 1611 1569
f 1391 1569 1377
f 1611 1650 1765
f 1765 1650 1780
f 1611 1765 1699
f 1611 1699 1569
f 1765 1780 1878
f 1878 1780 1952
f 1699 1765 1825
f 1825 1765 1878
f 1878 1952 1990
f 1878 1990 1825
f 1990 1952 2077
f 1699 1825 1858
f 1825 1990 1943
f 1825 1943 1858
f 1990 2077 2133
f 2133 2077 2125
f 1943 1990 2075
f 2075 1990 2133
f 1943 2075 2088
f 1943 2088 1858
f 2075 2133 2273
f 2075 2273 2088
f 2273 2133 2286
f 2286 2133 2307
f 2088 2273 2164
f 2088 2164 1858
f 2286 2307 2353
f 2286 2353 2273
f 2353 2307 2426
f 2273 2353 2344
f 2344 2353 2426
f 2273 2344 2164
f 2344 2426 2456
f 2164 2344 2293
f 2456 2426 2498
f 2498 2426 2489
f 2344 2456 2398
f 2398 2456 2498
f 2344 2398 2293
f 2398 2498 2539
f 2539 2498 2581
f 2539 2581 2570
f 2398 2539 2504
f 2504 2539 2570
f 2398 2504 2381
f 2398 2381 2293
f 2504 2570 2557
f 2381 2504 2420
f 2420 2504 2557
f 2557 2570 2658
f 2658 2570 2640
f 2557 2658 2615
f 2615 2658 2716
f 2557 2615 2503
f 2557 2503 2420
f 2615 2716 2661
f 2661 2716 2782
f 2503 2615 2510
f 2510 2615 2661
f 2420 2503 2389
f 2389 2503 2510
f 2661 2782 2697
f 2697 2782 2847
f 2661 2697 2593
f 2661 2593 2510
f 2697 2847 2739
f 2697 2739 2593
f 2739 2847 2828
f 2828 2847 2924
f 2593 2739 2632
f 2593 2632 2510
f 2510 2632 2538
f 2510 2538 2355
f 2510 2355 2389
f 2355 2538 2443
f 2389 2355 2308
f 2389 2308 2420
f 2355 2443 2106
f 2355 2106 2308
f 2106 2443 2262
f 2106 2262 2129
f 2420 2308 2298
f 2420 2298 2381
f 2381 2298 2293
f 2298 2308 2169
f 2169 2308 2106
f 2293 2298 2146
f 2146 2298 2169
f 2293 2146 1992
f 1992 2146 2169
f 2293 1992 2164
f 2164 1992 1858
f 1992 2169 1864
f 1864 2169 2106
f 1858 1992 1645
f 1858 1645 1699
f 1699 1645 1569
f 1645 1992 1770
f 1770 1992 1864
f 1569 1645 1491
f 1491 1645 1770
f 1770 1864 1570
f 1570 1864 2106
f 1491 1770 1366
f 1366 1770 1570
f 1569 1491 1357
f 1569 1357 1377
f 1491 1366 1298
f 1491 1298 1357
f 1366 1570 1227
f 1570 2106 1607
f 1570 1607 1227
f 1607 2106 2129
f 1377 1357 1239
f 1377 1239 1153
f 1153 1239 1130
f 1239 1357 1217
f 1239 1217 1130
f 1217 1357 1298
f 1130 1217 1111
f 1130 1111 1025
f 1025 1111 992
f 1111 1217 1065
f 1065 1217 1298
f 992 1111 981
f 981 1111 1065
f 1065 1298 1091
f 1065 1091 981
f 1091 1298 1366
f 1091 1366 1227
f 992 981 894
f 992 894 931
f 981 1091 892
f 981 892 894
f 1091 1227 1083
f 1091 1083 892
f 808 894 748
f 748 894 696
f 696 894 892
f 892 1083 932
f 892 932 696
f 1083 1227 1056
f 1083 1056 932
f 1056 1227 1321
f 1321 1227 1607
f 932 1056 972
f 972 1056 1321
f 696 932 759
f 759 932 972
f 696 759 423
f 423 759 624
f 624 759 754
f 754 759 972
f 754 972 1352
f 1585 1321 1607
f 1321 1585 972
f 1585 1607 2129
f 1585 2129 1995
f 972 1585 1406
f 1406 1585 1995
f 972 1406 1352
f 1406 1995 1834
f 1406 1834 1352
